09.01.2023 20:58:35 - 41535 - Z-Sensor not calibrated
	Description : 
	Time        : 21:00:55.91
	ActionType  : Measure
	MachineMode : Manu
	MachineState: Active
	Object      : Gesim.GsZSensor(ZSensor)
	PLC Object  : FB_ComplexAction
	PLC Action  : A_MeasureTarget
	PLC AState  : 0

09.01.2023 21:00:10 - 41734 - Low position accuracy
	Description : Target not reached with required accuracy but motor has stopped - Internal error (7)
	Time        : 21:02:31.42
	ActionType  : MoveZ
	MachineMode : Manu
	MachineState: Active
	Object      : Gesim.GsStampSupport(StampSupport_Gen1)
	PLC Object  : FB_MzTool
	PLC Action  : A_MoveZ
	PLC AState  : 0

09.01.2023 21:00:10 - 41734 - Low position accuracy
	Description : Target not reached with required accuracy but motor has stopped - Internal error (7)
	Time        : 21:02:31.43
	ActionType  : ExchangePiece
	MachineMode : Manu
	MachineState: Active
	Object      : Gesim.GsStampSupport(StampSupport_Gen1)
	PLC Object  : FB_ComplexAction
	PLC Action  : A_ExchangeStamp
	PLC AState  : 7

09.01.2023 21:00:43 - 41519 - Timeout
	Description : Internal error
	Time        : 21:03:04.32
	ActionType  : InitDevices
	MachineMode : Init
	MachineState: Active
	Object      : Gesim.GsStampSupport(StampSupport_Gen1)
	PLC Object  : FB_StampSupport
	PLC Action  : A_InitSpec
	PLC AState  : 2

09.01.2023 21:06:40 - 41613 - PressureSupply
	Description : 
	Time        : 21:09:01.47
	ActionType  : Undefined
	MachineMode : Manu
	MachineState: Active
	Object      : Gesim.GsCartridgeDisp(Cartridge Dispenser (10ml))
	PLC Object  : FB_HskMFunc
	PLC Action  : A_SetPrintParams
	PLC AState  : 0

12.01.2023 16:57:56 - 41734 - Low position accuracy
	Description : Target not reached with required accuracy but motor has stopped - Internal error (7)
	Time        : 17:00:29.68
	ActionType  : MoveZ
	MachineMode : Manu
	MachineState: Active
	Object      : Gesim.GsStampSupport(StampSupport_Gen1)
	PLC Object  : FB_MzTool
	PLC Action  : A_MoveZ
	PLC AState  : 0

12.01.2023 16:57:57 - 41734 - Low position accuracy
	Description : Target not reached with required accuracy but motor has stopped - Internal error (7)
	Time        : 17:00:29.69
	ActionType  : MoveToTarget
	MachineMode : Manu
	MachineState: Active
	PLC Object  : FB_ComplexAction
	PLC Action  : A_MoveToTarget
	PLC AState  : 0

12.01.2023 16:58:45 - 41734 - Low position accuracy
	Description : Target not reached with required accuracy but motor has stopped - Internal error (7)
	Time        : 17:01:17.90
	ActionType  : MoveZ
	MachineMode : Manu
	MachineState: Active
	Object      : Gesim.GsStampSupport(StampSupport_Gen1)
	PLC Object  : FB_MzTool
	PLC Action  : A_MoveZ
	PLC AState  : 0

12.01.2023 16:58:45 - 41734 - Low position accuracy
	Description : Target not reached with required accuracy but motor has stopped - Internal error (7)
	Time        : 17:01:17.91
	ActionType  : MoveToTarget
	MachineMode : Manu
	MachineState: Active
	PLC Object  : FB_ComplexAction
	PLC Action  : A_MoveToTarget
	PLC AState  : 0

12.01.2023 17:00:15 - 41749 - FollowingErrorZAxis
	Description : 
	Time        : 17:02:48.51
	ActionType  : Jog
	MachineMode : Manu
	MachineState: Active
	Object      : Gesim.GsStampSupport(StampSupport_Gen1)
	PLC Object  : FB_MzTool
	PLC Action  : A_JogZ
	PLC AState  : 80

12.01.2023 17:04:55 - 41749 - FollowingErrorZAxis
	Description : 
	Time        : 17:07:28.60
	ActionType  : MoveZ
	MachineMode : Manu
	MachineState: Active
	Object      : Gesim.GsStampSupport(StampSupport_Gen1)
	PLC Object  : FB_MzTool
	PLC Action  : A_MoveZ
	PLC AState  : 0

12.01.2023 17:06:19 - 41749 - FollowingErrorZAxis
	Description : 
	Time        : 17:08:52.31
	ActionType  : MoveZ
	MachineMode : Manu
	MachineState: Active
	Object      : Gesim.GsStampSupport(StampSupport_Gen1)
	PLC Object  : FB_MzTool
	PLC Action  : A_MoveZ
	PLC AState  : 0

12.01.2023 17:06:29 - 41491 - Device not initialized
	Description : 
	Time        : 17:06:29.58
	Command     : EXECUTE_ACTION
	Object      : Gesim.GsStampSupport(StampSupport_Gen1)
	Action      : Move Z->Home

12.01.2023 17:07:29 - 41749 - FollowingErrorZAxis
	Description : 
	Time        : 17:10:02.53
	ActionType  : MoveZ
	MachineMode : Manu
	MachineState: Active
	Object      : Gesim.GsStampSupport(StampSupport_Gen1)
	PLC Object  : FB_MzTool
	PLC Action  : A_MoveZ
	PLC AState  : 0

12.01.2023 17:12:00 - 41747 - Z-Sensor switch not found
	Description : Measurement: switching point not reached - Internal error (20)
	Time        : 17:14:32.86
	ActionType  : MoveZ
	MachineMode : Manu
	MachineState: Active
	Object      : Gesim.GsZSensor(ZSensor)
	PLC Object  : FB_MzTool
	PLC Action  : A_MoveZ
	PLC AState  : 0

12.01.2023 17:12:00 - 41747 - Z-Sensor switch not found
	Description : Measurement: switching point not reached - Internal error (20)
	Time        : 17:14:32.87
	ActionType  : CalibrateZSensor
	MachineMode : Manu
	MachineState: Active
	Object      : Gesim.GsZSensor(ZSensor)
	PLC Object  : FB_ComplexAction
	PLC Action  : A_CalibrateZSensor
	PLC AState  : 3

12.01.2023 17:17:17 - 41525 - System fluid bottle empty
	Description : 
	Time        : 17:17:17.62
	Command     : EXECUTE_ACTION
	Object      : Gesim.GsDiluter(Diluter 3-Way)
	Action      : DilPrepare->ForAspirate->50 µl

12.01.2023 17:17:39 - 41613 - PressureSupply
	Description : 
	Time        : 17:20:12.50
	ActionType  : Undefined
	MachineMode : Manu
	MachineState: Active
	Object      : Gesim.GsCartridgeDisp(Cartridge Dispenser (10ml))
	PLC Object  : FB_HskMFunc
	PLC Action  : A_SetPrintParams
	PLC AState  : 0

12.01.2023 17:20:00 - 41473 - Invalid mode
	Description : Command cannot be executed in this mode.
	Time        : 17:20:00.17
	Command     : EXECUTE_ACTION
	Object      : Gesim.GsCartridgeDisp(Cartridge Dispenser (10ml))
	Action      : Jog

24.02.2023 13:16:28 - 41474 - Mode change impossible
	Description : Mode can only be changed in state "idle".
	Time        : 13:16:28.81
	Command     : CHANGE_MODE

24.02.2023 13:21:27 - 41474 - Mode change impossible
	Description : Mode can only be changed in state "idle".
	Time        : 13:21:27.27
	Command     : CHANGE_MODE

24.02.2023 13:21:39 - 50000 - Internal Error
	Description : 
	Time        : 13:21:39.28
	Location    : GsMachine.GsPlcControl_ObjectWasMovedWithinOD 1

24.02.2023 13:21:46 -  1861 - Timeout elapsed
	Description : Internal error due to slow/missing communication.
	Time        : 13:21:46.34
	Command     : RESET_ERROR

24.02.2023 13:21:46 - 50000 - Internal Error
	Description : 
	Time        : 13:21:46.34
	Location    : GsMachine.GsPlcControl_ObjectWasMovedWithinOD 2

24.02.2023 13:22:00 - 41730 - Limit switch failed
	Description : Limit switch defect - Internal error (3)
	Time        : 13:27:33.26
	ActionType  : InitDevices
	MachineMode : Init
	MachineState: Active
	Object      : Gesim.GsStampSupport(StampSupport_Gen1)
	PLC Object  : FB_MzTool
	PLC Action  : A_Init
	PLC AState  : 1

24.02.2023 13:22:00 - 41730 - Limit switch failed
	Description : Limit switch defect - Internal error (3)
	Time        : 13:27:33.26
	ActionType  : InitDevices
	MachineMode : Init
	MachineState: Active
	Object      : Gesim.GsStampSupport(StampSupport_Gen1)
	PLC Object  : FB_MzTool
	PLC Action  : A_Init
	PLC AState  : 1

24.02.2023 13:23:12 - 41556 - Head not in free Z-pos.
	Description : 
	Time        : 13:28:44.51
	ActionType  : InitDevices
	MachineMode : Init
	MachineState: Active
	Object      : Gesim.GsHead(Head)
	PLC Object  : FB_MzHead
	PLC Action  : A_Init
	PLC AState  : 3

24.02.2023 13:23:12 - 41556 - Head not in free Z-pos.
	Description : 
	Time        : 13:28:44.51
	ActionType  : InitDevices
	MachineMode : Init
	MachineState: Active
	Object      : Gesim.GsHead(Head)
	PLC Object  : FB_MzHead
	PLC Action  : A_Init
	PLC AState  : 3

24.02.2023 13:23:46 - 41556 - Head not in free Z-pos.
	Description : 
	Time        : 13:29:18.69
	ActionType  : InitDevices
	MachineMode : Init
	MachineState: Active
	Object      : Gesim.GsHead(Head)
	PLC Object  : FB_MzHead
	PLC Action  : A_Init
	PLC AState  : 3

24.02.2023 13:23:46 - 41556 - Head not in free Z-pos.
	Description : 
	Time        : 13:29:18.69
	ActionType  : InitDevices
	MachineMode : Init
	MachineState: Active
	Object      : Gesim.GsHead(Head)
	PLC Object  : FB_MzHead
	PLC Action  : A_Init
	PLC AState  : 3

24.02.2023 13:25:22 - 41730 - Limit switch failed
	Description : Limit switch defect - Internal error (3)
	Time        : 13:30:54.42
	ActionType  : InitDevices
	MachineMode : Init
	MachineState: Active
	Object      : Gesim.GsHead(Head)
	PLC Object  : FB_MzHead
	PLC Action  : A_Init
	PLC AState  : 2

24.02.2023 13:26:38 - 41749 - FollowingErrorZAxis
	Description : 
	Time        : 13:32:10.73
	ActionType  : InitDevices
	MachineMode : Init
	MachineState: Active
	Object      : Gesim.GsHead(Head)
	PLC Object  : FB_MzHead
	PLC Action  : A_Init
	PLC AState  : 2

24.02.2023 13:32:55 - 50005 - Connection error
	Description : The connection to the device could not be established.
	Time        : 13:32:55.30
	Exception   : System.InvalidOperationException: This BackgroundWorker is currently busy and cannot run multiple tasks concurrently.
   at Gesim.GsMachine.Connect(String routeName, Boolean record, Boolean withoutActivation)
   at GesimRobotics.ViewModels.Dialogs.DebugMenuDialog.connect()

24.02.2023 13:36:10 - 41727 - UnknownMzError
	Description : 
	Time        : 13:41:42.69
	ActionType  : InitDevices
	MachineMode : Init
	MachineState: Active
	Object      : Gesim.GsHead(Head)
	PLC Object  : FB_MzHead
	PLC Action  : A_Init
	PLC AState  : 2

24.02.2023 13:38:13 - 41519 - Timeout
	Description : Internal error
	Time        : 13:43:46.06
	ActionType  : InitDevices
	MachineMode : Init
	MachineState: Active
	Object      : Gesim.GsStampSupport(StampSupport_Gen1)
	PLC Object  : FB_StampSupport
	PLC Action  : A_InitSpec
	PLC AState  : 2

24.02.2023 13:38:27 - 41730 - Limit switch failed
	Description : Limit switch defect - Internal error (3)
	Time        : 13:44:00.14
	ActionType  : InitDevices
	MachineMode : Init
	MachineState: Active
	Object      : Gesim.GsStampSupport(StampSupport_Gen1)
	PLC Object  : FB_MzTool
	PLC Action  : A_Init
	PLC AState  : 1

24.02.2023 13:39:33 - 41556 - Head not in free Z-pos.
	Description : 
	Time        : 13:45:06.94
	ActionType  : InitDevices
	MachineMode : Init
	MachineState: Active
	Object      : Gesim.GsHead(Head)
	PLC Object  : FB_MzHead
	PLC Action  : A_Init
	PLC AState  : 3

24.02.2023 13:41:37 - 41519 - Timeout
	Description : Internal error
	Time        : 13:47:10.43
	ActionType  : InitDevices
	MachineMode : Init
	MachineState: Active
	Object      : Gesim.GsStampSupport(StampSupport_Gen1)
	PLC Object  : FB_StampSupport
	PLC Action  : A_InitSpec
	PLC AState  : 2

24.02.2023 13:42:02 - 41519 - Timeout
	Description : Internal error
	Time        : 13:47:35.49
	ActionType  : InitDevices
	MachineMode : Init
	MachineState: Active
	Object      : Gesim.GsStampSupport(StampSupport_Gen1)
	PLC Object  : FB_StampSupport
	PLC Action  : A_InitSpec
	PLC AState  : 2

24.02.2023 13:47:08 -  1864 - ADS port not opened
	Description : Internal error
	Time        : 13:47:08.03
	Command     : INTERACT_RESPONSE

28.02.2023 07:53:16 - 41730 - Limit switch failed
	Description : Limit switch defect - Internal error (3)
	Time        : 07:59:06.61
	ActionType  : InitDevices
	MachineMode : Init
	MachineState: Active
	Object      : Gesim.GsStampSupport(StampSupport_Gen1)
	PLC Object  : FB_MzTool
	PLC Action  : A_Init
	PLC AState  : 1

28.02.2023 07:54:07 - 41556 - Head not in free Z-pos.
	Description : 
	Time        : 07:59:57.55
	ActionType  : InitDevices
	MachineMode : Init
	MachineState: Active
	Object      : Gesim.GsHead(Head)
	PLC Object  : FB_MzHead
	PLC Action  : A_Init
	PLC AState  : 3

28.02.2023 08:00:15 - 41478 - Invalid state
	Description : Command can not be executed in this state.
	Time        : 08:00:15.55
	Command     : SETUP_AXIS

28.02.2023 08:05:50 - 41730 - Limit switch failed
	Description : Limit switch defect - Internal error (3)
	Time        : 08:11:40.74
	ActionType  : InitDevices
	MachineMode : Init
	MachineState: Active
	Object      : Gesim.GsStampSupport(StampSupport_Gen1)
	PLC Object  : FB_MzTool
	PLC Action  : A_Init
	PLC AState  : 1

28.02.2023 08:07:51 - 41503 - Configuration not activated
	Description : 
	Time        : 08:07:51.30
	Command     : CHANGE_MODE

28.02.2023 08:08:15 - 41730 - Limit switch failed
	Description : Limit switch defect - Internal error (3)
	Time        : 08:14:05.98
	ActionType  : InitDevices
	MachineMode : Init
	MachineState: Active
	Object      : Gesim.GsStampSupport(StampSupport_Gen1)
	PLC Object  : FB_MzTool
	PLC Action  : A_Init
	PLC AState  : 1

28.02.2023 08:15:16 - 41730 - Limit switch failed
	Description : Limit switch defect - Internal error (3)
	Time        : 08:21:07.22
	ActionType  : InitDevices
	MachineMode : Init
	MachineState: Active
	Object      : Gesim.GsStampSupport(StampSupport_Gen1)
	PLC Object  : FB_MzTool
	PLC Action  : A_Init
	PLC AState  : 1

01.03.2023 12:39:31 - 50000 - Internal Error
	Description : 
	Time        : 12:39:31.36
	Location    : GsMachine.GsPlcControl_ObjectWasMovedWithinOD 1

01.03.2023 12:39:38 -  1861 - Timeout elapsed
	Description : Internal error due to slow/missing communication.
	Time        : 12:39:38.00
	Command     : RESET_ERROR

01.03.2023 12:39:38 - 50000 - Internal Error
	Description : 
	Time        : 12:39:38.00
	Location    : GsMachine.GsPlcControl_ObjectWasMovedWithinOD 2

01.03.2023 12:39:51 - 50000 - Internal Error
	Description : 
	Time        : 12:39:51.91
	Location    : GsMachine.GsPlcControl_ObjectWasMovedWithinOD 1

01.03.2023 12:39:58 -  1861 - Timeout elapsed
	Description : Internal error due to slow/missing communication.
	Time        : 12:39:58.05
	Command     : RESET_ERROR

01.03.2023 12:39:58 - 50000 - Internal Error
	Description : 
	Time        : 12:39:58.05
	Location    : GsMachine.GsPlcControl_ObjectWasMovedWithinOD 2

01.03.2023 12:40:02 - 50000 - Internal Error
	Description : 
	Time        : 12:40:02.67
	Location    : GsMachine.GsPlcControl_ObjectWasMovedWithinOD 1

01.03.2023 12:40:02 - 50000 - Internal Error
	Description : 
	Time        : 12:40:02.67
	Location    : GsMachine.GsPlcControl_ObjectWasMovedWithinOD 2

01.03.2023 12:44:52 - 50000 - Internal Error
	Description : 
	Time        : 12:44:52.07
	Location    : GsMachine.GsPlcControl_ObjectWasMovedWithinOD 1

01.03.2023 12:44:58 -  1861 - Timeout elapsed
	Description : Internal error due to slow/missing communication.
	Time        : 12:44:58.19
	Command     : RESET_ERROR

01.03.2023 12:44:58 - 50000 - Internal Error
	Description : 
	Time        : 12:44:58.19
	Location    : GsMachine.GsPlcControl_ObjectWasMovedWithinOD 2

01.03.2023 12:45:05 - 50000 - Internal Error
	Description : 
	Time        : 12:45:05.06
	Location    : GsMachine.GsPlcControl_ObjectWasMovedWithinOD 1

01.03.2023 12:45:06 - 50000 - Internal Error
	Description : 
	Time        : 12:45:06.29
	Location    : GsMachine.GsPlcControl_ObjectWasMovedWithinOD 2

01.03.2023 12:51:35 - 50000 - Internal Error
	Description : 
	Time        : 12:51:35.22
	Location    : GsMachine.GsPlcControl_ObjectWasMovedWithinOD 1

01.03.2023 12:51:39 - 50000 - Internal Error
	Description : 
	Time        : 12:51:39.96
	Location    : GsMachine.GsPlcControl_ObjectWasMovedWithinOD 2

02.03.2023 10:10:13 - 41519 - Timeout
	Description : Internal error
	Time        : 10:16:10.86
	ActionType  : InitDevices
	MachineMode : Init
	MachineState: Active
	Object      : Gesim.GsStampSupport(StampSupport_Gen1)
	PLC Object  : FB_StampSupport
	PLC Action  : A_InitSpec
	PLC AState  : 2

02.03.2023 10:10:35 - 41519 - Timeout
	Description : Internal error
	Time        : 10:16:33.37
	ActionType  : InitDevices
	MachineMode : Init
	MachineState: Active
	Object      : Gesim.GsStampSupport(StampSupport_Gen1)
	PLC Object  : FB_StampSupport
	PLC Action  : A_InitSpec
	PLC AState  : 2

02.03.2023 10:10:59 - 41519 - Timeout
	Description : Internal error
	Time        : 10:16:57.44
	ActionType  : InitDevices
	MachineMode : Init
	MachineState: Active
	Object      : Gesim.GsStampSupport(StampSupport_Gen1)
	PLC Object  : FB_StampSupport
	PLC Action  : A_InitSpec
	PLC AState  : 2

02.03.2023 10:11:49 - 41519 - Timeout
	Description : Internal error
	Time        : 10:16:57.44
	ActionType  : InitDevices
	MachineMode : Init
	MachineState: Active
	Object      : Gesim.GsStampSupport(StampSupport_Gen1)
	PLC Object  : FB_StampSupport
	PLC Action  : A_InitSpec
	PLC AState  : 2

02.03.2023 10:18:45 - 41568 - Target position out of range - Z
	Description : Tool cannot move to target.
	Time        : 10:24:42.99
	ActionType  : MoveZ
	MachineMode : Manu
	MachineState: Active
	Object      : Gesim.GsStampSupport(StampSupport_Gen1)
	PLC Object  : FB_MzTool
	PLC Action  : A_MoveZ
	PLC AState  : 0

02.03.2023 10:18:45 - 41568 - Target position out of range - Z
	Description : Tool cannot move to target.
	Time        : 10:24:43.00
	ActionType  : ExchangePiece
	MachineMode : Manu
	MachineState: Active
	Object      : Gesim.GsStampSupport(StampSupport_Gen1)
	PLC Object  : FB_ComplexAction
	PLC Action  : A_ExchangeStamp
	PLC AState  : 2

02.03.2023 10:18:51 - 41568 - Target position out of range - Z
	Description : Tool cannot move to target.
	Time        : 10:24:49.11
	ActionType  : MoveZ
	MachineMode : Manu
	MachineState: Active
	Object      : Gesim.GsStampSupport(StampSupport_Gen1)
	PLC Object  : FB_MzTool
	PLC Action  : A_MoveZ
	PLC AState  : 0

02.03.2023 10:18:51 - 41568 - Target position out of range - Z
	Description : Tool cannot move to target.
	Time        : 10:24:49.12
	ActionType  : ExchangePiece
	MachineMode : Manu
	MachineState: Active
	Object      : Gesim.GsStampSupport(StampSupport_Gen1)
	PLC Object  : FB_ComplexAction
	PLC Action  : A_ExchangeStamp
	PLC AState  : 2

02.03.2023 10:21:13 - 41568 - Target position out of range - Z
	Description : Tool cannot move to target.
	Time        : 10:27:11.57
	ActionType  : MoveZ
	MachineMode : Manu
	MachineState: Active
	Object      : Gesim.GsStampSupport(StampSupport_Gen1)
	PLC Object  : FB_MzTool
	PLC Action  : A_MoveZ
	PLC AState  : 0

02.03.2023 10:21:14 - 41568 - Target position out of range - Z
	Description : Tool cannot move to target.
	Time        : 10:27:11.58
	ActionType  : MoveToTarget
	MachineMode : Manu
	MachineState: Active
	Object      : Gesim.GsStampSupport(StampSupport_Gen1)
	PLC Object  : FB_ComplexAction
	PLC Action  : A_MoveToTarget
	PLC AState  : 0

02.03.2023 10:21:20 - 41568 - Target position out of range - Z
	Description : Tool cannot move to target.
	Time        : 10:27:17.85
	ActionType  : MoveZ
	MachineMode : Manu
	MachineState: Active
	Object      : Gesim.GsStampSupport(StampSupport_Gen1)
	PLC Object  : FB_MzTool
	PLC Action  : A_MoveZ
	PLC AState  : 0

02.03.2023 10:21:20 - 41568 - Target position out of range - Z
	Description : Tool cannot move to target.
	Time        : 10:27:17.86
	ActionType  : MoveToTarget
	MachineMode : Manu
	MachineState: Active
	Object      : Gesim.GsStampSupport(StampSupport_Gen1)
	PLC Object  : FB_ComplexAction
	PLC Action  : A_MoveToTarget
	PLC AState  : 0

02.03.2023 10:21:25 - 41568 - Target position out of range - Z
	Description : Tool cannot move to target.
	Time        : 10:27:23.10
	ActionType  : MoveZ
	MachineMode : Manu
	MachineState: Active
	Object      : Gesim.GsStampSupport(StampSupport_Gen1)
	PLC Object  : FB_MzTool
	PLC Action  : A_MoveZ
	PLC AState  : 0

02.03.2023 10:21:25 - 41568 - Target position out of range - Z
	Description : Tool cannot move to target.
	Time        : 10:27:23.11
	ActionType  : MoveToTarget
	MachineMode : Manu
	MachineState: Active
	Object      : Gesim.GsStampSupport(StampSupport_Gen1)
	PLC Object  : FB_ComplexAction
	PLC Action  : A_MoveToTarget
	PLC AState  : 0

02.03.2023 10:21:48 - 41570 - Risk of crash: Jog
	Description : Can not jog fast in this area.
	Time        : 10:21:48.71
	Command     : EXECUTE_ACTION
	Object      : Gesim.GsStampSupport(StampSupport_Gen1)
	Action      : Jog

02.03.2023 10:22:01 - 41570 - Risk of crash: Jog
	Description : Can not jog fast in this area.
	Time        : 10:22:01.68
	Command     : EXECUTE_ACTION
	Object      : Gesim.GsStampSupport(StampSupport_Gen1)
	Action      : Jog

02.03.2023 10:44:33 - 41734 - Low position accuracy
	Description : Target not reached with required accuracy but motor has stopped - Internal error (7)
	Time        : 10:50:30.79
	ActionType  : MoveZ
	MachineMode : Manu
	MachineState: Active
	Object      : Gesim.GsStampSupport(StampSupport_Gen1)
	PLC Object  : FB_MzTool
	PLC Action  : A_MoveZ
	PLC AState  : 0

02.03.2023 10:44:33 - 41734 - Low position accuracy
	Description : Target not reached with required accuracy but motor has stopped - Internal error (7)
	Time        : 10:50:30.80
	ActionType  : ExchangePiece
	MachineMode : Manu
	MachineState: Active
	Object      : Gesim.GsStampSupport(StampSupport_Gen1)
	PLC Object  : FB_ComplexAction
	PLC Action  : A_ExchangeStamp
	PLC AState  : 5

02.03.2023 10:45:08 - 41473 - Invalid mode
	Description : Command cannot be executed in this mode.
	Time        : 10:45:08.59
	Command     : EXECUTE_ACTION
	Object      : Gesim.GsStampSupport(StampSupport_Gen1)
	Action      : Jog

02.03.2023 10:45:08 - 41473 - Invalid mode
	Description : Command cannot be executed in this mode.
	Time        : 10:45:08.60
	Command     : EXECUTE_ACTION
	Object      : Gesim.GsStampSupport(StampSupport_Gen1)
	Action      : Jog

02.03.2023 10:45:08 - 41519 - Timeout
	Description : Internal error
	Time        : 10:51:06.24
	ActionType  : InitDevices
	MachineMode : Init
	MachineState: Active
	Object      : Gesim.GsStampSupport(StampSupport_Gen1)
	PLC Object  : FB_StampSupport
	PLC Action  : A_InitSpec
	PLC AState  : 2

02.03.2023 10:47:35 - 41539 - Piece already in slot
	Description : 
	Time        : 10:53:33.39
	ActionType  : ExchangePiece
	MachineMode : Manu
	MachineState: Active
	Object      : Gesim.GsStampSupport(StampSupport_Gen1)
	PLC Object  : FB_ComplexAction
	PLC Action  : A_ExchangeStamp
	PLC AState  : 3

02.03.2023 12:52:47 - 41539 - Piece already in slot
	Description : 
	Time        : 12:58:44.16
	ActionType  : ExchangePiece
	MachineMode : Manu
	MachineState: Active
	Object      : Gesim.GsStampSupport(StampSupport_Gen1)
	PLC Object  : FB_ComplexAction
	PLC Action  : A_ExchangeStamp
	PLC AState  : 3

02.03.2023 12:53:14 - 41539 - Piece already in slot
	Description : 
	Time        : 12:59:11.66
	ActionType  : ExchangePiece
	MachineMode : Manu
	MachineState: Active
	Object      : Gesim.GsStampSupport(StampSupport_Gen1)
	PLC Object  : FB_ComplexAction
	PLC Action  : A_ExchangeStamp
	PLC AState  : 3

02.03.2023 12:53:33 - 41539 - Piece already in slot
	Description : 
	Time        : 12:59:29.95
	ActionType  : ExchangePiece
	MachineMode : Manu
	MachineState: Active
	Object      : Gesim.GsStampSupport(StampSupport_Gen1)
	PLC Object  : FB_ComplexAction
	PLC Action  : A_ExchangeStamp
	PLC AState  : 3

02.03.2023 12:53:53 - 41539 - Piece already in slot
	Description : 
	Time        : 12:59:50.24
	ActionType  : ExchangePiece
	MachineMode : Manu
	MachineState: Active
	Object      : Gesim.GsStampSupport(StampSupport_Gen1)
	PLC Object  : FB_ComplexAction
	PLC Action  : A_ExchangeStamp
	PLC AState  : 3

02.03.2023 12:54:47 - 41519 - Timeout
	Description : Internal error
	Time        : 13:00:43.88
	ActionType  : InitDevices
	MachineMode : Init
	MachineState: Active
	Object      : Gesim.GsStampSupport(StampSupport_Gen1)
	PLC Object  : FB_StampSupport
	PLC Action  : A_InitSpec
	PLC AState  : 2

02.03.2023 12:55:05 - 41519 - Timeout
	Description : Internal error
	Time        : 13:01:02.70
	ActionType  : InitDevices
	MachineMode : Init
	MachineState: Active
	Object      : Gesim.GsStampSupport(StampSupport_Gen1)
	PLC Object  : FB_StampSupport
	PLC Action  : A_InitSpec
	PLC AState  : 2

02.03.2023 12:56:22 - 41519 - Timeout
	Description : Internal error
	Time        : 13:02:19.20
	ActionType  : InitDevices
	MachineMode : Init
	MachineState: Active
	Object      : Gesim.GsStampSupport(StampSupport_Gen1)
	PLC Object  : FB_StampSupport
	PLC Action  : A_InitSpec
	PLC AState  : 2

02.03.2023 12:57:48 - 41539 - Piece already in slot
	Description : 
	Time        : 13:03:45.27
	ActionType  : ExchangePiece
	MachineMode : Manu
	MachineState: Active
	Object      : Gesim.GsStampSupport(StampSupport_Gen1)
	PLC Object  : FB_ComplexAction
	PLC Action  : A_ExchangeStamp
	PLC AState  : 3

02.03.2023 12:58:24 - 41539 - Piece already in slot
	Description : 
	Time        : 13:04:21.06
	ActionType  : ExchangePiece
	MachineMode : Manu
	MachineState: Active
	Object      : Gesim.GsStampSupport(StampSupport_Gen1)
	PLC Object  : FB_ComplexAction
	PLC Action  : A_ExchangeStamp
	PLC AState  : 3

02.03.2023 13:05:01 - 41571 - PieceExchangeFailed
	Description : 
	Time        : 13:10:57.97
	ActionType  : ExchangePiece
	MachineMode : Manu
	MachineState: Active
	Object      : Gesim.GsStampSupport(StampSupport_Gen1)
	PLC Object  : FB_ComplexAction
	PLC Action  : A_ExchangeStamp
	PLC AState  : 12

02.03.2023 13:28:32 - 41539 - Piece already in slot
	Description : 
	Time        : 13:34:29.04
	ActionType  : ExchangePiece
	MachineMode : Manu
	MachineState: Active
	Object      : Gesim.GsStampSupport(StampSupport_Gen1)
	PLC Object  : FB_ComplexAction
	PLC Action  : A_ExchangeStamp
	PLC AState  : 3

02.03.2023 13:55:57 - 41730 - Limit switch failed
	Description : Limit switch defect - Internal error (3)
	Time        : 14:01:55.66
	ActionType  : InitDevices
	MachineMode : Init
	MachineState: Active
	Object      : Gesim.GsStampSupport(StampSupport_Gen1)
	PLC Object  : FB_MzTool
	PLC Action  : A_Init
	PLC AState  : 1

02.03.2023 13:56:51 - 41730 - Limit switch failed
	Description : Limit switch defect - Internal error (3)
	Time        : 14:02:49.68
	ActionType  : InitDevices
	MachineMode : Init
	MachineState: Active
	Object      : Gesim.GsExposure(Omnicure S1500)
	PLC Object  : FB_MzTool
	PLC Action  : A_Init
	PLC AState  : 1

02.03.2023 13:57:12 - 41730 - Limit switch failed
	Description : Limit switch defect - Internal error (3)
	Time        : 14:03:11.03
	ActionType  : InitDevices
	MachineMode : Init
	MachineState: Active
	Object      : Gesim.GsExposure(Omnicure S1500)
	PLC Object  : FB_MzTool
	PLC Action  : A_Init
	PLC AState  : 1

02.03.2023 13:57:26 - 41556 - Head not in free Z-pos.
	Description : 
	Time        : 14:03:24.37
	ActionType  : InitDevices
	MachineMode : Init
	MachineState: Active
	Object      : Gesim.GsHead(Head)
	PLC Object  : FB_MzHead
	PLC Action  : A_Init
	PLC AState  : 3

02.03.2023 13:57:35 - 41556 - Head not in free Z-pos.
	Description : 
	Time        : 14:03:33.71
	ActionType  : InitDevices
	MachineMode : Init
	MachineState: Active
	Object      : Gesim.GsHead(Head)
	PLC Object  : FB_MzHead
	PLC Action  : A_Init
	PLC AState  : 3

02.03.2023 14:00:26 - 41556 - Head not in free Z-pos.
	Description : 
	Time        : 14:06:24.84
	ActionType  : InitDevices
	MachineMode : Init
	MachineState: Active
	Object      : Gesim.GsHead(Head)
	PLC Object  : FB_MzHead
	PLC Action  : A_Init
	PLC AState  : 3

02.03.2023 14:00:46 - 41556 - Head not in free Z-pos.
	Description : 
	Time        : 14:06:44.70
	ActionType  : InitDevices
	MachineMode : Init
	MachineState: Active
	Object      : Gesim.GsHead(Head)
	PLC Object  : FB_MzHead
	PLC Action  : A_Init
	PLC AState  : 3

02.03.2023 14:02:36 - 41556 - Head not in free Z-pos.
	Description : 
	Time        : 14:08:34.77
	ActionType  : InitDevices
	MachineMode : Init
	MachineState: Active
	Object      : Gesim.GsHead(Head)
	PLC Object  : FB_MzHead
	PLC Action  : A_Init
	PLC AState  : 3

02.03.2023 14:03:19 - 41556 - Head not in free Z-pos.
	Description : 
	Time        : 14:09:17.63
	ActionType  : InitDevices
	MachineMode : Init
	MachineState: Active
	Object      : Gesim.GsHead(Head)
	PLC Object  : FB_MzHead
	PLC Action  : A_Init
	PLC AState  : 3

02.03.2023 14:03:26 - 41556 - Head not in free Z-pos.
	Description : 
	Time        : 14:09:24.95
	ActionType  : InitDevices
	MachineMode : Init
	MachineState: Active
	Object      : Gesim.GsHead(Head)
	PLC Object  : FB_MzHead
	PLC Action  : A_Init
	PLC AState  : 3

02.03.2023 14:03:31 - 41556 - Head not in free Z-pos.
	Description : 
	Time        : 14:09:29.43
	ActionType  : InitDevices
	MachineMode : Init
	MachineState: Active
	Object      : Gesim.GsHead(Head)
	PLC Object  : FB_MzHead
	PLC Action  : A_Init
	PLC AState  : 3

02.03.2023 14:03:34 - 41556 - Head not in free Z-pos.
	Description : 
	Time        : 14:09:32.82
	ActionType  : InitDevices
	MachineMode : Init
	MachineState: Active
	Object      : Gesim.GsHead(Head)
	PLC Object  : FB_MzHead
	PLC Action  : A_Init
	PLC AState  : 3

02.03.2023 14:03:42 - 41556 - Head not in free Z-pos.
	Description : 
	Time        : 14:09:40.90
	ActionType  : InitDevices
	MachineMode : Init
	MachineState: Active
	Object      : Gesim.GsHead(Head)
	PLC Object  : FB_MzHead
	PLC Action  : A_Init
	PLC AState  : 3

02.03.2023 14:03:50 - 41556 - Head not in free Z-pos.
	Description : 
	Time        : 14:09:48.96
	ActionType  : InitDevices
	MachineMode : Init
	MachineState: Active
	Object      : Gesim.GsHead(Head)
	PLC Object  : FB_MzHead
	PLC Action  : A_Init
	PLC AState  : 3

02.03.2023 14:03:54 - 41556 - Head not in free Z-pos.
	Description : 
	Time        : 14:09:52.80
	ActionType  : InitDevices
	MachineMode : Init
	MachineState: Active
	Object      : Gesim.GsHead(Head)
	PLC Object  : FB_MzHead
	PLC Action  : A_Init
	PLC AState  : 3

02.03.2023 14:03:58 - 41556 - Head not in free Z-pos.
	Description : 
	Time        : 14:09:56.44
	ActionType  : InitDevices
	MachineMode : Init
	MachineState: Active
	Object      : Gesim.GsHead(Head)
	PLC Object  : FB_MzHead
	PLC Action  : A_Init
	PLC AState  : 3

02.03.2023 14:04:11 - 41556 - Head not in free Z-pos.
	Description : 
	Time        : 14:10:09.99
	ActionType  : InitDevices
	MachineMode : Init
	MachineState: Active
	Object      : Gesim.GsHead(Head)
	PLC Object  : FB_MzHead
	PLC Action  : A_Init
	PLC AState  : 3

02.03.2023 14:04:21 - 41556 - Head not in free Z-pos.
	Description : 
	Time        : 14:10:19.56
	ActionType  : InitDevices
	MachineMode : Init
	MachineState: Active
	Object      : Gesim.GsHead(Head)
	PLC Object  : FB_MzHead
	PLC Action  : A_Init
	PLC AState  : 3

02.03.2023 14:04:27 - 41556 - Head not in free Z-pos.
	Description : 
	Time        : 14:10:25.24
	ActionType  : InitDevices
	MachineMode : Init
	MachineState: Active
	Object      : Gesim.GsHead(Head)
	PLC Object  : FB_MzHead
	PLC Action  : A_Init
	PLC AState  : 3

02.03.2023 14:05:02 - 41556 - Head not in free Z-pos.
	Description : 
	Time        : 14:11:00.57
	ActionType  : InitDevices
	MachineMode : Init
	MachineState: Active
	Object      : Gesim.GsHead(Head)
	PLC Object  : FB_MzHead
	PLC Action  : A_Init
	PLC AState  : 3

02.03.2023 14:05:15 - 41556 - Head not in free Z-pos.
	Description : 
	Time        : 14:11:13.49
	ActionType  : InitDevices
	MachineMode : Init
	MachineState: Active
	Object      : Gesim.GsHead(Head)
	PLC Object  : FB_MzHead
	PLC Action  : A_Init
	PLC AState  : 3

02.03.2023 14:05:18 - 41556 - Head not in free Z-pos.
	Description : 
	Time        : 14:11:16.16
	ActionType  : InitDevices
	MachineMode : Init
	MachineState: Active
	Object      : Gesim.GsHead(Head)
	PLC Object  : FB_MzHead
	PLC Action  : A_Init
	PLC AState  : 3

02.03.2023 14:05:20 - 41556 - Head not in free Z-pos.
	Description : 
	Time        : 14:11:18.93
	ActionType  : InitDevices
	MachineMode : Init
	MachineState: Active
	Object      : Gesim.GsHead(Head)
	PLC Object  : FB_MzHead
	PLC Action  : A_Init
	PLC AState  : 3

02.03.2023 14:05:28 - 41556 - Head not in free Z-pos.
	Description : 
	Time        : 14:11:26.70
	ActionType  : InitDevices
	MachineMode : Init
	MachineState: Active
	Object      : Gesim.GsHead(Head)
	PLC Object  : FB_MzHead
	PLC Action  : A_Init
	PLC AState  : 3

02.03.2023 14:08:31 - 41730 - Limit switch failed
	Description : Limit switch defect - Internal error (3)
	Time        : 14:14:29.88
	ActionType  : InitDevices
	MachineMode : Init
	MachineState: Active
	Object      : Gesim.GsStampSupport(StampSupport_Gen1)
	PLC Object  : FB_MzTool
	PLC Action  : A_Init
	PLC AState  : 1

02.03.2023 14:08:54 - 41556 - Head not in free Z-pos.
	Description : 
	Time        : 14:14:52.26
	ActionType  : InitDevices
	MachineMode : Init
	MachineState: Active
	Object      : Gesim.GsHead(Head)
	PLC Object  : FB_MzHead
	PLC Action  : A_Init
	PLC AState  : 3

02.03.2023 14:10:18 - 41556 - Head not in free Z-pos.
	Description : 
	Time        : 14:16:16.25
	ActionType  : InitDevices
	MachineMode : Init
	MachineState: Active
	Object      : Gesim.GsHead(Head)
	PLC Object  : FB_MzHead
	PLC Action  : A_Init
	PLC AState  : 3

02.03.2023 14:20:09 - 41556 - Head not in free Z-pos.
	Description : 
	Time        : 14:26:07.47
	ActionType  : InitDevices
	MachineMode : Init
	MachineState: Active
	Object      : Gesim.GsHead(Head)
	PLC Object  : FB_MzHead
	PLC Action  : A_Init
	PLC AState  : 3

02.03.2023 14:21:15 - 41556 - Head not in free Z-pos.
	Description : 
	Time        : 14:27:13.52
	ActionType  : InitDevices
	MachineMode : Init
	MachineState: Active
	Object      : Gesim.GsHead(Head)
	PLC Object  : FB_MzHead
	PLC Action  : A_Init
	PLC AState  : 3

02.03.2023 14:23:37 - 41556 - Head not in free Z-pos.
	Description : 
	Time        : 14:29:35.16
	ActionType  : InitDevices
	MachineMode : Init
	MachineState: Active
	Object      : Gesim.GsHead(Head)
	PLC Object  : FB_MzHead
	PLC Action  : A_Init
	PLC AState  : 3

02.03.2023 14:25:47 - 41556 - Head not in free Z-pos.
	Description : 
	Time        : 14:29:35.16
	ActionType  : InitDevices
	MachineMode : Init
	MachineState: Active
	Object      : Gesim.GsHead(Head)
	PLC Object  : FB_MzHead
	PLC Action  : A_Init
	PLC AState  : 3

02.03.2023 14:25:51 - 41556 - Head not in free Z-pos.
	Description : 
	Time        : 14:29:35.16
	ActionType  : InitDevices
	MachineMode : Init
	MachineState: Active
	Object      : Gesim.GsHead(Head)
	PLC Object  : FB_MzHead
	PLC Action  : A_Init
	PLC AState  : 3

02.03.2023 14:26:56 - 41519 - Timeout
	Description : Internal error
	Time        : 14:32:54.87
	ActionType  : InitDevices
	MachineMode : Init
	MachineState: Active
	Object      : Gesim.GsStampSupport(StampSupport_Gen1)
	PLC Object  : FB_StampSupport
	PLC Action  : A_InitSpec
	PLC AState  : 2

02.03.2023 14:50:09 - 41571 - PieceExchangeFailed
	Description : 
	Time        : 14:56:07.26
	ActionType  : ExchangePiece
	MachineMode : Manu
	MachineState: Active
	Object      : Gesim.GsStampSupport(StampSupport_Gen1)
	PLC Object  : FB_ComplexAction
	PLC Action  : A_ExchangeStamp
	PLC AState  : 12

02.03.2023 14:50:37 - 41536 - No piece on tool
	Description : 
	Time        : 14:50:37.69
	Command     : EXECUTE_ACTION
	Object      : Gesim.GsStampSupport(StampSupport_Gen1)
	Action      : Drop Piece->Rack Stamp (8x)->Slot 1

02.03.2023 14:50:48 - 41536 - No piece on tool
	Description : 
	Time        : 14:50:48.16
	Command     : EXECUTE_ACTION
	Object      : Gesim.GsStampSupport(StampSupport_Gen1)
	Action      : Drop Piece->Rack Stamp (8x)->Slot 1

02.03.2023 14:53:31 - 41539 - Piece already in slot
	Description : 
	Time        : 14:59:29.67
	ActionType  : ExchangePiece
	MachineMode : Manu
	MachineState: Active
	Object      : Gesim.GsStampSupport(StampSupport_Gen1)
	PLC Object  : FB_ComplexAction
	PLC Action  : A_ExchangeStamp
	PLC AState  : 3

02.03.2023 14:53:47 - 41539 - Piece already in slot
	Description : 
	Time        : 14:59:45.03
	ActionType  : ExchangePiece
	MachineMode : Manu
	MachineState: Active
	Object      : Gesim.GsStampSupport(StampSupport_Gen1)
	PLC Object  : FB_ComplexAction
	PLC Action  : A_ExchangeStamp
	PLC AState  : 3

02.03.2023 14:53:55 - 41539 - Piece already in slot
	Description : 
	Time        : 14:59:53.74
	ActionType  : ExchangePiece
	MachineMode : Manu
	MachineState: Active
	Object      : Gesim.GsStampSupport(StampSupport_Gen1)
	PLC Object  : FB_ComplexAction
	PLC Action  : A_ExchangeStamp
	PLC AState  : 3

02.03.2023 14:54:16 - 41539 - Piece already in slot
	Description : 
	Time        : 15:00:14.19
	ActionType  : ExchangePiece
	MachineMode : Manu
	MachineState: Active
	Object      : Gesim.GsStampSupport(StampSupport_Gen1)
	PLC Object  : FB_ComplexAction
	PLC Action  : A_ExchangeStamp
	PLC AState  : 3

02.03.2023 14:55:09 - 41539 - Piece already in slot
	Description : 
	Time        : 15:01:06.98
	ActionType  : ExchangePiece
	MachineMode : Manu
	MachineState: Active
	Object      : Gesim.GsStampSupport(StampSupport_Gen1)
	PLC Object  : FB_ComplexAction
	PLC Action  : A_ExchangeStamp
	PLC AState  : 3

02.03.2023 14:57:47 - 41734 - Low position accuracy
	Description : Target not reached with required accuracy but motor has stopped - Internal error (7)
	Time        : 15:03:44.83
	ActionType  : MoveZ
	MachineMode : Manu
	MachineState: Active
	Object      : Gesim.GsStampSupport(StampSupport_Gen1)
	PLC Object  : FB_MzTool
	PLC Action  : A_MoveZ
	PLC AState  : 0

02.03.2023 14:57:47 - 41734 - Low position accuracy
	Description : Target not reached with required accuracy but motor has stopped - Internal error (7)
	Time        : 15:03:44.84
	ActionType  : ExchangePiece
	MachineMode : Manu
	MachineState: Active
	Object      : Gesim.GsStampSupport(StampSupport_Gen1)
	PLC Object  : FB_ComplexAction
	PLC Action  : A_ExchangeStamp
	PLC AState  : 2

02.03.2023 14:58:09 - 41519 - Timeout
	Description : Internal error
	Time        : 15:04:07.68
	ActionType  : InitDevices
	MachineMode : Init
	MachineState: Active
	Object      : Gesim.GsStampSupport(StampSupport_Gen1)
	PLC Object  : FB_StampSupport
	PLC Action  : A_InitSpec
	PLC AState  : 2

02.03.2023 14:58:27 - 41539 - Piece already in slot
	Description : 
	Time        : 15:04:25.64
	ActionType  : ExchangePiece
	MachineMode : Manu
	MachineState: Active
	Object      : Gesim.GsStampSupport(StampSupport_Gen1)
	PLC Object  : FB_ComplexAction
	PLC Action  : A_ExchangeStamp
	PLC AState  : 3

02.03.2023 14:59:40 - 41539 - Piece already in slot
	Description : 
	Time        : 15:05:38.32
	ActionType  : ExchangePiece
	MachineMode : Manu
	MachineState: Active
	Object      : Gesim.GsStampSupport(StampSupport_Gen1)
	PLC Object  : FB_ComplexAction
	PLC Action  : A_ExchangeStamp
	PLC AState  : 3

02.03.2023 15:00:50 - 41571 - PieceExchangeFailed
	Description : 
	Time        : 15:06:48.45
	ActionType  : ExchangePiece
	MachineMode : Manu
	MachineState: Active
	Object      : Gesim.GsStampSupport(StampSupport_Gen1)
	PLC Object  : FB_ComplexAction
	PLC Action  : A_ExchangeStamp
	PLC AState  : 12

03.03.2023 09:17:12 - 41539 - Piece already in slot
	Description : 
	Time        : 09:23:14.68
	ActionType  : ExchangePiece
	MachineMode : Manu
	MachineState: Active
	Object      : Gesim.GsStampSupport(StampSupport_Gen1)
	PLC Object  : FB_ComplexAction
	PLC Action  : A_ExchangeStamp
	PLC AState  : 3

03.03.2023 09:22:00 - 41539 - Piece already in slot
	Description : 
	Time        : 09:28:02.34
	ActionType  : ExchangePiece
	MachineMode : Manu
	MachineState: Active
	Object      : Gesim.GsStampSupport(StampSupport_Gen1)
	PLC Object  : FB_ComplexAction
	PLC Action  : A_ExchangeStamp
	PLC AState  : 3

03.03.2023 09:29:09 - 41539 - Piece already in slot
	Description : 
	Time        : 09:35:12.16
	ActionType  : ExchangePiece
	MachineMode : Manu
	MachineState: Active
	Object      : Gesim.GsStampSupport(StampSupport_Gen1)
	PLC Object  : FB_ComplexAction
	PLC Action  : A_ExchangeStamp
	PLC AState  : 3

03.03.2023 09:31:40 - 41539 - Piece already in slot
	Description : 
	Time        : 09:37:42.82
	ActionType  : ExchangePiece
	MachineMode : Manu
	MachineState: Active
	Object      : Gesim.GsStampSupport(StampSupport_Gen1)
	PLC Object  : FB_ComplexAction
	PLC Action  : A_ExchangeStamp
	PLC AState  : 3

03.03.2023 09:32:10 - 41539 - Piece already in slot
	Description : 
	Time        : 09:38:12.53
	ActionType  : ExchangePiece
	MachineMode : Manu
	MachineState: Active
	Object      : Gesim.GsStampSupport(StampSupport_Gen1)
	PLC Object  : FB_ComplexAction
	PLC Action  : A_ExchangeStamp
	PLC AState  : 3

03.03.2023 09:33:14 - 41539 - Piece already in slot
	Description : 
	Time        : 09:39:16.22
	ActionType  : ExchangePiece
	MachineMode : Manu
	MachineState: Active
	Object      : Gesim.GsStampSupport(StampSupport_Gen1)
	PLC Object  : FB_ComplexAction
	PLC Action  : A_ExchangeStamp
	PLC AState  : 3

03.03.2023 09:33:48 - 41539 - Piece already in slot
	Description : 
	Time        : 09:39:50.98
	ActionType  : ExchangePiece
	MachineMode : Manu
	MachineState: Active
	Object      : Gesim.GsStampSupport(StampSupport_Gen1)
	PLC Object  : FB_ComplexAction
	PLC Action  : A_ExchangeStamp
	PLC AState  : 3

03.03.2023 10:03:10 - 41538 - No piece in slot
	Description : 
	Time        : 10:09:12.19
	ActionType  : ExchangePiece
	MachineMode : Manu
	MachineState: Active
	Object      : Gesim.GsStampSupport(StampSupport_Gen1)
	PLC Object  : FB_ComplexAction
	PLC Action  : A_ExchangeStamp
	PLC AState  : 3

03.03.2023 10:03:48 - 41538 - No piece in slot
	Description : 
	Time        : 10:09:50.69
	ActionType  : ExchangePiece
	MachineMode : Manu
	MachineState: Active
	Object      : Gesim.GsStampSupport(StampSupport_Gen1)
	PLC Object  : FB_ComplexAction
	PLC Action  : A_ExchangeStamp
	PLC AState  : 3

03.03.2023 10:04:20 - 41538 - No piece in slot
	Description : 
	Time        : 10:10:22.32
	ActionType  : ExchangePiece
	MachineMode : Manu
	MachineState: Active
	Object      : Gesim.GsStampSupport(StampSupport_Gen1)
	PLC Object  : FB_ComplexAction
	PLC Action  : A_ExchangeStamp
	PLC AState  : 3

03.03.2023 10:09:41 - 41986 - TimeoutWaitTargetReached
	Description : Internal error
	Time        : 10:15:43.20
	ActionType  : InitDevices
	MachineMode : Init
	MachineState: Active
	Object      : Gesim.GsStampSupport(StampSupport_Gen1)
	PLC Object  : FB_MzTool
	PLC Action  : A_Init
	PLC AState  : 1

03.03.2023 10:12:47 - 41986 - TimeoutWaitTargetReached
	Description : Internal error
	Time        : 10:18:50.16
	ActionType  : InitDevices
	MachineMode : Init
	MachineState: Active
	Object      : Gesim.GsStampSupport(StampSupport_Gen1)
	PLC Object  : FB_MzTool
	PLC Action  : A_Init
	PLC AState  : 1

03.03.2023 10:14:37 - 41491 - Device not initialized
	Description : 
	Time        : 10:14:37.13
	Command     : EXECUTE_ACTION
	Object      : Gesim.GsStampSupport(StampSupport_Gen1)
	Action      : Jog

03.03.2023 10:14:37 - 41491 - Device not initialized
	Description : 
	Time        : 10:14:37.13
	Command     : EXECUTE_ACTION
	Object      : Gesim.GsStampSupport(StampSupport_Gen1)
	Action      : Jog

03.03.2023 10:15:03 - 41731 - Init loop
	Description : Error during initialization - Internal error (4)
	Time        : 10:21:05.14
	ActionType  : InitDevices
	MachineMode : Init
	MachineState: Active
	Object      : Gesim.GsStampSupport(StampSupport_Gen1)
	PLC Object  : FB_MzTool
	PLC Action  : A_Init
	PLC AState  : 1

03.03.2023 11:44:59 - 50017 - Could not edit configuration
	Description : The configuration could not be edited.
	Time        : 11:44:59.14
	Exception   : Gesim.ConfigException: Object: Rack Stamp (2Inch/3Inch)-ObjectAlreadyOnAnotherParent
   at Gesim.GsMachine.createGsObject(GsObject gsObject)
   at Gesim.GsObjectDirectory.pasteObject(GsObject gsObject, GsObject parent, GsSlot slot, Int32 index)
   at Gesim.GsObjectDirectory.ReplaceObject(GsObject oldObject, GsObject newObject)
   at GesimRobotics.ViewModels.Objects.DisplayObject.replaceObject(GsObject obj)

03.03.2023 11:48:25 -  1864 - ADS port not opened
	Description : Internal error
	Time        : 11:48:25.83
	Command     : RESET_ERROR

03.03.2023 11:48:29 - 50000 - Internal Error
	Description : 
	Time        : 11:48:29.45
	Location    : GsMachine.GsPlcControl_ObjectWasMovedWithinOD 1

03.03.2023 11:48:30 - 50000 - Internal Error
	Description : 
	Time        : 11:48:30.49
	Location    : GsMachine.GsPlcControl_ObjectWasMovedWithinOD 2

03.03.2023 12:02:38 - 41617 - Sensor already switched
	Description : 
	Time        : 12:02:38.60
	Command     : EXECUTE_ACTION
	Object      : Gesim.GsStampSupport(StampSupport_Gen1)
	Action      : MeasureTool->Rack Stamp (2Inch/3Inch)

03.03.2023 12:06:43 - 41985 - TimeoutWaitSetpointAck
	Description : Internal error
	Time        : 12:12:46.62
	ActionType  : InitDevices
	MachineMode : Init
	MachineState: Active
	Object      : Gesim.GsHead(Head)
	PLC Object  : FB_MzHead
	PLC Action  : A_Init
	PLC AState  : 2

03.03.2023 12:06:51 - 41985 - TimeoutWaitSetpointAck
	Description : Internal error
	Time        : 12:12:53.88
	ActionType  : InitDevices
	MachineMode : Init
	MachineState: Active
	Object      : Gesim.GsHead(Head)
	PLC Object  : FB_MzHead
	PLC Action  : A_Init
	PLC AState  : 2

03.03.2023 12:07:23 - 41985 - TimeoutWaitSetpointAck
	Description : Internal error
	Time        : 12:13:26.74
	ActionType  : InitDevices
	MachineMode : Init
	MachineState: Active
	Object      : Gesim.GsHead(Head)
	PLC Object  : FB_MzHead
	PLC Action  : A_Init
	PLC AState  : 2

03.03.2023 12:11:39 - 41539 - Piece already in slot
	Description : 
	Time        : 12:17:41.58
	ActionType  : ExchangePiece
	MachineMode : Manu
	MachineState: Active
	Object      : Gesim.GsStampSupport(StampSupport_Gen1)
	PLC Object  : FB_ComplexAction
	PLC Action  : A_ExchangeStamp
	PLC AState  : 3

22.03.2023 11:24:31 - 17744 - Following error monitoring (position).
	Description : With active following error monitoring (position) a following error exceedance has occurred, whose magnitude is greater than the following error window, and whose duration is longer than the parameterised following error filter time.
	Time        : 11:47:16.67
	ActionType  : Undefined
	MachineMode : Maintenance
	MachineState: Active
	PLC Object  : UNDEFIEND
	PLC Action  : UNDEFIEND
	PLC AState  : 0

22.03.2023 11:24:32 - 17744 - Following error monitoring (position).
	Description : With active following error monitoring (position) a following error exceedance has occurred, whose magnitude is greater than the following error window, and whose duration is longer than the parameterised following error filter time.
	Time        : 11:47:16.68
	ActionType  : Undefined
	MachineMode : Maintenance
	MachineState: Active
	PLC Object  : UNDEFIEND
	PLC Action  : UNDEFIEND
	PLC AState  : 0

22.03.2023 13:09:29 - 41216 - Communication timeout
	Description : Communication timeout - diluter.
	Time        : 13:32:13.80
	ActionType  : InitDevices
	MachineMode : Init
	MachineState: Active
	PLC Object  : FB_Diluter
	PLC Action  : A_Init
	PLC AState  : 1

22.03.2023 13:09:30 - 41216 - Communication timeout
	Description : Communication timeout - diluter.
	Time        : 13:32:14.03
	ActionType  : InitDevices
	MachineMode : Init
	MachineState: Error
	PLC Object  : FB_Diluter
	PLC Action  : A_Init
	PLC AState  : 1

22.03.2023 13:17:00 - 41995 - InvalidToolConfig
	Description : 
	Time        : 13:39:44.53
	ActionType  : Undefined
	MachineMode : Config
	MachineState: Active
	PLC Object  : FB_MultiZRef
	PLC Action  : A_SetConfig
	PLC AState  : 0

22.03.2023 13:17:00 - 41995 - InvalidToolConfig
	Description : 
	Time        : 13:39:44.54
	ActionType  : Undefined
	MachineMode : Config
	MachineState: Active
	PLC Object  : FB_Configuration
	PLC Action  : A_Activate
	PLC AState  : 0

23.03.2023 08:04:16 - 41216 - Communication timeout
	Description : Communication timeout - diluter.
	Time        : 08:27:03.38
	ActionType  : InitDevices
	MachineMode : Init
	MachineState: Active
	PLC Object  : FB_Diluter
	PLC Action  : A_Init
	PLC AState  : 1

23.03.2023 08:04:17 - 41216 - Communication timeout
	Description : Communication timeout - diluter.
	Time        : 08:27:03.61
	ActionType  : InitDevices
	MachineMode : Init
	MachineState: Error
	PLC Object  : FB_Diluter
	PLC Action  : A_Init
	PLC AState  : 1

23.03.2023 10:24:23 - 41569 - Risk of crash: Jog
	Description : Can not jog long distances in this area.
	Time        : 10:24:23.81
	Command     : EXECUTE_ACTION
	Object      : Gesim.GsCartridgeHolder(7CatridgeHolderNoHeater)
	Action      : Jog

23.03.2023 10:29:06 - 41473 - Invalid mode
	Description : Command cannot be executed in this mode.
	Time        : 10:29:06.00
	Command     : EXECUTE_ACTION
	Object      : Gesim.GsHead(Head)
	Action      : Jog

23.03.2023 10:29:09 - 41473 - Invalid mode
	Description : Command cannot be executed in this mode.
	Time        : 10:29:09.46
	Command     : EXECUTE_ACTION
	Object      : Gesim.GsHead(Head)
	Action      : Jog

23.03.2023 10:35:17 - 41476 - Object does not exist
	Description : 
	Time        : 10:35:17.20
	Command     : READ_ALL_PROPS
	Object      : Gesim.GsDiluter(Diluter 3-Way)

23.03.2023 10:36:12 - 41473 - Invalid mode
	Description : Command cannot be executed in this mode.
	Time        : 10:36:12.74
	Command     : EXECUTE_ACTION
	Object      : Gesim.GsHead(Head)
	Action      : Jog

23.03.2023 10:36:12 - 41473 - Invalid mode
	Description : Command cannot be executed in this mode.
	Time        : 10:36:12.75
	Command     : EXECUTE_ACTION
	Object      : Gesim.GsHead(Head)
	Action      : Jog

23.03.2023 11:05:58 - 41503 - Configuration not activated
	Description : 
	Time        : 11:05:58.44
	Command     : CHANGE_MODE

23.03.2023 12:09:00 - 41491 - Device not initialized
	Description : 
	Time        : 12:31:47.13
	ActionType  : MoveZ
	MachineMode : Auto
	MachineState: Running
	Object      : Gesim.GsHead(Head)
	PLC Object  : FB_MzHead
	PLC Action  : A_MoveZ
	PLC AState  : 80

23.03.2023 12:09:00 - 41491 - Device not initialized
	Description : 
	Time        : 12:31:47.13
	ActionType  : Undefined
	MachineMode : Auto
	MachineState: Running
	Object      : Gesim.GsHead(Head)
	PLC Object  : GCode
	PLC Action  : A_Start
	PLC AState  : 2

23.03.2023 12:59:54 - 41478 - Invalid state
	Description : Command can not be executed in this state.
	Time        : 12:59:54.20
	Command     : EXECUTE_ACTION
	Object      : Gesim.GsCartridgeDisp(5Cartridge Dispenser (10ml))
	Action      : Switch Pressure->PressOn

23.03.2023 13:04:23 - 41474 - Mode change impossible
	Description : Mode can only be changed in state "idle".
	Time        : 13:04:23.35
	Command     : CHANGE_MODE

23.03.2023 13:04:25 - 41473 - Invalid mode
	Description : Command cannot be executed in this mode.
	Time        : 13:04:25.68
	Command     : WRITE_HW_PROP
	Comment     : ModulId: 65537 PropType: WorkplateDim Value: 588000

23.03.2023 13:11:37 - 41473 - Invalid mode
	Description : Command cannot be executed in this mode.
	Time        : 13:11:37.48
	Command     : EXECUTE_ACTION
	Object      : Gesim.GsCartridgeHolder(3CatridgeHolderNoHeater)
	Action      : Jog

23.03.2023 13:11:37 - 41473 - Invalid mode
	Description : Command cannot be executed in this mode.
	Time        : 13:11:37.49
	Command     : EXECUTE_ACTION
	Object      : Gesim.GsCartridgeHolder(3CatridgeHolderNoHeater)
	Action      : Jog

23.03.2023 13:11:37 - 41749 - FollowingErrorZAxis
	Description : 
	Time        : 13:34:23.98
	ActionType  : Jog
	MachineMode : Manu
	MachineState: Active
	Object      : Gesim.GsCartridgeHolder(3CatridgeHolderNoHeater)
	PLC Object  : FB_MzTool
	PLC Action  : A_JogZ
	PLC AState  : 80

23.03.2023 13:12:22 - 41749 - FollowingErrorZAxis
	Description : 
	Time        : 13:35:08.98
	ActionType  : MoveZ
	MachineMode : Auto
	MachineState: Running
	Object      : Gesim.GsCartridgeDisp(Cartridge Dispenser (10ml))
	PLC Object  : FB_MzTool
	PLC Action  : A_MoveZ
	PLC AState  : 0

23.03.2023 13:12:22 - 41749 - FollowingErrorZAxis
	Description : 
	Time        : 13:35:08.98
	ActionType  : Undefined
	MachineMode : Auto
	MachineState: Running
	PLC Object  : GCode
	PLC Action  : A_MoveZ
	PLC AState  : 1

23.03.2023 13:36:11 - 41474 - Mode change impossible
	Description : Mode can only be changed in state "idle".
	Time        : 13:36:11.07
	Command     : CHANGE_MODE

23.03.2023 13:36:16 - 41473 - Invalid mode
	Description : Command cannot be executed in this mode.
	Time        : 13:36:16.38
	Command     : WRITE_HW_PROP
	Comment     : ModulId: 65537 PropType: WorkplateDim Value: 588000

24.03.2023 07:47:15 - 41535 - Z-Sensor not calibrated
	Description : 
	Time        : 08:10:03.34
	ActionType  : Measure
	MachineMode : Manu
	MachineState: Active
	Object      : Gesim.GsZSensor(ZSensor)
	PLC Object  : FB_ComplexAction
	PLC Action  : A_MeasureTarget
	PLC AState  : 0

24.03.2023 07:48:08 - 41747 - Z-Sensor switch not found
	Description : Measurement: switching point not reached - Internal error (20)
	Time        : 08:10:56.31
	ActionType  : MoveZ
	MachineMode : Manu
	MachineState: Active
	Object      : Gesim.GsZSensor(ZSensor)
	PLC Object  : FB_MzTool
	PLC Action  : A_MoveZ
	PLC AState  : 0

24.03.2023 07:48:09 - 41747 - Z-Sensor switch not found
	Description : Measurement: switching point not reached - Internal error (20)
	Time        : 08:10:56.32
	ActionType  : Measure
	MachineMode : Manu
	MachineState: Active
	Object      : Gesim.GsZSensor(ZSensor)
	PLC Object  : FB_ComplexAction
	PLC Action  : A_MeasureTarget
	PLC AState  : 4

24.03.2023 08:06:36 - 41623 - Calibration point has an offset
	Description : 
	Time        : 08:06:36.73
	Command     : EXECUTE_ACTION
	Object      : Gesim.GsZSensor(ZSensor)
	Action      : Calibrate Z-Sensor

24.03.2023 09:13:44 - 41568 - Target position out of range - Z
	Description : Tool cannot move to target.
	Time        : 09:36:32.08
	ActionType  : Measure
	MachineMode : Manu
	MachineState: Active
	Object      : Gesim.GsZSensor(ZSensor)
	PLC Object  : FB_ComplexAction
	PLC Action  : A_MeasureTarget
	PLC AState  : 2

24.03.2023 09:14:19 - 41747 - Z-Sensor switch not found
	Description : Measurement: switching point not reached - Internal error (20)
	Time        : 09:37:07.08
	ActionType  : MoveZ
	MachineMode : Manu
	MachineState: Active
	Object      : Gesim.GsZSensor(ZSensor)
	PLC Object  : FB_MzTool
	PLC Action  : A_MoveZ
	PLC AState  : 0

24.03.2023 09:14:19 - 41747 - Z-Sensor switch not found
	Description : Measurement: switching point not reached - Internal error (20)
	Time        : 09:37:07.09
	ActionType  : Measure
	MachineMode : Manu
	MachineState: Active
	Object      : Gesim.GsZSensor(ZSensor)
	PLC Object  : FB_ComplexAction
	PLC Action  : A_MeasureTarget
	PLC AState  : 4

24.03.2023 09:59:57 - 41567 - Target position out of range - Y
	Description : Tool cannot move to target.
	Time        : 10:22:45.26
	ActionType  : CalibrateZSensor
	MachineMode : Manu
	MachineState: Active
	Object      : Gesim.GsZSensor(ZSensor)
	PLC Object  : FB_ComplexAction
	PLC Action  : A_CalibrateZSensor
	PLC AState  : 0

24.03.2023 10:48:01 - 41575 - StopButtonNotReleased
	Description : 
	Time        : 10:48:01.54
	Command     : EXECUTE_ACTION

24.03.2023 11:04:06 - 41575 - StopButtonNotReleased
	Description : 
	Time        : 11:04:06.76
	Command     : EXECUTE_ACTION

24.03.2023 11:11:15 - 41575 - StopButtonNotReleased
	Description : 
	Time        : 11:11:15.50
	Command     : EXECUTE_ACTION
	Object      : Gesim.GsHead(Head)
	Action      : Jog

24.03.2023 11:24:49 - 41575 - StopButtonNotReleased
	Description : 
	Time        : 11:24:49.41
	Command     : EXECUTE_ACTION

24.03.2023 11:36:30 - 50013 - Changed configuration
	Description : The current configuration has changed significantly. Some settings might have changed.
	Time        : 11:36:30.94

24.03.2023 11:49:25 - 41525 - System fluid bottle empty
	Description : 
	Time        : 12:12:12.66
	ActionType  : Undefined
	MachineMode : Manu
	MachineState: Idle
	PLC Object  : FB_DeviceBase
	PLC Action  : UNDEFIEND
	PLC AState  : 0

24.03.2023 11:54:16 - 41476 - Object does not exist
	Description : 
	Time        : 11:54:16.63
	Command     : READ_ALL_PROPS
	Object      : Gesim.GsDiluter(Diluter 3-Way)

24.03.2023 11:54:23 - 41476 - Object does not exist
	Description : 
	Time        : 11:54:23.33
	Command     : WRITE_ALL_PROPS
	Object      : Gesim.GsDiluter(Diluter 3-Way)

24.03.2023 11:56:44 - 41527 - Timeout while filling PCV
	Description : A timeout occurred while filling the pressure compensation vessel.
	Time        : 12:19:31.96
	ActionType  : Undefined
	MachineMode : Manu
	MachineState: Idle
	PLC Object  : FB_DeviceBase
	PLC Action  : UNDEFIEND
	PLC AState  : 0

24.03.2023 12:06:26 - 41527 - Timeout while filling PCV
	Description : A timeout occurred while filling the pressure compensation vessel.
	Time        : 12:29:14.30
	ActionType  : Undefined
	MachineMode : Manu
	MachineState: Idle
	PLC Object  : FB_DeviceBase
	PLC Action  : UNDEFIEND
	PLC AState  : 0

24.03.2023 12:14:38 - 41527 - Timeout while filling PCV
	Description : A timeout occurred while filling the pressure compensation vessel.
	Time        : 12:37:26.40
	ActionType  : Undefined
	MachineMode : Manu
	MachineState: Idle
	PLC Object  : FB_DeviceBase
	PLC Action  : UNDEFIEND
	PLC AState  : 0

24.03.2023 13:18:44 - 41526 - Waste bottle full
	Description : 
	Time        : 13:18:44.09
	Command     : EXECUTE_ACTION
	Object      : Gesim.GsPiezoPip(PiezoPipette Nano (Heatable))
	Action      : Wash->Washpoint 1->WashOutside->10 s

24.03.2023 14:42:46 - 41502 - Pipet move with Z-Sensor
	Description : The pipet cannot move with Z-Sensor mounted.
	Time        : 15:05:34.25
	ActionType  : MoveToTarget
	MachineMode : Manu
	MachineState: Active
	PLC Object  : FB_ComplexAction
	PLC Action  : A_MoveToTarget
	PLC AState  : 0

24.03.2023 14:43:05 - 41502 - Pipet move with Z-Sensor
	Description : The pipet cannot move with Z-Sensor mounted.
	Time        : 15:05:52.84
	ActionType  : ActionOnArray
	MachineMode : Manu
	MachineState: Active
	Object      : Gesim.GsPiezoPip(PiezoPipette Nano (Heatable))
	PLC Object  : FB_ComplexAction
	PLC Action  : A_ActionOnArray
	PLC AState  : 1

24.03.2023 14:43:09 - 41502 - Pipet move with Z-Sensor
	Description : The pipet cannot move with Z-Sensor mounted.
	Time        : 15:05:57.19
	ActionType  : WashTool
	MachineMode : Manu
	MachineState: Active
	Object      : Gesim.GsPiezoPip(PiezoPipette Nano (Heatable))
	PLC Object  : FB_ComplexAction
	PLC Action  : A_WashTool
	PLC AState  : 1

24.03.2023 14:43:18 - 41502 - Pipet move with Z-Sensor
	Description : The pipet cannot move with Z-Sensor mounted.
	Time        : 15:06:05.67
	ActionType  : MoveToTarget
	MachineMode : Manu
	MachineState: Active
	Object      : Gesim.GsPiezoPip(PiezoPipette Nano (Heatable))
	PLC Object  : FB_ComplexAction
	PLC Action  : A_MoveToTarget
	PLC AState  : 0

24.03.2023 14:43:48 - 41502 - Pipet move with Z-Sensor
	Description : The pipet cannot move with Z-Sensor mounted.
	Time        : 15:06:36.23
	ActionType  : GetPipSample
	MachineMode : Manu
	MachineState: Active
	Object      : Gesim.GsPiezoPip(PiezoPipette Nano (Heatable))
	PLC Object  : FB_ComplexAction
	PLC Action  : A_GetPipSample
	PLC AState  : 1

24.03.2023 14:46:53 - 50013 - Changed configuration
	Description : The current configuration has changed significantly. Some settings might have changed.
	Time        : 14:46:53.54

24.03.2023 14:47:22 - 16660 - GCode-File too big
	Description : 
	Time        : 15:10:10.30
	ActionType  : Undefined
	MachineMode : Manu
	MachineState: Active
	PLC Object  : GCode
	PLC Action  : A_Load
	PLC AState  : 2

24.03.2023 14:47:47 - 41597 - Device is not locked
	Description : 
	Time        : 15:10:34.48
	ActionType  : Undefined
	MachineMode : Manu
	MachineState: Active
	Object      : Gesim.GsExtruder(SyringeExtruder)
	PLC Object  : GCode
	PLC Action  : A_Start
	PLC AState  : 1

27.03.2023 06:54:57 - 41597 - Device is not locked
	Description : 
	Time        : 07:17:50.34
	ActionType  : Undefined
	MachineMode : Auto
	MachineState: Running
	Object      : Gesim.GsExtruder(SyringeExtruder)
	PLC Object  : GCode
	PLC Action  : A_Start
	PLC AState  : 1

27.03.2023 06:55:26 - 17085 - Limit exceeded
	Description : NC-Block violates software limit switches of the group.
	Time        : 07:18:19.20
	ActionType  : Undefined
	MachineMode : Auto
	MachineState: Running
	Object      : Gesim.GsExtruder(SyringeExtruder)
	PLC Object  : GCode
	PLC Action  : A_Run
	PLC AState  : 20

27.03.2023 06:55:40 - 17085 - Limit exceeded
	Description : NC-Block violates software limit switches of the group.
	Time        : 07:18:33.54
	ActionType  : Undefined
	MachineMode : Auto
	MachineState: Running
	Object      : Gesim.GsExtruder(SyringeExtruder)
	PLC Object  : GCode
	PLC Action  : A_Run
	PLC AState  : 20

27.03.2023 06:57:01 - 17085 - Limit exceeded
	Description : NC-Block violates software limit switches of the group.
	Time        : 07:18:33.54
	ActionType  : Undefined
	MachineMode : Auto
	MachineState: Running
	Object      : Gesim.GsExtruder(SyringeExtruder)
	PLC Object  : GCode
	PLC Action  : A_Run
	PLC AState  : 20

27.03.2023 08:15:10 - 41587 - HighVoltSupplyOff
	Description : High voltage supply not available or not switched on
	Time        : 08:15:10.37
	Command     : EXECUTE_ACTION
	Object      : Gesim.GsHighVoltTray(HighVoltTray)
	Action      : Switch Voltage

27.03.2023 08:15:27 - 41587 - HighVoltSupplyOff
	Description : High voltage supply not available or not switched on
	Time        : 08:15:27.64
	Command     : EXECUTE_ACTION
	Object      : Gesim.GsHighVoltTray(HighVoltTray)
	Action      : Switch Voltage

27.03.2023 08:48:47 - 41216 - Communication timeout
	Description : Communication timeout - diluter.
	Time        : 09:11:41.17
	ActionType  : InitDevices
	MachineMode : Init
	MachineState: Active
	PLC Object  : FB_Diluter
	PLC Action  : A_Init
	PLC AState  : 1

27.03.2023 08:48:47 - 41216 - Communication timeout
	Description : Communication timeout - diluter.
	Time        : 09:11:41.40
	ActionType  : InitDevices
	MachineMode : Init
	MachineState: Error
	PLC Object  : FB_Diluter
	PLC Action  : A_Init
	PLC AState  : 1

27.03.2023 09:00:49 - 41473 - Invalid mode
	Description : Command cannot be executed in this mode.
	Time        : 09:00:49.75
	Command     : EXECUTE_ACTION
	Object      : Gesim.GsHighVoltTray(HighVoltTray)
	Action      : Set Voltage->10 kV

27.03.2023 12:04:03 - 50013 - Changed configuration
	Description : The current configuration has changed significantly. Some settings might have changed.
	Time        : 12:04:03.00

27.03.2023 12:04:27 - 41597 - Device is not locked
	Description : 
	Time        : 12:27:20.86
	ActionType  : Undefined
	MachineMode : Manu
	MachineState: Active
	Object      : Gesim.GsHybridDispenser(Hybrid Dispenser)
	PLC Object  : GCode
	PLC Action  : A_Start
	PLC AState  : 1

29.03.2023 07:10:03 - 41525 - System fluid bottle empty
	Description : 
	Time        : 07:10:03.01
	Command     : EXECUTE_ACTION
	Object      : Gesim.GsPassivePip(DiluterDispenser)
	Action      : Dispense->5000 µl->200 µl/s

29.03.2023 07:11:10 - 41526 - Waste bottle full
	Description : 
	Time        : 07:11:10.99
	Command     : EXECUTE_ACTION
	Object      : Gesim.GsPassivePip(DiluterDispenser)
	Action      : Dispense->5000 µl->200 µl/s

29.03.2023 07:11:50 - 41478 - Invalid state
	Description : Command can not be executed in this state.
	Time        : 07:34:46.65
	ActionType  : Dispense
	MachineMode : Manu
	MachineState: Active
	Object      : Gesim.GsPassivePip(DiluterDispenser)
	PLC Object  : FB_PassivPip
	PLC Action  : A_Dispense
	PLC AState  : 0

29.03.2023 07:12:04 - 41478 - Invalid state
	Description : Command can not be executed in this state.
	Time        : 07:35:00.06
	ActionType  : Dispense
	MachineMode : Manu
	MachineState: Active
	Object      : Gesim.GsPassivePip(DiluterDispenser)
	PLC Object  : FB_PassivPip
	PLC Action  : A_Dispense
	PLC AState  : 0

29.03.2023 07:14:43 - 41597 - Device is not locked
	Description : 
	Time        : 07:14:43.97
	Command     : EXECUTE_ACTION
	Object      : Gesim.GsExtruder(SyringeExtruder)
	Action      : Extrude->Extruder On

29.03.2023 07:17:19 - 41567 - Target position out of range - Y
	Description : Tool cannot move to target.
	Time        : 07:17:19.85
	Command     : EXECUTE_ACTION
	Object      : Gesim.GsHybridDispenser(Hybrid Dispenser)
	Action      : Move to Target->Mtp96_Horizontal->Well: A1->Top

29.03.2023 07:20:21 - 50013 - Changed configuration
	Description : The current configuration has changed significantly. Some settings might have changed.
	Time        : 07:20:21.54

29.03.2023 07:20:38 - 42247 - Scaffold Height Exceeded
	Description : Tool cannot move to all needed print positions (Z).
	Time        : 07:43:33.85
	ActionType  : Undefined
	MachineMode : Manu
	MachineState: Active
	Object      : Gesim.GsHybridDispenser(Hybrid Dispenser)
	PLC Object  : FB_HskMFunc
	PLC Action  : A_AssignRParamHeader
	PLC AState  : 2

29.03.2023 07:21:16 - 42247 - Scaffold Height Exceeded
	Description : Tool cannot move to all needed print positions (Z).
	Time        : 07:44:12.22
	ActionType  : Undefined
	MachineMode : Manu
	MachineState: Active
	Object      : Gesim.GsHybridDispenser(Hybrid Dispenser)
	PLC Object  : FB_HskMFunc
	PLC Action  : A_AssignRParamHeader
	PLC AState  : 2

29.03.2023 07:42:57 - 50013 - Changed configuration
	Description : The current configuration has changed significantly. Some settings might have changed.
	Time        : 07:42:57.47

30.03.2023 07:26:51 - 41216 - Communication timeout
	Description : Communication timeout - diluter.
	Time        : 07:49:49.81
	ActionType  : InitDevices
	MachineMode : Init
	MachineState: Active
	PLC Object  : FB_Diluter
	PLC Action  : A_Init
	PLC AState  : 1

30.03.2023 07:26:51 - 41216 - Communication timeout
	Description : Communication timeout - diluter.
	Time        : 07:49:50.04
	ActionType  : InitDevices
	MachineMode : Init
	MachineState: Error
	PLC Object  : FB_Diluter
	PLC Action  : A_Init
	PLC AState  : 1

30.03.2023 09:44:06 - 41587 - HighVoltSupplyOff
	Description : High voltage supply not available or not switched on
	Time        : 09:44:06.64
	Command     : EXECUTE_ACTION
	Object      : Gesim.GsHighVoltTray(HighVoltTray)
	Action      : Switch Voltage

30.03.2023 09:51:20 - 41575 - StopButtonNotReleased
	Description : 
	Time        : 09:51:20.56
	Command     : EXECUTE_ACTION

30.03.2023 10:02:06 - 41747 - Z-Sensor switch not found
	Description : Measurement: switching point not reached - Internal error (20)
	Time        : 10:25:03.50
	ActionType  : MoveZ
	MachineMode : Manu
	MachineState: Active
	Object      : Gesim.GsZSensor(ZSensor)
	PLC Object  : FB_MzTool
	PLC Action  : A_MoveZ
	PLC AState  : 0

30.03.2023 10:02:06 - 41747 - Z-Sensor switch not found
	Description : Measurement: switching point not reached - Internal error (20)
	Time        : 10:25:03.51
	ActionType  : Measure
	MachineMode : Manu
	MachineState: Active
	Object      : Gesim.GsZSensor(ZSensor)
	PLC Object  : FB_ComplexAction
	PLC Action  : A_MeasureTarget
	PLC AState  : 4

31.03.2023 06:57:28 - 41556 - Head not in free Z-pos.
	Description : 
	Time        : 07:20:29.75
	ActionType  : InitDevices
	MachineMode : Init
	MachineState: Active
	Object      : Gesim.GsHead(Head)
	PLC Object  : FB_MzHead
	PLC Action  : A_Init
	PLC AState  : 3

31.03.2023 09:47:07 - 41216 - Communication timeout
	Description : Communication timeout - diluter.
	Time        : 10:10:09.03
	ActionType  : InitDevices
	MachineMode : Init
	MachineState: Active
	PLC Object  : FB_Diluter
	PLC Action  : A_Init
	PLC AState  : 1

31.03.2023 09:47:08 - 41216 - Communication timeout
	Description : Communication timeout - diluter.
	Time        : 10:10:09.26
	ActionType  : InitDevices
	MachineMode : Init
	MachineState: Error
	PLC Object  : FB_Diluter
	PLC Action  : A_Init
	PLC AState  : 1

31.03.2023 09:48:12 - 41597 - Device is not locked
	Description : 
	Time        : 10:11:13.21
	ActionType  : Undefined
	MachineMode : Manu
	MachineState: Active
	Object      : Gesim.GsExtruder(SyringeExtruder)
	PLC Object  : GCode
	PLC Action  : A_Start
	PLC AState  : 1

31.03.2023 09:48:51 - 41488 - Pressure timeout
	Description : 
	Time        : 10:11:52.62
	ActionType  : Undefined
	MachineMode : Manu
	MachineState: Active
	Object      : Gesim.GsCartridgeDisp(CartridgeDispenser (Core1))
	PLC Object  : FB_CartridgeDisp
	PLC Action  : UNDEFIEND
	PLC AState  : 0

31.03.2023 09:49:16 - 41478 - Invalid state
	Description : Command can not be executed in this state.
	Time        : 10:12:17.76
	ActionType  : Undefined
	MachineMode : Manu
	MachineState: Active
	Object      : Gesim.GsMultiCartHolder(CoreShellHolder)
	PLC Object  : FB_HskMFunc
	PLC Action  : A_SetPrintParams
	PLC AState  : 0

31.03.2023 09:50:53 - 41992 - MultiZIsStillMoving
	Description : Internal error
	Time        : 09:50:53.97
	Command     : EXECUTE_ACTION
	Object      : Gesim.GsMultiCartHolder(CoreShellHolder)
	Action      : Move Z->Home

31.03.2023 09:57:10 - 41995 - InvalidToolConfig
	Description : 
	Time        : 10:20:11.94
	ActionType  : Undefined
	MachineMode : Config
	MachineState: Active
	PLC Object  : FB_MultiZRef
	PLC Action  : A_SetConfig
	PLC AState  : 0

31.03.2023 09:57:10 - 41995 - InvalidToolConfig
	Description : 
	Time        : 10:20:11.95
	ActionType  : Undefined
	MachineMode : Config
	MachineState: Active
	PLC Object  : FB_Configuration
	PLC Action  : A_Activate
	PLC AState  : 0

31.03.2023 09:57:22 - 41995 - InvalidToolConfig
	Description : 
	Time        : 10:20:11.95
	ActionType  : Undefined
	MachineMode : Config
	MachineState: Active
	PLC Object  : FB_Configuration
	PLC Action  : A_Activate
	PLC AState  : 0

31.03.2023 10:50:28 - 41503 - Configuration not activated
	Description : 
	Time        : 10:50:28.46
	Command     : CHANGE_MODE

31.03.2023 10:51:41 - 41503 - Configuration not activated
	Description : 
	Time        : 10:51:41.11
	Command     : CHANGE_MODE

31.03.2023 10:53:59 - 50013 - Changed configuration
	Description : The current configuration has changed significantly. Some settings might have changed.
	Time        : 10:53:59.69

31.03.2023 10:54:48 - 41069 - No nozzle on tool
	Description : A printing tool was configured without a nozzle.
	Time        : 11:17:50.22
	ActionType  : Undefined
	MachineMode : Config
	MachineState: Active
	Object      : Gesim.GsExtruder(SyringeExtruder)
	PLC Object  : UNDEFIEND
	PLC Action  : UNDEFIEND
	PLC AState  : 0

31.03.2023 10:54:53 - 41069 - No nozzle on tool
	Description : A printing tool was configured without a nozzle.
	Time        : 11:17:54.94
	ActionType  : Undefined
	MachineMode : Config
	MachineState: Active
	Object      : Gesim.GsExtruder(SyringeExtruder)
	PLC Object  : UNDEFIEND
	PLC Action  : UNDEFIEND
	PLC AState  : 0

31.03.2023 10:56:16 - 41568 - Target position out of range - Z
	Description : Tool cannot move to target.
	Time        : 10:56:16.99
	Command     : EXECUTE_ACTION
	Object      : Gesim.GsHybridDispenser(Hybrid Dispenser)
	Action      : Move Z->Relative->40 mm->72 mm/s

31.03.2023 10:56:24 - 41568 - Target position out of range - Z
	Description : Tool cannot move to target.
	Time        : 10:56:24.60
	Command     : EXECUTE_ACTION
	Object      : Gesim.GsHybridDispenser(Hybrid Dispenser)
	Action      : Move Z->Relative->30 mm->72 mm/s

31.03.2023 10:56:29 - 41568 - Target position out of range - Z
	Description : Tool cannot move to target.
	Time        : 10:56:29.16
	Command     : EXECUTE_ACTION
	Object      : Gesim.GsHybridDispenser(Hybrid Dispenser)
	Action      : Move Z->Relative->20 mm->72 mm/s

31.03.2023 10:56:33 - 41568 - Target position out of range - Z
	Description : Tool cannot move to target.
	Time        : 10:56:33.95
	Command     : EXECUTE_ACTION
	Object      : Gesim.GsHybridDispenser(Hybrid Dispenser)
	Action      : Move Z->Relative->10 mm->72 mm/s

31.03.2023 10:58:37 - 41568 - Target position out of range - Z
	Description : Tool cannot move to target.
	Time        : 10:58:37.72
	Command     : EXECUTE_ACTION
	Object      : Gesim.GsHybridDispenser(Hybrid Dispenser)
	Action      : Move Z->Relative->10 mm->72 mm/s

31.03.2023 10:59:01 - 41622 - Invalid clean wire speed
	Description : 
	Time        : 10:59:01.47
	Command     : EXECUTE_ACTION
	Object      : Gesim.GsHybridDispenser(Hybrid Dispenser)
	Action      : Clean Tip->Wire->CleaningBrush Polyamide

31.03.2023 10:59:39 - 41622 - Invalid clean wire speed
	Description : 
	Time        : 10:59:39.09
	Command     : EXECUTE_ACTION
	Object      : Gesim.GsHybridDispenser(Hybrid Dispenser)
	Action      : Clean Tip->Wire->CleaningBrush Polyamide

31.03.2023 11:00:12 - 41500 - Target position out of range - X
	Description : Tool cannot move to target.
	Time        : 11:00:12.76
	Command     : EXECUTE_ACTION
	Object      : Gesim.GsHybridDispenser(Hybrid Dispenser)
	Action      : Move to Target->Mtp96_Horizontal->Well: H12->Top

31.03.2023 11:00:17 - 41500 - Target position out of range - X
	Description : Tool cannot move to target.
	Time        : 11:00:17.85
	Command     : EXECUTE_ACTION
	Object      : Gesim.GsHybridDispenser(Hybrid Dispenser)
	Action      : Move to Target->Mtp96_Horizontal->Well: A12->Top

31.03.2023 11:55:32 - 50001 - Camera not found
	Description : The specified camera could not be found.
	Time        : 11:55:32.33
	Exception   : System.InvalidOperationException: Sequence contains no matching element
   at System.Linq.Enumerable.First[TSource](IEnumerable`1 source, Func`2 predicate)
   at GesimRobotics.CameraOptions.GetCamera(String id)
   at GesimRobotics.ViewModels.CameraControl..ctor(String id, CameraType type)

31.03.2023 11:56:07 - 41502 - Pipet move with Z-Sensor
	Description : The pipet cannot move with Z-Sensor mounted.
	Time        : 12:19:08.92
	ActionType  : MoveToTarget
	MachineMode : Manu
	MachineState: Active
	PLC Object  : FB_ComplexAction
	PLC Action  : A_MoveToTarget
	PLC AState  : 0

31.03.2023 12:12:01 - 41216 - Communication timeout
	Description : Communication timeout - diluter.
	Time        : 12:35:01.90
	ActionType  : InitDevices
	MachineMode : Init
	MachineState: Active
	PLC Object  : FB_Diluter
	PLC Action  : A_Init
	PLC AState  : 1

31.03.2023 12:12:01 - 41216 - Communication timeout
	Description : Communication timeout - diluter.
	Time        : 12:35:02.13
	ActionType  : InitDevices
	MachineMode : Init
	MachineState: Error
	PLC Object  : FB_Diluter
	PLC Action  : A_Init
	PLC AState  : 1

03.04.2023 13:52:09 - 41728 - No Z-axis
	Description : Z-axis is not available - Internal error (1)
	Time        : 14:55:11.28
	ActionType  : Undefined
	MachineMode : Config
	MachineState: Active
	PLC Object  : FB_MultiZRef
	PLC Action  : A_SetConfig
	PLC AState  : 0

03.04.2023 13:52:09 - 41728 - No Z-axis
	Description : Z-axis is not available - Internal error (1)
	Time        : 14:55:11.29
	ActionType  : Undefined
	MachineMode : Config
	MachineState: Active
	PLC Object  : FB_Configuration
	PLC Action  : A_Activate
	PLC AState  : 0

03.04.2023 13:52:23 - 41728 - No Z-axis
	Description : Z-axis is not available - Internal error (1)
	Time        : 14:55:11.29
	ActionType  : Undefined
	MachineMode : Config
	MachineState: Active
	PLC Object  : FB_Configuration
	PLC Action  : A_Activate
	PLC AState  : 0

03.04.2023 14:01:05 - 41728 - No Z-axis
	Description : Z-axis is not available - Internal error (1)
	Time        : 14:01:05.16
	Command     : SETUP_AXIS

03.04.2023 14:01:18 - 41728 - No Z-axis
	Description : Z-axis is not available - Internal error (1)
	Time        : 14:01:18.80
	Command     : SETUP_AXIS

04.04.2023 13:20:02 -  1817 - device has a timeout
	Description : 
	Time        : 12:51:18.63
	ActionType  : Undefined
	MachineMode : Config
	MachineState: Idle
	PLC Object  : ScanHwModules
	PLC Action  : UNDEFIEND
	PLC AState  : 11

04.04.2023 13:20:14 - 41478 - Invalid state
	Description : Command can not be executed in this state.
	Time        : 13:20:14.53
	Command     : SETUP_AXIS

04.04.2023 13:20:32 -  1817 - device has a timeout
	Description : 
	Time        : 12:51:18.63
	ActionType  : Undefined
	MachineMode : Config
	MachineState: Idle
	PLC Object  : ScanHwModules
	PLC Action  : UNDEFIEND
	PLC AState  : 11

04.04.2023 13:21:39 -  1817 - device has a timeout
	Description : 
	Time        : 13:24:43.59
	ActionType  : Undefined
	MachineMode : Config
	MachineState: Idle
	PLC Object  : ScanHwModules
	PLC Action  : UNDEFIEND
	PLC AState  : 11

04.04.2023 13:25:19 - 50005 - Connection error
	Description : The connection to the device could not be established.
	Time        : 13:25:19.16
	Exception   : System.InvalidOperationException: This BackgroundWorker is currently busy and cannot run multiple tasks concurrently.
   at Gesim.GsMachine.Connect(String routeName, Boolean record, Boolean withoutActivation)
   at GesimRobotics.ViewModels.Dialogs.DebugMenuDialog.connect()

04.04.2023 13:25:39 - 50005 - Connection error
	Description : The connection to the device could not be established.
	Time        : 13:25:39.94
	Exception   : System.InvalidOperationException: This BackgroundWorker is currently busy and cannot run multiple tasks concurrently.
   at Gesim.GsMachine.Connect(String routeName, Boolean record, Boolean withoutActivation)
   at GesimRobotics.ViewModels.Dialogs.DebugMenuDialog.connect()

04.04.2023 13:27:58 -  1817 - device has a timeout
	Description : 
	Time        : 13:31:02.66
	ActionType  : Undefined
	MachineMode : Config
	MachineState: Idle
	PLC Object  : ScanHwModules
	PLC Action  : UNDEFIEND
	PLC AState  : 11

04.04.2023 13:35:34 - 41476 - Object does not exist
	Description : 
	Time        : 13:35:34.48
	Command     : WRITE_ALL_PROPS
	Object      : Gesim.GsDiluter(Diluter 3-Way left)

04.04.2023 13:35:39 - 41476 - Object does not exist
	Description : 
	Time        : 13:35:39.54
	Command     : READ_ALL_PROPS
	Object      : Gesim.GsDiluter(Diluter 3-Way left)

04.04.2023 14:15:47 - 41556 - Head not in free Z-pos.
	Description : 
	Time        : 14:19:01.21
	ActionType  : InitDevices
	MachineMode : Init
	MachineState: Active
	Object      : Gesim.GsHead(Head)
	PLC Object  : FB_MzHead
	PLC Action  : A_Init
	PLC AState  : 3

04.04.2023 14:40:38 - 50013 - Changed configuration
	Description : The current configuration has changed significantly. Some settings might have changed.
	Time        : 14:40:38.49

04.04.2023 14:41:54 - 41474 - Mode change impossible
	Description : Mode can only be changed in state "idle".
	Time        : 14:41:54.91
	Command     : CHANGE_MODE

04.04.2023 14:41:57 - 41473 - Invalid mode
	Description : Command cannot be executed in this mode.
	Time        : 14:41:57.16
	Command     : WRITE_HW_PROP
	Comment     : ModulId: 65537 PropType: WorkplateDim Value: 588000

04.04.2023 14:51:49 - 41491 - Device not initialized
	Description : 
	Time        : 14:51:49.72
	Command     : EXECUTE_ACTION
	Object      : Gesim.GsCartridgeHolder(CatridgeHolderNoHeater)
	Action      : Jog

05.04.2023 06:26:03 - 50013 - Changed configuration
	Description : The current configuration has changed significantly. Some settings might have changed.
	Time        : 06:26:03.32

05.04.2023 06:29:13 - 41613 - PressureSupply
	Description : 
	Time        : 06:32:27.71
	ActionType  : Undefined
	MachineMode : Manu
	MachineState: Active
	Object      : Gesim.GsCartridgeDisp(Cartridge Dispenser (10ml))
	PLC Object  : FB_HskMFunc
	PLC Action  : A_SetPrintParams
	PLC AState  : 0

05.04.2023 06:29:22 - 41613 - PressureSupply
	Description : 
	Time        : 06:32:36.85
	ActionType  : Undefined
	MachineMode : Manu
	MachineState: Active
	Object      : Gesim.GsCartridgeDisp(Cartridge Dispenser (10ml))
	PLC Object  : FB_HskMFunc
	PLC Action  : A_SetPrintParams
	PLC AState  : 0

05.04.2023 06:29:35 - 17744 - Following error monitoring (position).
	Description : With active following error monitoring (position) a following error exceedance has occurred, whose magnitude is greater than the following error window, and whose duration is longer than the parameterised following error filter time.
	Time        : 06:32:49.46
	ActionType  : Undefined
	MachineMode : Manu
	MachineState: Active
	PLC Object  : GCode
	PLC Action  : A_Run
	PLC AState  : 20

05.04.2023 06:29:43 -  1799 - device is not in a ready state
	Description : 
	Time        : 06:32:57.88
	ActionType  : Undefined
	MachineMode : Manu
	MachineState: Reset
	PLC Object  : GCode
	PLC Action  : A_Reset
	PLC AState  : 1

05.04.2023 06:37:09 - 42250 - Scaffold Depth Exceeded
	Description : Tool cannot move to all needed print positions (Y).
	Time        : 06:40:24.27
	ActionType  : Undefined
	MachineMode : Manu
	MachineState: Active
	Object      : Gesim.GsCartridgeDisp(Cartridge Dispenser (10ml))
	PLC Object  : FB_HskMFunc
	PLC Action  : A_AssignRParamHeader
	PLC AState  : 2

05.04.2023 06:37:29 - 42250 - Scaffold Depth Exceeded
	Description : Tool cannot move to all needed print positions (Y).
	Time        : 06:40:43.89
	ActionType  : Undefined
	MachineMode : Manu
	MachineState: Active
	Object      : Gesim.GsCartridgeDisp(Cartridge Dispenser (10ml))
	PLC Object  : FB_HskMFunc
	PLC Action  : A_AssignRParamHeader
	PLC AState  : 2

05.04.2023 07:42:13 - 50013 - Changed configuration
	Description : The current configuration has changed significantly. Some settings might have changed.
	Time        : 07:42:13.18

05.04.2023 13:00:45 - 50013 - Changed configuration
	Description : The current configuration has changed significantly. Some settings might have changed.
	Time        : 13:00:45.05

05.04.2023 13:06:46 - 50013 - Changed configuration
	Description : The current configuration has changed significantly. Some settings might have changed.
	Time        : 13:06:46.54

05.04.2023 13:09:51 - 41568 - Target position out of range - Z
	Description : Tool cannot move to target.
	Time        : 13:13:05.74
	ActionType  : Undefined
	MachineMode : Auto
	MachineState: Running
	PLC Object  : GCode
	PLC Action  : A_MoveZ
	PLC AState  : 0

05.04.2023 13:09:51 - 41568 - Target position out of range - Z
	Description : Tool cannot move to target.
	Time        : 13:13:05.74
	ActionType  : Undefined
	MachineMode : Auto
	MachineState: Running
	PLC Object  : GCode
	PLC Action  : A_MoveZ
	PLC AState  : 99

05.04.2023 13:11:02 - 41568 - Target position out of range - Z
	Description : Tool cannot move to target.
	Time        : 13:14:16.82
	ActionType  : Undefined
	MachineMode : Auto
	MachineState: Running
	PLC Object  : GCode
	PLC Action  : A_MoveZ
	PLC AState  : 0

05.04.2023 13:11:02 - 41568 - Target position out of range - Z
	Description : Tool cannot move to target.
	Time        : 13:14:16.82
	ActionType  : Undefined
	MachineMode : Auto
	MachineState: Running
	PLC Object  : GCode
	PLC Action  : A_MoveZ
	PLC AState  : 99

05.04.2023 13:11:12 - 41568 - Target position out of range - Z
	Description : Tool cannot move to target.
	Time        : 13:14:26.62
	ActionType  : Undefined
	MachineMode : Auto
	MachineState: Running
	PLC Object  : GCode
	PLC Action  : A_MoveZ
	PLC AState  : 0

05.04.2023 13:11:12 - 41568 - Target position out of range - Z
	Description : Tool cannot move to target.
	Time        : 13:14:26.62
	ActionType  : Undefined
	MachineMode : Auto
	MachineState: Running
	PLC Object  : GCode
	PLC Action  : A_MoveZ
	PLC AState  : 99

05.04.2023 13:11:45 - 41568 - Target position out of range - Z
	Description : Tool cannot move to target.
	Time        : 13:14:59.25
	ActionType  : Undefined
	MachineMode : Auto
	MachineState: Running
	PLC Object  : GCode
	PLC Action  : A_MoveZ
	PLC AState  : 0

05.04.2023 13:11:45 - 41568 - Target position out of range - Z
	Description : Tool cannot move to target.
	Time        : 13:14:59.25
	ActionType  : Undefined
	MachineMode : Auto
	MachineState: Running
	PLC Object  : GCode
	PLC Action  : A_MoveZ
	PLC AState  : 99

05.04.2023 13:12:01 - 41568 - Target position out of range - Z
	Description : Tool cannot move to target.
	Time        : 13:15:15.91
	ActionType  : Undefined
	MachineMode : Auto
	MachineState: Running
	PLC Object  : GCode
	PLC Action  : A_MoveZ
	PLC AState  : 0

05.04.2023 13:12:01 - 41568 - Target position out of range - Z
	Description : Tool cannot move to target.
	Time        : 13:15:15.91
	ActionType  : Undefined
	MachineMode : Auto
	MachineState: Running
	PLC Object  : GCode
	PLC Action  : A_MoveZ
	PLC AState  : 99

05.04.2023 13:24:35 - 17085 - Limit exceeded
	Description : NC-Block violates software limit switches of the group.
	Time        : 13:27:49.55
	ActionType  : Undefined
	MachineMode : Auto
	MachineState: Running
	PLC Object  : GCode
	PLC Action  : A_Run
	PLC AState  : 20

05.04.2023 13:32:32 - 17085 - Limit exceeded
	Description : NC-Block violates software limit switches of the group.
	Time        : 13:35:46.38
	ActionType  : Undefined
	MachineMode : Auto
	MachineState: Running
	PLC Object  : GCode
	PLC Action  : A_Run
	PLC AState  : 20

05.04.2023 13:42:26 - 16659 - Missing subroutine
	Description : The NC has found a missing subroutine while loading..
	Time        : 13:45:40.74
	ActionType  : Undefined
	MachineMode : Auto
	MachineState: Running
	PLC Object  : GCode
	PLC Action  : A_Load
	PLC AState  : 2

05.04.2023 13:42:48 - 16659 - Missing subroutine
	Description : The NC has found a missing subroutine while loading..
	Time        : 13:46:02.88
	ActionType  : Undefined
	MachineMode : Auto
	MachineState: Running
	PLC Object  : GCode
	PLC Action  : A_Load
	PLC AState  : 2

05.04.2023 13:57:28 - 41749 - FollowingErrorZAxis
	Description : 
	Time        : 14:00:42.32
	ActionType  : MoveZ
	MachineMode : Auto
	MachineState: Running
	Object      : Gesim.GsCartridgeDisp(Cartridge Dispenser (10ml))
	PLC Object  : FB_MzTool
	PLC Action  : A_MoveZ
	PLC AState  : 0

05.04.2023 13:57:28 - 41749 - FollowingErrorZAxis
	Description : 
	Time        : 14:00:42.32
	ActionType  : Undefined
	MachineMode : Auto
	MachineState: Running
	PLC Object  : GCode
	PLC Action  : A_MoveZ
	PLC AState  : 1

05.04.2023 13:57:57 - 41491 - Device not initialized
	Description : 
	Time        : 14:01:11.43
	ActionType  : MoveZ
	MachineMode : Auto
	MachineState: Running
	Object      : Gesim.GsHead(Head)
	PLC Object  : FB_MzHead
	PLC Action  : A_MoveZ
	PLC AState  : 80

05.04.2023 13:57:57 - 41491 - Device not initialized
	Description : 
	Time        : 14:01:11.43
	ActionType  : Undefined
	MachineMode : Auto
	MachineState: Running
	Object      : Gesim.GsHead(Head)
	PLC Object  : GCode
	PLC Action  : A_Start
	PLC AState  : 2

05.04.2023 14:03:56 - 41734 - Low position accuracy
	Description : Target not reached with required accuracy but motor has stopped - Internal error (7)
	Time        : 14:07:10.17
	ActionType  : MoveZ
	MachineMode : Auto
	MachineState: Running
	Object      : Gesim.GsCartridgeDisp(Cartridge Dispenser (10ml))
	PLC Object  : FB_MzTool
	PLC Action  : A_MoveZ
	PLC AState  : 0

05.04.2023 14:03:56 - 41734 - Low position accuracy
	Description : Target not reached with required accuracy but motor has stopped - Internal error (7)
	Time        : 14:07:10.17
	ActionType  : Undefined
	MachineMode : Auto
	MachineState: Running
	PLC Object  : GCode
	PLC Action  : A_MoveZ
	PLC AState  : 1

05.04.2023 14:08:37 - 41491 - Device not initialized
	Description : 
	Time        : 14:11:51.60
	ActionType  : MoveZ
	MachineMode : Auto
	MachineState: Running
	Object      : Gesim.GsHead(Head)
	PLC Object  : FB_MzHead
	PLC Action  : A_MoveZ
	PLC AState  : 80

05.04.2023 14:08:37 - 41491 - Device not initialized
	Description : 
	Time        : 14:11:51.60
	ActionType  : Undefined
	MachineMode : Auto
	MachineState: Running
	Object      : Gesim.GsHead(Head)
	PLC Object  : GCode
	PLC Action  : A_Start
	PLC AState  : 2

06.04.2023 07:30:54 - 17085 - Limit exceeded
	Description : NC-Block violates software limit switches of the group.
	Time        : 07:34:09.05
	ActionType  : Undefined
	MachineMode : Auto
	MachineState: Running
	PLC Object  : GCode
	PLC Action  : A_Run
	PLC AState  : 20

06.04.2023 13:43:17 -     6 - Unexpected error
	Description : An unexpected error has occurred.
	Time        : 13:45:49.95
	ActionType  : Undefined
	MachineMode : Config
	MachineState: Idle
	PLC Object  : ScanHwModules
	PLC Action  : UNDEFIEND
	PLC AState  : 8

06.04.2023 13:43:28 -     6 - Unexpected error
	Description : An unexpected error has occurred.
	Time        : 13:46:36.04
	ActionType  : Undefined
	MachineMode : Config
	MachineState: Idle
	PLC Object  : ScanHwModules
	PLC Action  : UNDEFIEND
	PLC AState  : 8

06.04.2023 13:52:42 -     6 - Unexpected error
	Description : An unexpected error has occurred.
	Time        : 13:55:28.60
	ActionType  : Undefined
	MachineMode : Config
	MachineState: Idle
	PLC Object  : ScanHwModules
	PLC Action  : UNDEFIEND
	PLC AState  : 8

06.04.2023 13:53:56 -     6 - Unexpected error
	Description : An unexpected error has occurred.
	Time        : 13:56:42.52
	ActionType  : Undefined
	MachineMode : Config
	MachineState: Idle
	PLC Object  : ScanHwModules
	PLC Action  : UNDEFIEND
	PLC AState  : 8

06.04.2023 14:00:42 -     6 - Unexpected error
	Description : An unexpected error has occurred.
	Time        : 14:03:17.45
	ActionType  : Undefined
	MachineMode : Config
	MachineState: Idle
	PLC Object  : ScanHwModules
	PLC Action  : UNDEFIEND
	PLC AState  : 8

06.04.2023 14:14:38 - 19209 - Unexpected error
	Description : An unexpected error has occurred.
	Time        : 14:17:54.12
	ActionType  : Undefined
	MachineMode : Init
	MachineState: Active
	PLC Object  : UNDEFIEND
	PLC Action  : UNDEFIEND
	PLC AState  : 0

06.04.2023 14:14:38 - 19209 - Unexpected error
	Description : An unexpected error has occurred.
	Time        : 14:17:54.14
	ActionType  : Undefined
	MachineMode : Init
	MachineState: Active
	PLC Object  : UNDEFIEND
	PLC Action  : UNDEFIEND
	PLC AState  : 0

06.04.2023 14:14:39 - 19209 - Unexpected error
	Description : An unexpected error has occurred.
	Time        : 14:17:54.15
	ActionType  : InitDevices
	MachineMode : Init
	MachineState: Active
	Object      : Gesim.GsHead(Head)
	PLC Object  : FB_MzHead
	PLC Action  : A_Init
	PLC AState  : 40

06.04.2023 14:15:09 - 19209 - Unexpected error
	Description : An unexpected error has occurred.
	Time        : 14:18:24.45
	ActionType  : Undefined
	MachineMode : Init
	MachineState: Active
	PLC Object  : UNDEFIEND
	PLC Action  : UNDEFIEND
	PLC AState  : 0

06.04.2023 14:15:09 - 19209 - Unexpected error
	Description : An unexpected error has occurred.
	Time        : 14:18:24.47
	ActionType  : Undefined
	MachineMode : Init
	MachineState: Active
	PLC Object  : UNDEFIEND
	PLC Action  : UNDEFIEND
	PLC AState  : 0

06.04.2023 14:15:09 - 19209 - Unexpected error
	Description : An unexpected error has occurred.
	Time        : 14:18:24.48
	ActionType  : InitDevices
	MachineMode : Init
	MachineState: Active
	Object      : Gesim.GsHead(Head)
	PLC Object  : FB_MzHead
	PLC Action  : A_Init
	PLC AState  : 40

13.04.2023 13:31:24 - 17744 - Following error monitoring (position).
	Description : With active following error monitoring (position) a following error exceedance has occurred, whose magnitude is greater than the following error window, and whose duration is longer than the parameterised following error filter time.
	Time        : 13:34:44.60
	ActionType  : Undefined
	MachineMode : Init
	MachineState: Active
	PLC Object  : UNDEFIEND
	PLC Action  : UNDEFIEND
	PLC AState  : 0

13.04.2023 13:31:24 - 17744 - Following error monitoring (position).
	Description : With active following error monitoring (position) a following error exceedance has occurred, whose magnitude is greater than the following error window, and whose duration is longer than the parameterised following error filter time.
	Time        : 13:34:44.69
	ActionType  : InitDevices
	MachineMode : Init
	MachineState: Active
	Object      : Gesim.GsHead(Head)
	PLC Object  : FB_MzHead
	PLC Action  : A_Init
	PLC AState  : 40

13.04.2023 13:31:47 - 17744 - Following error monitoring (position).
	Description : With active following error monitoring (position) a following error exceedance has occurred, whose magnitude is greater than the following error window, and whose duration is longer than the parameterised following error filter time.
	Time        : 13:35:07.78
	ActionType  : Undefined
	MachineMode : Maintenance
	MachineState: Active
	PLC Object  : UNDEFIEND
	PLC Action  : UNDEFIEND
	PLC AState  : 0

13.04.2023 13:31:47 - 17744 - Following error monitoring (position).
	Description : With active following error monitoring (position) a following error exceedance has occurred, whose magnitude is greater than the following error window, and whose duration is longer than the parameterised following error filter time.
	Time        : 13:35:07.79
	ActionType  : Undefined
	MachineMode : Maintenance
	MachineState: Active
	PLC Object  : UNDEFIEND
	PLC Action  : UNDEFIEND
	PLC AState  : 0

13.04.2023 13:31:53 -  1864 - ADS port not opened
	Description : Internal error
	Time        : 13:31:53.30
	Command     : STOP

13.04.2023 13:32:04 -  1864 - ADS port not opened
	Description : Internal error
	Time        : 13:32:04.88
	Command     : CHANGE_MODE

13.04.2023 13:32:06 -  1864 - ADS port not opened
	Description : Internal error
	Time        : 13:32:06.93
	Command     : SETUP_AXIS

13.04.2023 13:32:09 -  1864 - ADS port not opened
	Description : Internal error
	Time        : 13:32:09.82
	Command     : STOP

13.04.2023 13:38:31 - 17744 - Following error monitoring (position).
	Description : With active following error monitoring (position) a following error exceedance has occurred, whose magnitude is greater than the following error window, and whose duration is longer than the parameterised following error filter time.
	Time        : 13:41:51.25
	ActionType  : Undefined
	MachineMode : Init
	MachineState: Active
	PLC Object  : UNDEFIEND
	PLC Action  : UNDEFIEND
	PLC AState  : 0

13.04.2023 13:38:31 - 17744 - Following error monitoring (position).
	Description : With active following error monitoring (position) a following error exceedance has occurred, whose magnitude is greater than the following error window, and whose duration is longer than the parameterised following error filter time.
	Time        : 13:41:51.40
	ActionType  : InitDevices
	MachineMode : Init
	MachineState: Active
	Object      : Gesim.GsHead(Head)
	PLC Object  : FB_MzHead
	PLC Action  : A_Init
	PLC AState  : 40

14.04.2023 12:07:00 - 41995 - InvalidToolConfig
	Description : 
	Time        : 12:10:21.08
	ActionType  : Undefined
	MachineMode : Config
	MachineState: Active
	PLC Object  : FB_MultiZRef
	PLC Action  : A_SetConfig
	PLC AState  : 0

14.04.2023 12:07:00 - 41995 - InvalidToolConfig
	Description : 
	Time        : 12:10:21.09
	ActionType  : Undefined
	MachineMode : Config
	MachineState: Active
	PLC Object  : FB_Configuration
	PLC Action  : A_Activate
	PLC AState  : 0

14.04.2023 12:07:06 - 41995 - InvalidToolConfig
	Description : 
	Time        : 12:10:27.58
	ActionType  : Undefined
	MachineMode : Config
	MachineState: Active
	PLC Object  : FB_MultiZRef
	PLC Action  : A_SetConfig
	PLC AState  : 0

14.04.2023 12:07:06 - 41995 - InvalidToolConfig
	Description : 
	Time        : 12:10:27.59
	ActionType  : Undefined
	MachineMode : Config
	MachineState: Active
	PLC Object  : FB_Configuration
	PLC Action  : A_Activate
	PLC AState  : 0

14.04.2023 12:59:15 -  1792 - error class <device error>
	Description : 
	Time        : 13:02:37.27
	ActionType  : InitDevices
	MachineMode : Init
	MachineState: Active
	Object      : Gesim.GsInkStation(InkStation)
	PLC Object  : FB_InkStation
	PLC Action  : A_Init
	PLC AState  : 0

14.04.2023 12:59:15 - 41216 - Communication timeout
	Description : Communication timeout - diluter.
	Time        : 13:02:37.47
	ActionType  : InitDevices
	MachineMode : Init
	MachineState: Error
	PLC Object  : FB_Diluter
	PLC Action  : A_Init
	PLC AState  : 1

14.04.2023 12:59:58 - 41473 - Invalid mode
	Description : Command cannot be executed in this mode.
	Time        : 12:59:58.78
	Command     : EXECUTE_ACTION
	Object      : Gesim.GsSubstHolder(SingleSubstrateHeater)
	Action      : Heating->On->100°C

14.04.2023 13:01:32 - 41556 - Head not in free Z-pos.
	Description : 
	Time        : 13:04:53.78
	ActionType  : InitDevices
	MachineMode : Init
	MachineState: Active
	Object      : Gesim.GsHead(Head)
	PLC Object  : FB_MzHead
	PLC Action  : A_Init
	PLC AState  : 3

14.04.2023 13:02:01 - 41556 - Head not in free Z-pos.
	Description : 
	Time        : 13:05:22.64
	ActionType  : InitDevices
	MachineMode : Init
	MachineState: Active
	Object      : Gesim.GsHead(Head)
	PLC Object  : FB_MzHead
	PLC Action  : A_Init
	PLC AState  : 3

14.04.2023 13:13:01 - 41216 - Communication timeout
	Description : Communication timeout - diluter.
	Time        : 13:16:23.30
	ActionType  : InitDevices
	MachineMode : Init
	MachineState: Active
	PLC Object  : FB_Diluter
	PLC Action  : A_Init
	PLC AState  : 1

14.04.2023 13:20:39 -  1792 - error class <device error>
	Description : 
	Time        : 13:24:01.02
	ActionType  : InitDevices
	MachineMode : Init
	MachineState: Active
	Object      : Gesim.GsInkStation(InkStation)
	PLC Object  : FB_InkStation
	PLC Action  : A_Init
	PLC AState  : 0

14.04.2023 13:26:13 -  1792 - error class <device error>
	Description : 
	Time        : 13:29:35.22
	ActionType  : InitDevices
	MachineMode : Init
	MachineState: Active
	Object      : Gesim.GsInkStation(InkStation)
	PLC Object  : FB_InkStation
	PLC Action  : A_Init
	PLC AState  : 0

17.04.2023 08:52:45 - 41556 - Head not in free Z-pos.
	Description : 
	Time        : 08:56:07.93
	ActionType  : InitDevices
	MachineMode : Init
	MachineState: Active
	Object      : Gesim.GsHead(Head)
	PLC Object  : FB_MzHead
	PLC Action  : A_Init
	PLC AState  : 3

17.04.2023 08:53:04 - 41556 - Head not in free Z-pos.
	Description : 
	Time        : 08:56:26.89
	ActionType  : InitDevices
	MachineMode : Init
	MachineState: Active
	Object      : Gesim.GsHead(Head)
	PLC Object  : FB_MzHead
	PLC Action  : A_Init
	PLC AState  : 3

17.04.2023 08:59:46 -  1817 - device has a timeout
	Description : 
	Time        : 09:02:54.68
	ActionType  : Undefined
	MachineMode : Config
	MachineState: Idle
	PLC Object  : ScanHwModules
	PLC Action  : UNDEFIEND
	PLC AState  : 11

17.04.2023 09:00:00 - 41478 - Invalid state
	Description : Command can not be executed in this state.
	Time        : 09:00:00.31
	Command     : SETUP_AXIS

17.04.2023 09:00:12 - 41576 - Interlock not locked
	Description : 
	Time        : 09:00:12.97
	Command     : SETUP_AXIS

17.04.2023 09:37:57 -  1792 - error class <device error>
	Description : 
	Time        : 09:41:20.21
	ActionType  : InitDevices
	MachineMode : Init
	MachineState: Active
	Object      : Gesim.GsInkStation(InkStation)
	PLC Object  : FB_InkStation
	PLC Action  : A_Init
	PLC AState  : 0

17.04.2023 14:17:16 - 50005 - Connection error
	Description : The connection to the device could not be established.
	Time        : 14:17:16.60
	Exception   : System.Exception: Missing route: CP-705CCE
   at Gesim.GsMachine.Connect(String routeName, Boolean record, Boolean withoutActivation)
   at GesimRobotics.ViewModels.ConnectionManager.Connect(String routeName)

17.04.2023 14:19:27 - 41556 - Head not in free Z-pos.
	Description : 
	Time        : 14:23:40.74
	ActionType  : InitDevices
	MachineMode : Init
	MachineState: Active
	Object      : Gesim.GsHead(Head)
	PLC Object  : FB_MzHead
	PLC Action  : A_Init
	PLC AState  : 3

17.04.2023 14:20:02 - 17744 - Following error monitoring (position).
	Description : With active following error monitoring (position) a following error exceedance has occurred, whose magnitude is greater than the following error window, and whose duration is longer than the parameterised following error filter time.
	Time        : 14:24:15.54
	ActionType  : Undefined
	MachineMode : Init
	MachineState: Active
	PLC Object  : UNDEFIEND
	PLC Action  : UNDEFIEND
	PLC AState  : 0

17.04.2023 14:20:02 - 17744 - Following error monitoring (position).
	Description : With active following error monitoring (position) a following error exceedance has occurred, whose magnitude is greater than the following error window, and whose duration is longer than the parameterised following error filter time.
	Time        : 14:24:15.67
	ActionType  : InitDevices
	MachineMode : Init
	MachineState: Active
	Object      : Gesim.GsHead(Head)
	PLC Object  : FB_MzHead
	PLC Action  : A_Init
	PLC AState  : 40

17.04.2023 14:20:48 - 17744 - Following error monitoring (position).
	Description : With active following error monitoring (position) a following error exceedance has occurred, whose magnitude is greater than the following error window, and whose duration is longer than the parameterised following error filter time.
	Time        : 14:25:01.66
	ActionType  : Undefined
	MachineMode : Init
	MachineState: Active
	PLC Object  : UNDEFIEND
	PLC Action  : UNDEFIEND
	PLC AState  : 0

17.04.2023 14:20:48 - 17744 - Following error monitoring (position).
	Description : With active following error monitoring (position) a following error exceedance has occurred, whose magnitude is greater than the following error window, and whose duration is longer than the parameterised following error filter time.
	Time        : 14:25:01.79
	ActionType  : InitDevices
	MachineMode : Init
	MachineState: Active
	Object      : Gesim.GsHead(Head)
	PLC Object  : FB_MzHead
	PLC Action  : A_Init
	PLC AState  : 40

17.04.2023 14:22:05 - 17744 - Following error monitoring (position).
	Description : With active following error monitoring (position) a following error exceedance has occurred, whose magnitude is greater than the following error window, and whose duration is longer than the parameterised following error filter time.
	Time        : 14:26:18.33
	ActionType  : Undefined
	MachineMode : Maintenance
	MachineState: Active
	PLC Object  : UNDEFIEND
	PLC Action  : UNDEFIEND
	PLC AState  : 0

17.04.2023 14:22:05 - 17744 - Following error monitoring (position).
	Description : With active following error monitoring (position) a following error exceedance has occurred, whose magnitude is greater than the following error window, and whose duration is longer than the parameterised following error filter time.
	Time        : 14:26:18.34
	ActionType  : Undefined
	MachineMode : Maintenance
	MachineState: Active
	PLC Object  : UNDEFIEND
	PLC Action  : UNDEFIEND
	PLC AState  : 0

17.04.2023 14:46:47 - 17744 - Following error monitoring (position).
	Description : With active following error monitoring (position) a following error exceedance has occurred, whose magnitude is greater than the following error window, and whose duration is longer than the parameterised following error filter time.
	Time        : 14:51:01.04
	ActionType  : Undefined
	MachineMode : Maintenance
	MachineState: Active
	PLC Object  : UNDEFIEND
	PLC Action  : UNDEFIEND
	PLC AState  : 0

17.04.2023 14:46:47 - 17744 - Following error monitoring (position).
	Description : With active following error monitoring (position) a following error exceedance has occurred, whose magnitude is greater than the following error window, and whose duration is longer than the parameterised following error filter time.
	Time        : 14:51:01.05
	ActionType  : Undefined
	MachineMode : Maintenance
	MachineState: Active
	PLC Object  : UNDEFIEND
	PLC Action  : UNDEFIEND
	PLC AState  : 0

17.04.2023 14:56:46 - 17744 - Following error monitoring (position).
	Description : With active following error monitoring (position) a following error exceedance has occurred, whose magnitude is greater than the following error window, and whose duration is longer than the parameterised following error filter time.
	Time        : 15:01:00.05
	ActionType  : Undefined
	MachineMode : Maintenance
	MachineState: Active
	PLC Object  : UNDEFIEND
	PLC Action  : UNDEFIEND
	PLC AState  : 0

17.04.2023 14:56:46 - 17744 - Following error monitoring (position).
	Description : With active following error monitoring (position) a following error exceedance has occurred, whose magnitude is greater than the following error window, and whose duration is longer than the parameterised following error filter time.
	Time        : 15:01:00.06
	ActionType  : Undefined
	MachineMode : Maintenance
	MachineState: Active
	PLC Object  : UNDEFIEND
	PLC Action  : UNDEFIEND
	PLC AState  : 0

17.04.2023 15:20:33 - 17744 - Following error monitoring (position).
	Description : With active following error monitoring (position) a following error exceedance has occurred, whose magnitude is greater than the following error window, and whose duration is longer than the parameterised following error filter time.
	Time        : 15:24:46.72
	ActionType  : Undefined
	MachineMode : Maintenance
	MachineState: Active
	PLC Object  : UNDEFIEND
	PLC Action  : UNDEFIEND
	PLC AState  : 0

17.04.2023 15:20:33 - 17744 - Following error monitoring (position).
	Description : With active following error monitoring (position) a following error exceedance has occurred, whose magnitude is greater than the following error window, and whose duration is longer than the parameterised following error filter time.
	Time        : 15:24:46.73
	ActionType  : Undefined
	MachineMode : Maintenance
	MachineState: Active
	PLC Object  : UNDEFIEND
	PLC Action  : UNDEFIEND
	PLC AState  : 0

17.04.2023 15:21:31 - 17744 - Following error monitoring (position).
	Description : With active following error monitoring (position) a following error exceedance has occurred, whose magnitude is greater than the following error window, and whose duration is longer than the parameterised following error filter time.
	Time        : 15:25:44.23
	ActionType  : Undefined
	MachineMode : Maintenance
	MachineState: Active
	PLC Object  : UNDEFIEND
	PLC Action  : UNDEFIEND
	PLC AState  : 0

17.04.2023 15:21:31 - 17744 - Following error monitoring (position).
	Description : With active following error monitoring (position) a following error exceedance has occurred, whose magnitude is greater than the following error window, and whose duration is longer than the parameterised following error filter time.
	Time        : 15:25:44.24
	ActionType  : Undefined
	MachineMode : Maintenance
	MachineState: Active
	PLC Object  : UNDEFIEND
	PLC Action  : UNDEFIEND
	PLC AState  : 0

17.04.2023 15:33:40 - 17744 - Following error monitoring (position).
	Description : With active following error monitoring (position) a following error exceedance has occurred, whose magnitude is greater than the following error window, and whose duration is longer than the parameterised following error filter time.
	Time        : 15:37:53.80
	ActionType  : Undefined
	MachineMode : Maintenance
	MachineState: Active
	PLC Object  : UNDEFIEND
	PLC Action  : UNDEFIEND
	PLC AState  : 0

17.04.2023 15:33:40 - 17744 - Following error monitoring (position).
	Description : With active following error monitoring (position) a following error exceedance has occurred, whose magnitude is greater than the following error window, and whose duration is longer than the parameterised following error filter time.
	Time        : 15:37:53.81
	ActionType  : Undefined
	MachineMode : Maintenance
	MachineState: Active
	PLC Object  : UNDEFIEND
	PLC Action  : UNDEFIEND
	PLC AState  : 0

18.04.2023 07:17:55 - 17744 - Following error monitoring (position).
	Description : With active following error monitoring (position) a following error exceedance has occurred, whose magnitude is greater than the following error window, and whose duration is longer than the parameterised following error filter time.
	Time        : 07:22:08.44
	ActionType  : Undefined
	MachineMode : Maintenance
	MachineState: Active
	PLC Object  : UNDEFIEND
	PLC Action  : UNDEFIEND
	PLC AState  : 0

18.04.2023 07:17:55 - 17744 - Following error monitoring (position).
	Description : With active following error monitoring (position) a following error exceedance has occurred, whose magnitude is greater than the following error window, and whose duration is longer than the parameterised following error filter time.
	Time        : 07:22:08.45
	ActionType  : Undefined
	MachineMode : Maintenance
	MachineState: Active
	PLC Object  : UNDEFIEND
	PLC Action  : UNDEFIEND
	PLC AState  : 0

18.04.2023 07:18:39 -  1864 - ADS port not opened
	Description : Internal error
	Time        : 07:18:39.44
	Command     : STOP

18.04.2023 07:23:23 - 50005 - Connection error
	Description : The connection to the device could not be established.
	Time        : 07:23:23.25
	Exception   : System.Exception: Missing route: CP-705FB2
   at Gesim.GsMachine.Connect(String routeName, Boolean record, Boolean withoutActivation)
   at GesimRobotics.ViewModels.ConnectionManager.Connect(String routeName)

18.04.2023 07:31:06 - 17744 - Following error monitoring (position).
	Description : With active following error monitoring (position) a following error exceedance has occurred, whose magnitude is greater than the following error window, and whose duration is longer than the parameterised following error filter time.
	Time        : 07:35:19.82
	ActionType  : Undefined
	MachineMode : Maintenance
	MachineState: Active
	PLC Object  : UNDEFIEND
	PLC Action  : UNDEFIEND
	PLC AState  : 0

18.04.2023 07:31:06 - 17744 - Following error monitoring (position).
	Description : With active following error monitoring (position) a following error exceedance has occurred, whose magnitude is greater than the following error window, and whose duration is longer than the parameterised following error filter time.
	Time        : 07:35:19.83
	ActionType  : Undefined
	MachineMode : Maintenance
	MachineState: Active
	PLC Object  : UNDEFIEND
	PLC Action  : UNDEFIEND
	PLC AState  : 0

18.04.2023 07:31:56 -  1864 - ADS port not opened
	Description : Internal error
	Time        : 07:31:56.43
	Command     : STOP

18.04.2023 08:16:20 - 17744 - Following error monitoring (position).
	Description : With active following error monitoring (position) a following error exceedance has occurred, whose magnitude is greater than the following error window, and whose duration is longer than the parameterised following error filter time.
	Time        : 08:20:34.11
	ActionType  : Undefined
	MachineMode : Maintenance
	MachineState: Active
	PLC Object  : UNDEFIEND
	PLC Action  : UNDEFIEND
	PLC AState  : 0

18.04.2023 08:16:20 - 17744 - Following error monitoring (position).
	Description : With active following error monitoring (position) a following error exceedance has occurred, whose magnitude is greater than the following error window, and whose duration is longer than the parameterised following error filter time.
	Time        : 08:20:34.12
	ActionType  : Undefined
	MachineMode : Maintenance
	MachineState: Active
	PLC Object  : UNDEFIEND
	PLC Action  : UNDEFIEND
	PLC AState  : 0

18.04.2023 12:07:49 -  1817 - device has a timeout
	Description : 
	Time        : 11:59:41.62
	ActionType  : Undefined
	MachineMode : Config
	MachineState: Idle
	PLC Object  : ScanHwModules
	PLC Action  : UNDEFIEND
	PLC AState  : 11

18.04.2023 12:15:19 - 17744 - Following error monitoring (position).
	Description : With active following error monitoring (position) a following error exceedance has occurred, whose magnitude is greater than the following error window, and whose duration is longer than the parameterised following error filter time.
	Time        : 12:19:32.58
	ActionType  : Undefined
	MachineMode : Maintenance
	MachineState: Active
	PLC Object  : UNDEFIEND
	PLC Action  : UNDEFIEND
	PLC AState  : 0

18.04.2023 12:15:19 - 17744 - Following error monitoring (position).
	Description : With active following error monitoring (position) a following error exceedance has occurred, whose magnitude is greater than the following error window, and whose duration is longer than the parameterised following error filter time.
	Time        : 12:19:32.59
	ActionType  : Undefined
	MachineMode : Maintenance
	MachineState: Active
	PLC Object  : UNDEFIEND
	PLC Action  : UNDEFIEND
	PLC AState  : 0

18.04.2023 15:18:10 - 41995 - InvalidToolConfig
	Description : 
	Time        : 15:22:23.48
	ActionType  : Undefined
	MachineMode : Config
	MachineState: Active
	PLC Object  : FB_MultiZRef
	PLC Action  : A_SetConfig
	PLC AState  : 0

18.04.2023 15:18:10 - 41995 - InvalidToolConfig
	Description : 
	Time        : 15:22:23.49
	ActionType  : Undefined
	MachineMode : Config
	MachineState: Active
	PLC Object  : FB_Configuration
	PLC Action  : A_Activate
	PLC AState  : 0

18.04.2023 15:18:14 - 41995 - InvalidToolConfig
	Description : 
	Time        : 15:22:27.98
	ActionType  : Undefined
	MachineMode : Config
	MachineState: Active
	PLC Object  : FB_MultiZRef
	PLC Action  : A_SetConfig
	PLC AState  : 0

18.04.2023 15:18:14 - 41995 - InvalidToolConfig
	Description : 
	Time        : 15:22:27.99
	ActionType  : Undefined
	MachineMode : Config
	MachineState: Active
	PLC Object  : FB_Configuration
	PLC Action  : A_Activate
	PLC AState  : 0

18.04.2023 15:18:22 - 41995 - InvalidToolConfig
	Description : 
	Time        : 15:22:27.99
	ActionType  : Undefined
	MachineMode : Config
	MachineState: Active
	PLC Object  : FB_Configuration
	PLC Action  : A_Activate
	PLC AState  : 0

18.04.2023 15:18:26 - 41995 - InvalidToolConfig
	Description : 
	Time        : 15:22:39.67
	ActionType  : Undefined
	MachineMode : Config
	MachineState: Active
	PLC Object  : FB_MultiZRef
	PLC Action  : A_SetConfig
	PLC AState  : 0

18.04.2023 15:18:26 - 41995 - InvalidToolConfig
	Description : 
	Time        : 15:22:39.68
	ActionType  : Undefined
	MachineMode : Config
	MachineState: Active
	PLC Object  : FB_Configuration
	PLC Action  : A_Activate
	PLC AState  : 0

18.04.2023 15:18:49 - 41995 - InvalidToolConfig
	Description : 
	Time        : 15:22:39.68
	ActionType  : Undefined
	MachineMode : Config
	MachineState: Active
	PLC Object  : FB_Configuration
	PLC Action  : A_Activate
	PLC AState  : 0

19.04.2023 07:41:24 - 50013 - Changed configuration
	Description : The current configuration has changed significantly. Some settings might have changed.
	Time        : 07:41:24.66

19.04.2023 07:50:07 - 41570 - Risk of crash: Jog
	Description : Can not jog fast in this area.
	Time        : 07:50:07.89
	Command     : EXECUTE_ACTION
	Object      : Gesim.GsCartridgeHolder(CartridgeHolder (No Board))
	Action      : Jog

19.04.2023 09:20:14 - 17744 - Following error monitoring (position).
	Description : With active following error monitoring (position) a following error exceedance has occurred, whose magnitude is greater than the following error window, and whose duration is longer than the parameterised following error filter time.
	Time        : 09:24:27.92
	ActionType  : Undefined
	MachineMode : Auto
	MachineState: Running
	PLC Object  : UNDEFIEND
	PLC Action  : UNDEFIEND
	PLC AState  : 0

19.04.2023 09:20:14 - 17744 - Following error monitoring (position).
	Description : With active following error monitoring (position) a following error exceedance has occurred, whose magnitude is greater than the following error window, and whose duration is longer than the parameterised following error filter time.
	Time        : 09:24:27.93
	ActionType  : MoveXY
	MachineMode : Auto
	MachineState: Running
	Object      : Gesim.GsCartridgeDisp(Cartridge Dispenser (10ml))
	PLC Object  : FB_MzBase
	PLC Action  : A_MoveXY
	PLC AState  : 3

19.04.2023 09:20:15 - 17744 - Following error monitoring (position).
	Description : With active following error monitoring (position) a following error exceedance has occurred, whose magnitude is greater than the following error window, and whose duration is longer than the parameterised following error filter time.
	Time        : 09:24:27.94
	ActionType  : MoveToTarget
	MachineMode : Auto
	MachineState: Running
	PLC Object  : FB_ComplexAction
	PLC Action  : A_MoveToTarget
	PLC AState  : 0

19.04.2023 09:48:19 - 17056 - Unexpected error
	Description : An unexpected error has occurred.
	Time        : 09:52:32.00
	ActionType  : Undefined
	MachineMode : Auto
	MachineState: Running
	PLC Object  : UNDEFIEND
	PLC Action  : UNDEFIEND
	PLC AState  : 0

19.04.2023 09:48:19 - 17056 - Unexpected error
	Description : An unexpected error has occurred.
	Time        : 09:52:32.01
	ActionType  : MoveXY
	MachineMode : Auto
	MachineState: Running
	Object      : Gesim.GsCartridgeDisp(Cartridge Dispenser (10ml))
	PLC Object  : FB_MzBase
	PLC Action  : A_MoveXY
	PLC AState  : 3

19.04.2023 09:48:19 - 17056 - Unexpected error
	Description : An unexpected error has occurred.
	Time        : 09:52:32.02
	ActionType  : MoveToTarget
	MachineMode : Auto
	MachineState: Running
	PLC Object  : FB_ComplexAction
	PLC Action  : A_MoveToTarget
	PLC AState  : 0

24.04.2023 07:21:30 - 17744 - Following error monitoring (position).
	Description : With active following error monitoring (position) a following error exceedance has occurred, whose magnitude is greater than the following error window, and whose duration is longer than the parameterised following error filter time.
	Time        : 07:25:48.95
	ActionType  : Undefined
	MachineMode : Maintenance
	MachineState: Active
	PLC Object  : UNDEFIEND
	PLC Action  : UNDEFIEND
	PLC AState  : 0

24.04.2023 07:21:30 - 17744 - Following error monitoring (position).
	Description : With active following error monitoring (position) a following error exceedance has occurred, whose magnitude is greater than the following error window, and whose duration is longer than the parameterised following error filter time.
	Time        : 07:25:48.96
	ActionType  : Undefined
	MachineMode : Maintenance
	MachineState: Active
	PLC Object  : UNDEFIEND
	PLC Action  : UNDEFIEND
	PLC AState  : 0

24.04.2023 07:44:26 - 41503 - Configuration not activated
	Description : 
	Time        : 07:44:26.79
	Command     : CHANGE_MODE

24.04.2023 08:32:38 - 50013 - Changed configuration
	Description : The current configuration has changed significantly. Some settings might have changed.
	Time        : 08:32:38.46

24.04.2023 08:35:44 - 42240 - InvalidToolNr
	Description : 
	Time        : 08:40:02.01
	ActionType  : Undefined
	MachineMode : Auto
	MachineState: Running
	PLC Object  : FB_HskMFunc
	PLC Action  : A_AssignRParamHeader
	PLC AState  : 1

24.04.2023 08:36:52 - 42240 - InvalidToolNr
	Description : 
	Time        : 08:41:10.53
	ActionType  : Undefined
	MachineMode : Auto
	MachineState: Running
	PLC Object  : FB_HskMFunc
	PLC Action  : A_AssignRParamHeader
	PLC AState  : 1

24.04.2023 08:39:15 - 42240 - InvalidToolNr
	Description : 
	Time        : 08:43:33.52
	ActionType  : Undefined
	MachineMode : Auto
	MachineState: Running
	PLC Object  : FB_HskMFunc
	PLC Action  : A_AssignRParamHeader
	PLC AState  : 1

24.04.2023 08:43:01 - 50013 - Changed configuration
	Description : The current configuration has changed significantly. Some settings might have changed.
	Time        : 08:43:01.33

24.04.2023 08:46:46 - 50013 - Changed configuration
	Description : The current configuration has changed significantly. Some settings might have changed.
	Time        : 08:46:46.96

24.04.2023 08:47:29 - 41491 - Device not initialized
	Description : 
	Time        : 08:51:47.85
	ActionType  : MoveZ
	MachineMode : Auto
	MachineState: Running
	Object      : Gesim.GsHead(Head)
	PLC Object  : FB_MzHead
	PLC Action  : A_MoveZ
	PLC AState  : 80

24.04.2023 08:47:30 - 41491 - Device not initialized
	Description : 
	Time        : 08:51:47.85
	ActionType  : Undefined
	MachineMode : Auto
	MachineState: Running
	Object      : Gesim.GsHead(Head)
	PLC Object  : GCode
	PLC Action  : A_Start
	PLC AState  : 2

24.04.2023 08:47:50 - 41568 - Target position out of range - Z
	Description : Tool cannot move to target.
	Time        : 08:52:07.92
	ActionType  : Undefined
	MachineMode : Auto
	MachineState: Running
	PLC Object  : GCode
	PLC Action  : A_MoveZ
	PLC AState  : 0

24.04.2023 08:47:50 - 41568 - Target position out of range - Z
	Description : Tool cannot move to target.
	Time        : 08:52:07.92
	ActionType  : Undefined
	MachineMode : Auto
	MachineState: Running
	PLC Object  : GCode
	PLC Action  : A_MoveZ
	PLC AState  : 99

24.04.2023 12:05:39 - 41995 - InvalidToolConfig
	Description : 
	Time        : 12:09:58.62
	ActionType  : Undefined
	MachineMode : Config
	MachineState: Active
	PLC Object  : FB_MultiZRef
	PLC Action  : A_SetConfig
	PLC AState  : 0

24.04.2023 12:05:39 - 41995 - InvalidToolConfig
	Description : 
	Time        : 12:09:58.63
	ActionType  : Undefined
	MachineMode : Config
	MachineState: Active
	PLC Object  : FB_Configuration
	PLC Action  : A_Activate
	PLC AState  : 0

24.04.2023 12:05:44 - 41995 - InvalidToolConfig
	Description : 
	Time        : 12:10:03.51
	ActionType  : Undefined
	MachineMode : Config
	MachineState: Active
	PLC Object  : FB_MultiZRef
	PLC Action  : A_SetConfig
	PLC AState  : 0

24.04.2023 12:05:44 - 41995 - InvalidToolConfig
	Description : 
	Time        : 12:10:03.52
	ActionType  : Undefined
	MachineMode : Config
	MachineState: Active
	PLC Object  : FB_Configuration
	PLC Action  : A_Activate
	PLC AState  : 0

24.04.2023 12:17:47 - 50001 - Camera not found
	Description : The specified camera could not be found.
	Time        : 12:17:47.77
	Exception   : System.InvalidOperationException: Sequence contains no matching element
   at System.Linq.Enumerable.First[TSource](IEnumerable`1 source, Func`2 predicate)
   at GesimRobotics.CameraOptions.GetCamera(String id)
   at GesimRobotics.ViewModels.CameraControl..ctor(String id, CameraType type)

26.04.2023 14:21:17 - 41571 - PieceExchangeFailed
	Description : 
	Time        : 14:25:37.48
	ActionType  : ExchangePiece
	MachineMode : Manu
	MachineState: Active
	Object      : Gesim.GsStampSupport(StampSupport_Gen2)
	PLC Object  : FB_ComplexAction
	PLC Action  : A_ExchangeStamp
	PLC AState  : 12

26.04.2023 14:24:09 - 41539 - Piece already in slot
	Description : 
	Time        : 14:28:29.92
	ActionType  : ExchangePiece
	MachineMode : Manu
	MachineState: Active
	Object      : Gesim.GsStampSupport(StampSupport_Gen2)
	PLC Object  : FB_ComplexAction
	PLC Action  : A_ExchangeStamp
	PLC AState  : 3

26.04.2023 14:27:12 - 41539 - Piece already in slot
	Description : 
	Time        : 14:31:32.18
	ActionType  : ExchangePiece
	MachineMode : Manu
	MachineState: Active
	Object      : Gesim.GsStampSupport(StampSupport_Gen2)
	PLC Object  : FB_ComplexAction
	PLC Action  : A_ExchangeStamp
	PLC AState  : 3

26.04.2023 14:28:13 - 41539 - Piece already in slot
	Description : 
	Time        : 14:32:33.68
	ActionType  : ExchangePiece
	MachineMode : Manu
	MachineState: Active
	Object      : Gesim.GsStampSupport(StampSupport_Gen2)
	PLC Object  : FB_ComplexAction
	PLC Action  : A_ExchangeStamp
	PLC AState  : 3

26.04.2023 14:28:30 - 41539 - Piece already in slot
	Description : 
	Time        : 14:32:50.56
	ActionType  : ExchangePiece
	MachineMode : Manu
	MachineState: Active
	Object      : Gesim.GsStampSupport(StampSupport_Gen2)
	PLC Object  : FB_ComplexAction
	PLC Action  : A_ExchangeStamp
	PLC AState  : 3

26.04.2023 14:29:12 - 41539 - Piece already in slot
	Description : 
	Time        : 14:33:32.60
	ActionType  : ExchangePiece
	MachineMode : Manu
	MachineState: Active
	Object      : Gesim.GsStampSupport(StampSupport_Gen2)
	PLC Object  : FB_ComplexAction
	PLC Action  : A_ExchangeStamp
	PLC AState  : 3

26.04.2023 14:30:49 - 41539 - Piece already in slot
	Description : 
	Time        : 14:35:09.24
	ActionType  : ExchangePiece
	MachineMode : Manu
	MachineState: Active
	Object      : Gesim.GsStampSupport(StampSupport_Gen2)
	PLC Object  : FB_ComplexAction
	PLC Action  : A_ExchangeStamp
	PLC AState  : 3

26.04.2023 14:31:45 - 41539 - Piece already in slot
	Description : 
	Time        : 14:36:05.44
	ActionType  : ExchangePiece
	MachineMode : Manu
	MachineState: Active
	Object      : Gesim.GsStampSupport(StampSupport_Gen2)
	PLC Object  : FB_ComplexAction
	PLC Action  : A_ExchangeStamp
	PLC AState  : 3

26.04.2023 14:53:13 - 41617 - Sensor already switched
	Description : 
	Time        : 14:53:13.29
	Command     : EXECUTE_ACTION
	Object      : Gesim.GsStampSupport(StampSupport_Gen2)
	Action      : MeasureTool->Z-Sensor

26.04.2023 14:53:26 - 41617 - Sensor already switched
	Description : 
	Time        : 14:53:26.14
	Command     : EXECUTE_ACTION
	Object      : Gesim.GsStampSupport(StampSupport_Gen2)
	Action      : MeasureTool->Z-Sensor

28.04.2023 11:15:43 - 41511 - Z-Sensor not mounted
	Description : A measurement was attempted without mounted Z-Sensor.
	Time        : 11:15:43.01
	Command     : EXECUTE_ACTION
	Object      : Gesim.GsZSensor(ZSensor)
	Action      : Calibrate Z-Sensor

28.04.2023 12:31:02 - 41473 - Invalid mode
	Description : Command cannot be executed in this mode.
	Time        : 12:31:02.63
	Command     : EXECUTE_ACTION
	Object      : Gesim.GsCartridgeDisp(Cartridge Dispenser (10ml))
	Action      : Set Pressure->100 kPa

28.04.2023 13:53:42 - 41617 - Sensor already switched
	Description : 
	Time        : 13:53:42.50
	Command     : EXECUTE_ACTION
	Object      : Gesim.GsStampSupport(StampSupport_Gen2)
	Action      : MeasureTool->Z-Sensor

28.04.2023 13:54:03 - 41617 - Sensor already switched
	Description : 
	Time        : 13:54:03.46
	Command     : EXECUTE_ACTION
	Object      : Gesim.GsStampSupport(StampSupport_Gen2)
	Action      : MeasureTool->Z-Sensor

28.04.2023 14:26:52 - 50013 - Changed configuration
	Description : The current configuration has changed significantly. Some settings might have changed.
	Time        : 14:26:52.60

28.04.2023 14:46:06 - 41570 - Risk of crash: Jog
	Description : Can not jog fast in this area.
	Time        : 14:46:06.48
	Command     : EXECUTE_ACTION
	Object      : Gesim.GsCartridgeHolder(CartridgeHolder (Internal Heater))
	Action      : Jog

28.04.2023 14:46:28 - 41734 - Low position accuracy
	Description : Target not reached with required accuracy but motor has stopped - Internal error (7)
	Time        : 14:50:49.92
	ActionType  : Jog
	MachineMode : Manu
	MachineState: Active
	Object      : Gesim.GsCartridgeHolder(CartridgeHolder (Internal Heater))
	PLC Object  : FB_MzTool
	PLC Action  : A_JogZ
	PLC AState  : 80

28.04.2023 14:46:28 - 41473 - Invalid mode
	Description : Command cannot be executed in this mode.
	Time        : 14:46:28.75
	Command     : EXECUTE_ACTION
	Object      : Gesim.GsCartridgeHolder(CartridgeHolder (Internal Heater))
	Action      : Jog

28.04.2023 14:46:28 - 41473 - Invalid mode
	Description : Command cannot be executed in this mode.
	Time        : 14:46:28.76
	Command     : EXECUTE_ACTION
	Object      : Gesim.GsCartridgeHolder(CartridgeHolder (Internal Heater))
	Action      : Jog

28.04.2023 14:50:58 - 41734 - Low position accuracy
	Description : Target not reached with required accuracy but motor has stopped - Internal error (7)
	Time        : 14:55:19.39
	ActionType  : Jog
	MachineMode : Manu
	MachineState: Active
	Object      : Gesim.GsStampSupport(StampSupport_Gen2)
	PLC Object  : FB_MzTool
	PLC Action  : A_JogZ
	PLC AState  : 80

28.04.2023 14:51:37 - 41570 - Risk of crash: Jog
	Description : Can not jog fast in this area.
	Time        : 14:51:37.06
	Command     : EXECUTE_ACTION
	Object      : Gesim.GsCartridgeHolder(CartridgeHolder (Internal Heater))
	Action      : Jog

28.04.2023 14:52:28 - 41985 - TimeoutWaitSetpointAck
	Description : Internal error
	Time        : 14:56:49.46
	ActionType  : Jog
	MachineMode : Manu
	MachineState: Active
	Object      : Gesim.GsStampSupport(StampSupport_Gen2)
	PLC Object  : FB_MzTool
	PLC Action  : A_JogZ
	PLC AState  : 80

28.04.2023 14:52:28 - 41478 - Invalid state
	Description : Command can not be executed in this state.
	Time        : 14:52:28.22
	Command     : EXECUTE_ACTION
	Object      : Gesim.GsStampSupport(StampSupport_Gen2)
	Action      : Jog

28.04.2023 14:52:44 - 41570 - Risk of crash: Jog
	Description : Can not jog fast in this area.
	Time        : 14:52:44.14
	Command     : EXECUTE_ACTION
	Object      : Gesim.GsStampSupport(StampSupport_Gen2)
	Action      : Jog

28.04.2023 14:52:58 - 41570 - Risk of crash: Jog
	Description : Can not jog fast in this area.
	Time        : 14:52:58.50
	Command     : EXECUTE_ACTION
	Object      : Gesim.GsStampSupport(StampSupport_Gen2)
	Action      : Jog

28.04.2023 14:53:21 - 41570 - Risk of crash: Jog
	Description : Can not jog fast in this area.
	Time        : 14:53:21.70
	Command     : EXECUTE_ACTION
	Object      : Gesim.GsStampSupport(StampSupport_Gen2)
	Action      : Jog

28.04.2023 14:58:06 - 41473 - Invalid mode
	Description : Command cannot be executed in this mode.
	Time        : 14:58:06.60
	Command     : EXECUTE_ACTION
	Object      : Gesim.GsHead(Head)
	Action      : Jog

28.04.2023 14:58:08 - 41473 - Invalid mode
	Description : Command cannot be executed in this mode.
	Time        : 14:58:08.23
	Command     : EXECUTE_ACTION
	Object      : Gesim.GsHead(Head)
	Action      : Jog

28.04.2023 14:59:45 - 41473 - Invalid mode
	Description : Command cannot be executed in this mode.
	Time        : 14:59:45.48
	Command     : EXECUTE_ACTION
	Object      : Gesim.GsHead(Head)
	Action      : Jog

28.04.2023 14:59:45 - 41473 - Invalid mode
	Description : Command cannot be executed in this mode.
	Time        : 14:59:45.49
	Command     : EXECUTE_ACTION
	Object      : Gesim.GsHead(Head)
	Action      : Jog

02.05.2023 07:23:34 - 41747 - Z-Sensor switch not found
	Description : Measurement: switching point not reached - Internal error (20)
	Time        : 07:28:00.01
	ActionType  : MoveZ
	MachineMode : Manu
	MachineState: Active
	Object      : Gesim.GsZSensor(ZSensor)
	PLC Object  : FB_MzTool
	PLC Action  : A_MoveZ
	PLC AState  : 0

02.05.2023 07:23:34 - 41747 - Z-Sensor switch not found
	Description : Measurement: switching point not reached - Internal error (20)
	Time        : 07:28:00.02
	ActionType  : Measure
	MachineMode : Manu
	MachineState: Active
	Object      : Gesim.GsZSensor(ZSensor)
	PLC Object  : FB_ComplexAction
	PLC Action  : A_MeasureTarget
	PLC AState  : 4

02.05.2023 07:53:02 - 50013 - Changed configuration
	Description : The current configuration has changed significantly. Some settings might have changed.
	Time        : 07:53:02.83

02.05.2023 08:31:10 - 41617 - Sensor already switched
	Description : 
	Time        : 08:31:10.69
	Command     : EXECUTE_ACTION
	Object      : Gesim.GsStampSupport(StampSupport_Gen2)
	Action      : MeasureTool->Z-Sensor

02.05.2023 08:35:21 - 41545 - NoFreshPieceAvailable
	Description : 
	Time        : 08:35:21.04
	Command     : EXECUTE_ACTION
	Object      : Gesim.GsStampSupport(StampSupport_Gen2)
	Action      : Take Piece->Z-Sensor->Next Slot

02.05.2023 08:40:17 - 41547 - NoPieceDetermined
	Description : 
	Time        : 08:44:42.40
	ActionType  : Undefined
	MachineMode : Auto
	MachineState: Running
	PLC Object  : FB_Sequence
	PLC Action  : UNDEFIEND
	PLC AState  : 2

02.05.2023 08:55:57 - 41478 - Invalid state
	Description : Command can not be executed in this state.
	Time        : 08:55:57.76
	Command     : EXECUTE_ACTION
	Object      : Gesim.GsCartridgeHolder(CartridgeHolder (Internal Heater))
	Action      : Heating->Off

02.05.2023 09:41:06 - 41547 - NoPieceDetermined
	Description : 
	Time        : 09:45:31.05
	ActionType  : Undefined
	MachineMode : Auto
	MachineState: Running
	PLC Object  : FB_Sequence
	PLC Action  : UNDEFIEND
	PLC AState  : 2

02.05.2023 09:41:30 - 50017 - Could not edit configuration
	Description : The configuration could not be edited.
	Time        : 09:41:29.98
	Exception   : Gesim.ConfigException: Object: XYPoint-Invalid mode
   at Gesim.GsMachine.createGsObject(GsObject gsObject)
   at Gesim.GsObjectDirectory.pasteObject(GsObject gsObject, GsObject parent, GsSlot slot, Int32 index)
   at GesimRobotics.ViewModels.Objects.DisplayObject.addChild(GsObject obj)

02.05.2023 09:42:39 - 42240 - InvalidToolNr
	Description : 
	Time        : 09:47:03.89
	ActionType  : Undefined
	MachineMode : Auto
	MachineState: Running
	PLC Object  : FB_HskMFunc
	PLC Action  : A_AssignRParamHeader
	PLC AState  : 1

02.05.2023 09:42:45 - 50013 - Changed configuration
	Description : The current configuration has changed significantly. Some settings might have changed.
	Time        : 09:42:45.38

02.05.2023 09:43:40 - 42240 - InvalidToolNr
	Description : 
	Time        : 09:48:05.08
	ActionType  : Undefined
	MachineMode : Auto
	MachineState: Running
	PLC Object  : FB_HskMFunc
	PLC Action  : A_SelectTool
	PLC AState  : 0

02.05.2023 10:02:44 - 42240 - InvalidToolNr
	Description : 
	Time        : 10:07:09.17
	ActionType  : Undefined
	MachineMode : Auto
	MachineState: Running
	PLC Object  : FB_HskMFunc
	PLC Action  : A_SelectTool
	PLC AState  : 0

02.05.2023 10:41:51 - 41473 - Invalid mode
	Description : Command cannot be executed in this mode.
	Time        : 10:41:51.31
	Command     : EXECUTE_ACTION
	Object      : Gesim.GsStampSupport(StampSupport_Gen2)
	Action      : Set Pressure->1 kPa

02.05.2023 10:46:02 - 41617 - Sensor already switched
	Description : 
	Time        : 10:46:02.10
	Command     : EXECUTE_ACTION
	Object      : Gesim.GsStampSupport(StampSupport_Gen2)
	Action      : MeasureTool->Z-Sensor

02.05.2023 10:46:39 - 41617 - Sensor already switched
	Description : 
	Time        : 10:46:39.65
	Command     : EXECUTE_ACTION
	Object      : Gesim.GsStampSupport(StampSupport_Gen2)
	Action      : MeasureTool->Z-Sensor

02.05.2023 10:50:05 - 41617 - Sensor already switched
	Description : 
	Time        : 10:50:05.90
	Command     : EXECUTE_ACTION
	Object      : Gesim.GsStampSupport(StampSupport_Gen2)
	Action      : MeasureTool->Z-Sensor

02.05.2023 12:01:39 - 41530 - Measure Z-distance exceeded
	Description : The tip measurement failed because there was no switching signal within the expected Z-distance.
	Time        : 12:06:05.66
	ActionType  : Measure
	MachineMode : Manu
	MachineState: Active
	Object      : Gesim.GsStampSupport(StampSupport_Gen2)
	PLC Object  : FB_ComplexAction
	PLC Action  : A_MeasureStamp
	PLC AState  : 3

02.05.2023 12:14:26 - 41530 - Measure Z-distance exceeded
	Description : The tip measurement failed because there was no switching signal within the expected Z-distance.
	Time        : 12:18:52.86
	ActionType  : Measure
	MachineMode : Manu
	MachineState: Active
	Object      : Gesim.GsStampSupport(StampSupport_Gen2)
	PLC Object  : FB_ComplexAction
	PLC Action  : A_MeasureStamp
	PLC AState  : 3

02.05.2023 12:20:57 - 41530 - Measure Z-distance exceeded
	Description : The tip measurement failed because there was no switching signal within the expected Z-distance.
	Time        : 12:25:23.45
	ActionType  : Measure
	MachineMode : Manu
	MachineState: Active
	Object      : Gesim.GsStampSupport(StampSupport_Gen2)
	PLC Object  : FB_ComplexAction
	PLC Action  : A_MeasureStamp
	PLC AState  : 3

02.05.2023 13:09:22 - 50002 - Camera not responding
	Description : The camera is not responding to commands.
	Time        : 13:09:22.69
	Exception   : TIS.Imaging.ICException: Base Library Error : Starting the graph failed due to : The process cannot access the file because it is being used by another process.

   at TIS.Imaging.ICImagingControl.LiveStart()
   at GesimRobotics.ViewModels.CameraControl.startCamera(Boolean continuous)

02.05.2023 13:09:36 - 50002 - Camera not responding
	Description : The camera is not responding to commands.
	Time        : 13:09:36.43
	Exception   : TIS.Imaging.ICException: Base Library Error : Starting the graph failed due to : The process cannot access the file because it is being used by another process.

   at TIS.Imaging.ICImagingControl.LiveStart()
   at GesimRobotics.ViewModels.CameraControl.startCamera(Boolean continuous)

02.05.2023 13:09:57 - 50002 - Camera not responding
	Description : The camera is not responding to commands.
	Time        : 13:09:57.78
	Exception   : TIS.Imaging.ICException: Base Library Error : Starting the graph failed due to : The process cannot access the file because it is being used by another process.

   at TIS.Imaging.ICImagingControl.LiveStart()
   at GesimRobotics.ViewModels.CameraControl.startCamera(Boolean continuous)

02.05.2023 13:51:25 - 41539 - Piece already in slot
	Description : 
	Time        : 13:55:51.51
	ActionType  : ExchangePiece
	MachineMode : Manu
	MachineState: Active
	Object      : Gesim.GsStampSupport(StampSupport_Gen2)
	PLC Object  : FB_ComplexAction
	PLC Action  : A_ExchangeStamp
	PLC AState  : 3

02.05.2023 13:52:35 - 41539 - Piece already in slot
	Description : 
	Time        : 13:57:01.63
	ActionType  : ExchangePiece
	MachineMode : Manu
	MachineState: Active
	Object      : Gesim.GsStampSupport(StampSupport_Gen2)
	PLC Object  : FB_ComplexAction
	PLC Action  : A_ExchangeStamp
	PLC AState  : 3

02.05.2023 13:52:53 - 41539 - Piece already in slot
	Description : 
	Time        : 13:57:19.64
	ActionType  : ExchangePiece
	MachineMode : Manu
	MachineState: Active
	Object      : Gesim.GsStampSupport(StampSupport_Gen2)
	PLC Object  : FB_ComplexAction
	PLC Action  : A_ExchangeStamp
	PLC AState  : 3

14.06.2023 12:28:16 - 17744 - Following error monitoring (position).
	Description : With active following error monitoring (position) a following error exceedance has occurred, whose magnitude is greater than the following error window, and whose duration is longer than the parameterised following error filter time.
	Time        : 12:32:03.47
	ActionType  : Undefined
	MachineMode : Maintenance
	MachineState: Active
	PLC Object  : UNDEFIEND
	PLC Action  : UNDEFIEND
	PLC AState  : 0

14.06.2023 12:28:17 - 17744 - Following error monitoring (position).
	Description : With active following error monitoring (position) a following error exceedance has occurred, whose magnitude is greater than the following error window, and whose duration is longer than the parameterised following error filter time.
	Time        : 12:32:03.48
	ActionType  : Undefined
	MachineMode : Maintenance
	MachineState: Active
	PLC Object  : UNDEFIEND
	PLC Action  : UNDEFIEND
	PLC AState  : 0

14.06.2023 12:28:25 - 17744 - Following error monitoring (position).
	Description : With active following error monitoring (position) a following error exceedance has occurred, whose magnitude is greater than the following error window, and whose duration is longer than the parameterised following error filter time.
	Time        : 12:32:12.30
	ActionType  : Undefined
	MachineMode : Maintenance
	MachineState: Active
	PLC Object  : UNDEFIEND
	PLC Action  : UNDEFIEND
	PLC AState  : 0

14.06.2023 12:28:25 - 17744 - Following error monitoring (position).
	Description : With active following error monitoring (position) a following error exceedance has occurred, whose magnitude is greater than the following error window, and whose duration is longer than the parameterised following error filter time.
	Time        : 12:32:12.31
	ActionType  : Undefined
	MachineMode : Maintenance
	MachineState: Active
	PLC Object  : UNDEFIEND
	PLC Action  : UNDEFIEND
	PLC AState  : 0

14.06.2023 13:01:40 - 17744 - Following error monitoring (position).
	Description : With active following error monitoring (position) a following error exceedance has occurred, whose magnitude is greater than the following error window, and whose duration is longer than the parameterised following error filter time.
	Time        : 13:05:26.82
	ActionType  : Undefined
	MachineMode : Maintenance
	MachineState: Active
	PLC Object  : UNDEFIEND
	PLC Action  : UNDEFIEND
	PLC AState  : 0

14.06.2023 13:01:40 - 17744 - Following error monitoring (position).
	Description : With active following error monitoring (position) a following error exceedance has occurred, whose magnitude is greater than the following error window, and whose duration is longer than the parameterised following error filter time.
	Time        : 13:05:26.83
	ActionType  : Undefined
	MachineMode : Maintenance
	MachineState: Active
	PLC Object  : UNDEFIEND
	PLC Action  : UNDEFIEND
	PLC AState  : 0

14.06.2023 13:01:50 -  1864 - ADS port not opened
	Description : Internal error
	Time        : 13:01:50.23
	Command     : STOP

14.06.2023 13:01:56 - 17744 - Following error monitoring (position).
	Description : With active following error monitoring (position) a following error exceedance has occurred, whose magnitude is greater than the following error window, and whose duration is longer than the parameterised following error filter time.
	Time        : 13:05:26.83
	ActionType  : Undefined
	MachineMode : Maintenance
	MachineState: Active
	PLC Object  : UNDEFIEND
	PLC Action  : UNDEFIEND
	PLC AState  : 0

14.06.2023 13:02:04 - 17744 - Following error monitoring (position).
	Description : With active following error monitoring (position) a following error exceedance has occurred, whose magnitude is greater than the following error window, and whose duration is longer than the parameterised following error filter time.
	Time        : 13:05:51.02
	ActionType  : Undefined
	MachineMode : Maintenance
	MachineState: Active
	PLC Object  : UNDEFIEND
	PLC Action  : UNDEFIEND
	PLC AState  : 0

14.06.2023 13:02:04 - 17744 - Following error monitoring (position).
	Description : With active following error monitoring (position) a following error exceedance has occurred, whose magnitude is greater than the following error window, and whose duration is longer than the parameterised following error filter time.
	Time        : 13:05:51.03
	ActionType  : Undefined
	MachineMode : Maintenance
	MachineState: Active
	PLC Object  : UNDEFIEND
	PLC Action  : UNDEFIEND
	PLC AState  : 0

14.06.2023 13:12:32 - 17744 - Following error monitoring (position).
	Description : With active following error monitoring (position) a following error exceedance has occurred, whose magnitude is greater than the following error window, and whose duration is longer than the parameterised following error filter time.
	Time        : 13:16:18.49
	ActionType  : Undefined
	MachineMode : Maintenance
	MachineState: Active
	PLC Object  : UNDEFIEND
	PLC Action  : UNDEFIEND
	PLC AState  : 0

14.06.2023 13:12:32 - 17744 - Following error monitoring (position).
	Description : With active following error monitoring (position) a following error exceedance has occurred, whose magnitude is greater than the following error window, and whose duration is longer than the parameterised following error filter time.
	Time        : 13:16:18.50
	ActionType  : Undefined
	MachineMode : Maintenance
	MachineState: Active
	PLC Object  : UNDEFIEND
	PLC Action  : UNDEFIEND
	PLC AState  : 0

14.06.2023 13:48:05 -  1864 - ADS port not opened
	Description : Internal error
	Time        : 13:48:05.18
	Command     : INTERACT_RESPONSE

15.06.2023 09:00:41 - 41617 - Sensor already switched
	Description : 
	Time        : 09:00:41.02
	Command     : EXECUTE_ACTION
	Object      : Gesim.GsStampSupport(StampSupport_Gen2)
	Action      : MeasureTool->Rack Stamp (2Inch/4Inch)

15.06.2023 11:40:36 - 41473 - Invalid mode
	Description : Command cannot be executed in this mode.
	Time        : 11:40:36.30
	Command     : EXECUTE_ACTION
	Object      : Gesim.GsCartridgeDisp(Cartridge Dispenser (10ml))
	Action      : Set Pressure->50 kPa

15.06.2023 13:34:45 - 41473 - Invalid mode
	Description : Command cannot be executed in this mode.
	Time        : 13:34:45.70
	Command     : EXECUTE_ACTION
	Object      : Gesim.GsCartridgeDisp(Cartridge Dispenser (10ml))
	Action      : Set Vacuum->-15 kPa

15.06.2023 14:06:27 - 41473 - Invalid mode
	Description : Command cannot be executed in this mode.
	Time        : 14:06:27.21
	Command     : EXECUTE_ACTION
	Object      : Gesim.GsCartridgeDisp(Cartridge Dispenser (10ml))
	Action      : Set Vacuum->-30 kPa

16.06.2023 11:20:14 - 41747 - Z-Sensor switch not found
	Description : Measurement: switching point not reached - Internal error (20)
	Time        : 11:20:13.56
	ActionType  : MoveZ
	MachineMode : Manu
	MachineState: Active
	Object      : Gesim.GsZSensor(ZSensor)
	PLC Object  : FB_MzTool
	PLC Action  : A_MoveZ
	PLC AState  : 0

16.06.2023 11:20:14 - 41747 - Z-Sensor switch not found
	Description : Measurement: switching point not reached - Internal error (20)
	Time        : 11:20:13.57
	ActionType  : CalibrateZSensor
	MachineMode : Manu
	MachineState: Active
	Object      : Gesim.GsZSensor(ZSensor)
	PLC Object  : FB_ComplexAction
	PLC Action  : A_CalibrateZSensor
	PLC AState  : 3

16.06.2023 11:39:07 - 41747 - Z-Sensor switch not found
	Description : Measurement: switching point not reached - Internal error (20)
	Time        : 11:39:06.15
	ActionType  : MoveZ
	MachineMode : Manu
	MachineState: Active
	Object      : Gesim.GsZSensor(ZSensor)
	PLC Object  : FB_MzTool
	PLC Action  : A_MoveZ
	PLC AState  : 0

16.06.2023 11:39:07 - 41747 - Z-Sensor switch not found
	Description : Measurement: switching point not reached - Internal error (20)
	Time        : 11:39:06.16
	ActionType  : CalibrateZSensor
	MachineMode : Manu
	MachineState: Active
	Object      : Gesim.GsZSensor(ZSensor)
	PLC Object  : FB_ComplexAction
	PLC Action  : A_CalibrateZSensor
	PLC AState  : 3

16.06.2023 11:40:27 - 41747 - Z-Sensor switch not found
	Description : Measurement: switching point not reached - Internal error (20)
	Time        : 11:40:26.04
	ActionType  : MoveZ
	MachineMode : Manu
	MachineState: Active
	Object      : Gesim.GsZSensor(ZSensor)
	PLC Object  : FB_MzTool
	PLC Action  : A_MoveZ
	PLC AState  : 0

16.06.2023 11:40:27 - 41747 - Z-Sensor switch not found
	Description : Measurement: switching point not reached - Internal error (20)
	Time        : 11:40:26.05
	ActionType  : CalibrateZSensor
	MachineMode : Manu
	MachineState: Active
	Object      : Gesim.GsZSensor(ZSensor)
	PLC Object  : FB_ComplexAction
	PLC Action  : A_CalibrateZSensor
	PLC AState  : 3

16.06.2023 11:42:35 - 41491 - Device not initialized
	Description : 
	Time        : 11:42:33.95
	ActionType  : MoveZ
	MachineMode : Manu
	MachineState: Active
	Object      : Gesim.GsHead(Head)
	PLC Object  : FB_MzHead
	PLC Action  : A_MoveZ
	PLC AState  : 80

16.06.2023 11:42:35 - 41491 - Device not initialized
	Description : 
	Time        : 11:42:33.95
	ActionType  : MoveXY
	MachineMode : Manu
	MachineState: Active
	Object      : Gesim.GsZSensor(ZSensor)
	PLC Object  : FB_MzBase
	PLC Action  : A_MoveXY
	PLC AState  : 1

16.06.2023 11:42:35 - 41491 - Device not initialized
	Description : 
	Time        : 11:42:33.96
	ActionType  : CalibrateZSensor
	MachineMode : Manu
	MachineState: Active
	Object      : Gesim.GsZSensor(ZSensor)
	PLC Object  : FB_ComplexAction
	PLC Action  : A_CalibrateZSensor
	PLC AState  : 1

16.06.2023 12:35:08 - 50013 - Changed configuration
	Description : The current configuration has changed significantly. Some settings might have changed.
	Time        : 12:35:08.54

16.06.2023 13:05:39 - 41556 - Head not in free Z-pos.
	Description : 
	Time        : 13:05:38.18
	ActionType  : InitDevices
	MachineMode : Init
	MachineState: Active
	PLC Object  : FB_MzHead
	PLC Action  : A_Init
	PLC AState  : 3

16.06.2023 13:05:49 - 41556 - Head not in free Z-pos.
	Description : 
	Time        : 13:05:48.20
	ActionType  : InitDevices
	MachineMode : Init
	MachineState: Active
	PLC Object  : FB_MzHead
	PLC Action  : A_Init
	PLC AState  : 3

16.06.2023 13:06:24 - 41556 - Head not in free Z-pos.
	Description : 
	Time        : 13:06:23.18
	ActionType  : InitDevices
	MachineMode : Init
	MachineState: Active
	PLC Object  : FB_MzHead
	PLC Action  : A_Init
	PLC AState  : 3

16.06.2023 13:07:01 - 41556 - Head not in free Z-pos.
	Description : 
	Time        : 13:07:00.40
	ActionType  : InitDevices
	MachineMode : Init
	MachineState: Active
	PLC Object  : FB_MzHead
	PLC Action  : A_Init
	PLC AState  : 3

16.06.2023 13:07:08 - 41556 - Head not in free Z-pos.
	Description : 
	Time        : 13:07:06.73
	ActionType  : InitDevices
	MachineMode : Init
	MachineState: Active
	PLC Object  : FB_MzHead
	PLC Action  : A_Init
	PLC AState  : 3

16.06.2023 13:07:15 - 41556 - Head not in free Z-pos.
	Description : 
	Time        : 13:07:14.30
	ActionType  : InitDevices
	MachineMode : Init
	MachineState: Active
	PLC Object  : FB_MzHead
	PLC Action  : A_Init
	PLC AState  : 3

16.06.2023 13:07:35 - 41476 - Object does not exist
	Description : 
	Time        : 13:07:35.31
	Command     : WRITE_ALL_PROPS
	Object      : Gesim.GsHead(Head)

16.06.2023 13:07:38 - 41476 - Object does not exist
	Description : 
	Time        : 13:07:38.58
	Command     : READ_ALL_PROPS
	Object      : Gesim.GsHead(Head)

16.06.2023 13:07:46 - 41476 - Object does not exist
	Description : 
	Time        : 13:07:46.18
	Command     : READ_ALL_PROPS
	Object      : Gesim.GsHead(Head)

16.06.2023 13:20:02 - 42247 - Scaffold Height Exceeded
	Description : Tool cannot move to all needed print positions (Z).
	Time        : 13:20:01.85
	ActionType  : Undefined
	MachineMode : Auto
	MachineState: Running
	Object      : Gesim.GsCartridgeDisp(Cartridge Dispenser (10ml))
	PLC Object  : FB_HskMFunc
	PLC Action  : A_AssignRParamHeader
	PLC AState  : 2

16.06.2023 13:20:23 - 42247 - Scaffold Height Exceeded
	Description : Tool cannot move to all needed print positions (Z).
	Time        : 13:20:22.62
	ActionType  : Undefined
	MachineMode : Auto
	MachineState: Running
	Object      : Gesim.GsCartridgeDisp(Cartridge Dispenser (10ml))
	PLC Object  : FB_HskMFunc
	PLC Action  : A_AssignRParamHeader
	PLC AState  : 2

16.06.2023 13:20:39 - 42247 - Scaffold Height Exceeded
	Description : Tool cannot move to all needed print positions (Z).
	Time        : 13:20:38.78
	ActionType  : Undefined
	MachineMode : Auto
	MachineState: Running
	Object      : Gesim.GsCartridgeDisp(Cartridge Dispenser (10ml))
	PLC Object  : FB_HskMFunc
	PLC Action  : A_AssignRParamHeader
	PLC AState  : 2

16.06.2023 13:21:01 - 42247 - Scaffold Height Exceeded
	Description : Tool cannot move to all needed print positions (Z).
	Time        : 13:21:00.69
	ActionType  : Undefined
	MachineMode : Auto
	MachineState: Running
	Object      : Gesim.GsCartridgeDisp(Cartridge Dispenser (10ml))
	PLC Object  : FB_HskMFunc
	PLC Action  : A_AssignRParamHeader
	PLC AState  : 2

16.06.2023 13:26:08 - 41503 - Configuration not activated
	Description : 
	Time        : 13:26:08.48
	Command     : CHANGE_MODE

16.06.2023 13:26:35 - 42247 - Scaffold Height Exceeded
	Description : Tool cannot move to all needed print positions (Z).
	Time        : 13:26:34.51
	ActionType  : Undefined
	MachineMode : Auto
	MachineState: Running
	Object      : Gesim.GsCartridgeDisp(Cartridge Dispenser (10ml))
	PLC Object  : FB_HskMFunc
	PLC Action  : A_AssignRParamHeader
	PLC AState  : 2

16.06.2023 13:27:59 - 42247 - Scaffold Height Exceeded
	Description : Tool cannot move to all needed print positions (Z).
	Time        : 13:27:58.99
	ActionType  : Undefined
	MachineMode : Auto
	MachineState: Running
	Object      : Gesim.GsCartridgeDisp(Cartridge Dispenser (10ml))
	PLC Object  : FB_HskMFunc
	PLC Action  : A_AssignRParamHeader
	PLC AState  : 2

16.06.2023 13:28:31 - 42247 - Scaffold Height Exceeded
	Description : Tool cannot move to all needed print positions (Z).
	Time        : 13:28:31.40
	ActionType  : Undefined
	MachineMode : Auto
	MachineState: Running
	Object      : Gesim.GsCartridgeDisp(Cartridge Dispenser (10ml))
	PLC Object  : FB_HskMFunc
	PLC Action  : A_AssignRParamHeader
	PLC AState  : 2

16.06.2023 13:28:47 - 42247 - Scaffold Height Exceeded
	Description : Tool cannot move to all needed print positions (Z).
	Time        : 13:28:46.97
	ActionType  : Undefined
	MachineMode : Auto
	MachineState: Running
	Object      : Gesim.GsCartridgeDisp(Cartridge Dispenser (10ml))
	PLC Object  : FB_HskMFunc
	PLC Action  : A_AssignRParamHeader
	PLC AState  : 2

16.06.2023 13:30:01 - 50013 - Changed configuration
	Description : The current configuration has changed significantly. Some settings might have changed.
	Time        : 13:30:01.12

16.06.2023 13:33:40 - 42247 - Scaffold Height Exceeded
	Description : Tool cannot move to all needed print positions (Z).
	Time        : 13:33:39.74
	ActionType  : Undefined
	MachineMode : Auto
	MachineState: Running
	Object      : Gesim.GsCartridgeDisp(Cartridge Dispenser (10ml))
	PLC Object  : FB_HskMFunc
	PLC Action  : A_AssignRParamHeader
	PLC AState  : 2

16.06.2023 13:47:30 - 50013 - Changed configuration
	Description : The current configuration has changed significantly. Some settings might have changed.
	Time        : 13:47:30.43

16.06.2023 13:52:20 - 41503 - Configuration not activated
	Description : 
	Time        : 13:52:20.40
	Command     : CHANGE_MODE

16.06.2023 13:52:24 - 41503 - Configuration not activated
	Description : 
	Time        : 13:52:24.85
	Command     : CHANGE_MODE

16.06.2023 13:52:38 - 41503 - Configuration not activated
	Description : 
	Time        : 13:52:38.32
	Command     : CHANGE_MODE

16.06.2023 13:53:45 - 41478 - Invalid state
	Description : Command can not be executed in this state.
	Time        : 13:53:45.36
	Command     : EXECUTE_ACTION
	Object      : Gesim.GsCartridgeDisp(Cartridge Dispenser (10ml))
	Action      : Switch Pressure->PressOn

16.06.2023 13:54:41 - 17085 - Limit exceeded
	Description : NC-Block violates software limit switches of the group.
	Time        : 13:54:40.43
	ActionType  : Undefined
	MachineMode : Auto
	MachineState: Running
	PLC Object  : GCode
	PLC Action  : A_Run
	PLC AState  : 20

16.06.2023 14:04:35 - 41473 - Invalid mode
	Description : Command cannot be executed in this mode.
	Time        : 14:04:35.56
	Command     : EXECUTE_ACTION
	Object      : Gesim.GsCartridgeHolder(CartridgeHolder (No Board))
	Action      : Jog

16.06.2023 14:04:35 - 41749 - FollowingErrorZAxis
	Description : 
	Time        : 14:04:34.65
	ActionType  : Jog
	MachineMode : Manu
	MachineState: Active
	Object      : Gesim.GsCartridgeHolder(CartridgeHolder (No Board))
	PLC Object  : FB_MzTool
	PLC Action  : A_JogZ
	PLC AState  : 80

16.06.2023 14:04:39 - 41473 - Invalid mode
	Description : Command cannot be executed in this mode.
	Time        : 14:04:39.96
	Command     : EXECUTE_ACTION
	Object      : Gesim.GsCartridgeHolder(CartridgeHolder (No Board))
	Action      : Jog

16.06.2023 14:06:24 - 41749 - FollowingErrorZAxis
	Description : 
	Time        : 14:06:23.38
	ActionType  : Jog
	MachineMode : Manu
	MachineState: Active
	Object      : Gesim.GsCartridgeHolder(CartridgeHolder (No Board))
	PLC Object  : FB_MzTool
	PLC Action  : A_JogZ
	PLC AState  : 80

16.06.2023 14:06:24 - 41473 - Invalid mode
	Description : Command cannot be executed in this mode.
	Time        : 14:06:24.27
	Command     : EXECUTE_ACTION
	Object      : Gesim.GsCartridgeHolder(CartridgeHolder (No Board))
	Action      : Jog

16.06.2023 14:30:19 - 41473 - Invalid mode
	Description : Command cannot be executed in this mode.
	Time        : 14:30:19.53
	Command     : EXECUTE_ACTION
	Object      : Gesim.GsHead(Head)
	Action      : Jog

16.06.2023 14:30:19 - 41473 - Invalid mode
	Description : Command cannot be executed in this mode.
	Time        : 14:30:19.53
	Command     : EXECUTE_ACTION
	Object      : Gesim.GsHead(Head)
	Action      : Jog

16.06.2023 14:42:42 - 42247 - Scaffold Height Exceeded
	Description : Tool cannot move to all needed print positions (Z).
	Time        : 14:42:42.19
	ActionType  : Undefined
	MachineMode : Auto
	MachineState: Running
	PLC Object  : FB_HskMFunc
	PLC Action  : A_AssignRParamHeader
	PLC AState  : 2

16.06.2023 14:49:30 - 41995 - InvalidToolConfig
	Description : 
	Time        : 14:49:29.27
	ActionType  : Undefined
	MachineMode : Config
	MachineState: Active
	PLC Object  : FB_MultiZRef
	PLC Action  : A_SetConfig
	PLC AState  : 0

16.06.2023 14:49:30 - 41995 - InvalidToolConfig
	Description : 
	Time        : 14:49:29.28
	ActionType  : Undefined
	MachineMode : Config
	MachineState: Active
	PLC Object  : FB_Configuration
	PLC Action  : A_Activate
	PLC AState  : 0

16.06.2023 14:49:34 - 41995 - InvalidToolConfig
	Description : 
	Time        : 14:49:33.45
	ActionType  : Undefined
	MachineMode : Config
	MachineState: Active
	PLC Object  : FB_MultiZRef
	PLC Action  : A_SetConfig
	PLC AState  : 0

16.06.2023 14:49:34 - 41995 - InvalidToolConfig
	Description : 
	Time        : 14:49:33.46
	ActionType  : Undefined
	MachineMode : Config
	MachineState: Active
	PLC Object  : FB_Configuration
	PLC Action  : A_Activate
	PLC AState  : 0

16.06.2023 14:51:09 - 41995 - InvalidToolConfig
	Description : 
	Time        : 14:49:33.46
	ActionType  : Undefined
	MachineMode : Config
	MachineState: Active
	PLC Object  : FB_Configuration
	PLC Action  : A_Activate
	PLC AState  : 0

19.06.2023 07:37:05 - 50013 - Changed configuration
	Description : The current configuration has changed significantly. Some settings might have changed.
	Time        : 07:37:05.53

19.06.2023 07:40:44 - 42240 - InvalidToolNr
	Description : 
	Time        : 07:40:45.63
	ActionType  : Undefined
	MachineMode : Auto
	MachineState: Running
	PLC Object  : FB_HskMFunc
	PLC Action  : A_AssignRParamHeader
	PLC AState  : 1

19.06.2023 07:41:46 - 41491 - Device not initialized
	Description : 
	Time        : 07:41:47.27
	ActionType  : MoveZ
	MachineMode : Auto
	MachineState: Running
	Object      : Gesim.GsHead(Head)
	PLC Object  : FB_MzHead
	PLC Action  : A_MoveZ
	PLC AState  : 80

19.06.2023 07:41:46 - 41491 - Device not initialized
	Description : 
	Time        : 07:41:47.27
	ActionType  : Undefined
	MachineMode : Auto
	MachineState: Running
	Object      : Gesim.GsHead(Head)
	PLC Object  : GCode
	PLC Action  : A_Start
	PLC AState  : 2

19.06.2023 07:41:57 - 41568 - Target position out of range - Z
	Description : Tool cannot move to target.
	Time        : 07:41:58.67
	ActionType  : Undefined
	MachineMode : Auto
	MachineState: Running
	PLC Object  : GCode
	PLC Action  : A_MoveZ
	PLC AState  : 0

19.06.2023 07:41:57 - 41568 - Target position out of range - Z
	Description : Tool cannot move to target.
	Time        : 07:41:58.67
	ActionType  : Undefined
	MachineMode : Auto
	MachineState: Running
	PLC Object  : GCode
	PLC Action  : A_MoveZ
	PLC AState  : 99

19.06.2023 07:43:56 - 41568 - Target position out of range - Z
	Description : Tool cannot move to target.
	Time        : 07:43:57.60
	ActionType  : Undefined
	MachineMode : Auto
	MachineState: Running
	PLC Object  : GCode
	PLC Action  : A_MoveZ
	PLC AState  : 0

19.06.2023 07:43:56 - 41568 - Target position out of range - Z
	Description : Tool cannot move to target.
	Time        : 07:43:57.60
	ActionType  : Undefined
	MachineMode : Auto
	MachineState: Running
	PLC Object  : GCode
	PLC Action  : A_MoveZ
	PLC AState  : 99

19.06.2023 07:44:16 - 41568 - Target position out of range - Z
	Description : Tool cannot move to target.
	Time        : 07:44:17.32
	ActionType  : Undefined
	MachineMode : Auto
	MachineState: Running
	PLC Object  : GCode
	PLC Action  : A_MoveZ
	PLC AState  : 0

19.06.2023 07:44:16 - 41568 - Target position out of range - Z
	Description : Tool cannot move to target.
	Time        : 07:44:17.32
	ActionType  : Undefined
	MachineMode : Auto
	MachineState: Running
	PLC Object  : GCode
	PLC Action  : A_MoveZ
	PLC AState  : 99

19.06.2023 07:44:37 - 41568 - Target position out of range - Z
	Description : Tool cannot move to target.
	Time        : 07:44:38.23
	ActionType  : Undefined
	MachineMode : Auto
	MachineState: Running
	PLC Object  : GCode
	PLC Action  : A_MoveZ
	PLC AState  : 0

19.06.2023 07:44:37 - 41568 - Target position out of range - Z
	Description : Tool cannot move to target.
	Time        : 07:44:38.23
	ActionType  : Undefined
	MachineMode : Auto
	MachineState: Running
	PLC Object  : GCode
	PLC Action  : A_MoveZ
	PLC AState  : 99

19.06.2023 07:44:52 - 42247 - Scaffold Height Exceeded
	Description : Tool cannot move to all needed print positions (Z).
	Time        : 07:44:53.30
	ActionType  : Undefined
	MachineMode : Auto
	MachineState: Running
	PLC Object  : FB_HskMFunc
	PLC Action  : A_AssignRParamHeader
	PLC AState  : 2

19.06.2023 07:45:18 - 42247 - Scaffold Height Exceeded
	Description : Tool cannot move to all needed print positions (Z).
	Time        : 07:45:19.64
	ActionType  : Undefined
	MachineMode : Auto
	MachineState: Running
	PLC Object  : FB_HskMFunc
	PLC Action  : A_AssignRParamHeader
	PLC AState  : 2

19.06.2023 07:46:44 - 41568 - Target position out of range - Z
	Description : Tool cannot move to target.
	Time        : 07:46:44.82
	Command     : EXECUTE_ACTION
	Object      : Gesim.GsCartridgeDisp(Cartridge Dispenser (10ml))
	Action      : Move Z->Relative->20 mm->72 mm/s

19.06.2023 07:46:51 - 41568 - Target position out of range - Z
	Description : Tool cannot move to target.
	Time        : 07:46:51.77
	Command     : EXECUTE_ACTION
	Object      : Gesim.GsCartridgeDisp(Cartridge Dispenser (10ml))
	Action      : Move Z->Relative->10 mm->72 mm/s

19.06.2023 11:12:50 - 42247 - Scaffold Height Exceeded
	Description : Tool cannot move to all needed print positions (Z).
	Time        : 11:12:50.30
	ActionType  : Undefined
	MachineMode : Auto
	MachineState: Running
	PLC Object  : FB_HskMFunc
	PLC Action  : A_AssignRParamHeader
	PLC AState  : 2

28.06.2023 08:13:51 - 41511 - Z-Sensor not mounted
	Description : A measurement was attempted without mounted Z-Sensor.
	Time        : 08:13:51.00
	Command     : EXECUTE_ACTION
	Object      : Gesim.GsZSensor(ZSensor)
	Action      : Calibrate Z-Sensor

28.06.2023 08:37:47 - 41570 - Risk of crash: Jog
	Description : Can not jog fast in this area.
	Time        : 08:37:47.75
	Command     : EXECUTE_ACTION
	Object      : Gesim.GsZSensor(ZSensor)
	Action      : Jog

28.06.2023 08:40:03 - 41747 - Z-Sensor switch not found
	Description : Measurement: switching point not reached - Internal error (20)
	Time        : 08:40:09.37
	ActionType  : MoveZ
	MachineMode : Auto
	MachineState: Running
	Object      : Gesim.GsZSensor(ZSensor)
	PLC Object  : FB_MzTool
	PLC Action  : A_MoveZ
	PLC AState  : 0

28.06.2023 08:40:03 - 41747 - Z-Sensor switch not found
	Description : Measurement: switching point not reached - Internal error (20)
	Time        : 08:40:09.38
	ActionType  : Measure
	MachineMode : Auto
	MachineState: Running
	Object      : Gesim.GsZSensor(ZSensor)
	PLC Object  : FB_ComplexAction
	PLC Action  : A_MeasureTarget
	PLC AState  : 4

28.06.2023 10:59:51 - 41986 - TimeoutWaitTargetReached
	Description : Internal error
	Time        : 10:59:57.79
	ActionType  : InitDevices
	MachineMode : Init
	MachineState: Active
	Object      : Gesim.GsStampSupport(StampSupport_Gen2)
	PLC Object  : FB_MzTool
	PLC Action  : A_Init
	PLC AState  : 1

28.06.2023 11:01:26 - 41986 - TimeoutWaitTargetReached
	Description : Internal error
	Time        : 11:01:31.96
	ActionType  : InitDevices
	MachineMode : Init
	MachineState: Active
	Object      : Gesim.GsStampSupport(StampSupport_Gen2)
	PLC Object  : FB_MzTool
	PLC Action  : A_Init
	PLC AState  : 1

28.06.2023 11:23:25 - 41536 - No piece on tool
	Description : 
	Time        : 11:23:25.78
	Command     : EXECUTE_ACTION
	Object      : Gesim.GsStampSupport(StampSupport_Gen2)
	Action      : Drop Piece->Rack Stamp (5x)->Slot 1

28.06.2023 11:25:05 - 41539 - Piece already in slot
	Description : 
	Time        : 11:25:11.46
	ActionType  : ExchangePiece
	MachineMode : Manu
	MachineState: Active
	Object      : Gesim.GsStampSupport(StampSupport_Gen2)
	PLC Object  : FB_ComplexAction
	PLC Action  : A_ExchangeStamp
	PLC AState  : 3

28.06.2023 11:25:09 - 41539 - Piece already in slot
	Description : 
	Time        : 11:25:15.76
	ActionType  : ExchangePiece
	MachineMode : Manu
	MachineState: Active
	Object      : Gesim.GsStampSupport(StampSupport_Gen2)
	PLC Object  : FB_ComplexAction
	PLC Action  : A_ExchangeStamp
	PLC AState  : 3

28.06.2023 11:34:06 - 41539 - Piece already in slot
	Description : 
	Time        : 11:34:12.43
	ActionType  : ExchangePiece
	MachineMode : Manu
	MachineState: Active
	Object      : Gesim.GsStampSupport(StampSupport_Gen2)
	PLC Object  : FB_ComplexAction
	PLC Action  : A_ExchangeStamp
	PLC AState  : 3

28.06.2023 11:36:36 - 41539 - Piece already in slot
	Description : 
	Time        : 11:36:41.92
	ActionType  : ExchangePiece
	MachineMode : Manu
	MachineState: Active
	Object      : Gesim.GsStampSupport(StampSupport_Gen2)
	PLC Object  : FB_ComplexAction
	PLC Action  : A_ExchangeStamp
	PLC AState  : 3

28.06.2023 11:38:19 - 41539 - Piece already in slot
	Description : 
	Time        : 11:38:25.62
	ActionType  : ExchangePiece
	MachineMode : Manu
	MachineState: Active
	Object      : Gesim.GsStampSupport(StampSupport_Gen2)
	PLC Object  : FB_ComplexAction
	PLC Action  : A_ExchangeStamp
	PLC AState  : 3

28.06.2023 11:39:21 - 41539 - Piece already in slot
	Description : 
	Time        : 11:39:27.60
	ActionType  : ExchangePiece
	MachineMode : Manu
	MachineState: Active
	Object      : Gesim.GsStampSupport(StampSupport_Gen2)
	PLC Object  : FB_ComplexAction
	PLC Action  : A_ExchangeStamp
	PLC AState  : 3

28.06.2023 11:42:33 - 41539 - Piece already in slot
	Description : 
	Time        : 11:42:39.76
	ActionType  : ExchangePiece
	MachineMode : Manu
	MachineState: Active
	Object      : Gesim.GsStampSupport(StampSupport_Gen2)
	PLC Object  : FB_ComplexAction
	PLC Action  : A_ExchangeStamp
	PLC AState  : 3

28.06.2023 11:52:04 - 41547 - NoPieceDetermined
	Description : 
	Time        : 11:52:10.08
	ActionType  : Undefined
	MachineMode : Auto
	MachineState: Running
	PLC Object  : FB_Sequence
	PLC Action  : UNDEFIEND
	PLC AState  : 2

28.06.2023 11:52:42 - 41547 - NoPieceDetermined
	Description : 
	Time        : 11:52:48.73
	ActionType  : Undefined
	MachineMode : Auto
	MachineState: Running
	PLC Object  : FB_Sequence
	PLC Action  : UNDEFIEND
	PLC AState  : 2

28.06.2023 11:53:05 - 41536 - No piece on tool
	Description : 
	Time        : 11:53:11.68
	ActionType  : Undefined
	MachineMode : Auto
	MachineState: Running
	PLC Object  : FB_Sequence
	PLC Action  : UNDEFIEND
	PLC AState  : 2

28.06.2023 11:54:10 -  1864 - ADS port not opened
	Description : Internal error
	Time        : 11:54:10.67
	Command     : EXECUTE_ACTION
	Object      : Gesim.GsStampSupport(StampSupport_Gen2)
	Action      : Drop Piece->Rack Stamp (5x)->Slot 1

28.06.2023 11:54:22 - 41547 - NoPieceDetermined
	Description : 
	Time        : 11:54:22.12
	Command     : EXECUTE_ACTION
	Object      : Gesim.GsStampSupport(StampSupport_Gen2)
	Action      : Drop Piece->Rack Stamp (5x)->Slot 1

28.06.2023 11:56:20 - 41541 - Invalid target slot
	Description : 
	Time        : 11:56:20.79
	Command     : EXECUTE_ACTION
	Object      : Gesim.GsStampSupport(StampSupport_Gen2)
	Action      : Drop Piece->Z-Sensor->Select Slot

28.06.2023 11:58:37 - 41547 - NoPieceDetermined
	Description : 
	Time        : 11:58:37.67
	Command     : EXECUTE_ACTION
	Object      : Gesim.GsStampSupport(StampSupport_Gen2)
	Action      : Take Piece->Rack Stamp (5x)->Slot 1

28.06.2023 12:25:00 - 41539 - Piece already in slot
	Description : 
	Time        : 12:25:06.17
	ActionType  : ExchangePiece
	MachineMode : Auto
	MachineState: Running
	Object      : Gesim.GsStampSupport(StampSupport_Gen2)
	PLC Object  : FB_ComplexAction
	PLC Action  : A_ExchangeStamp
	PLC AState  : 3

28.06.2023 12:52:58 - 41547 - NoPieceDetermined
	Description : 
	Time        : 12:53:04.15
	ActionType  : Undefined
	MachineMode : Auto
	MachineState: Running
	PLC Object  : FB_Sequence
	PLC Action  : UNDEFIEND
	PLC AState  : 2

28.06.2023 12:54:24 - 41547 - NoPieceDetermined
	Description : 
	Time        : 12:54:30.80
	ActionType  : Undefined
	MachineMode : Auto
	MachineState: Running
	PLC Object  : FB_Sequence
	PLC Action  : UNDEFIEND
	PLC AState  : 2

28.06.2023 12:55:13 - 41547 - NoPieceDetermined
	Description : 
	Time        : 12:55:19.20
	ActionType  : Undefined
	MachineMode : Auto
	MachineState: Running
	PLC Object  : FB_Sequence
	PLC Action  : UNDEFIEND
	PLC AState  : 2

28.06.2023 12:56:06 - 41539 - Piece already in slot
	Description : 
	Time        : 12:56:13.04
	ActionType  : ExchangePiece
	MachineMode : Auto
	MachineState: Running
	Object      : Gesim.GsStampSupport(StampSupport_Gen2)
	PLC Object  : FB_ComplexAction
	PLC Action  : A_ExchangeStamp
	PLC AState  : 3

28.06.2023 12:56:52 - 41539 - Piece already in slot
	Description : 
	Time        : 12:56:58.22
	ActionType  : ExchangePiece
	MachineMode : Manu
	MachineState: Active
	Object      : Gesim.GsStampSupport(StampSupport_Gen2)
	PLC Object  : FB_ComplexAction
	PLC Action  : A_ExchangeStamp
	PLC AState  : 3

28.06.2023 12:57:03 - 41539 - Piece already in slot
	Description : 
	Time        : 12:57:09.12
	ActionType  : ExchangePiece
	MachineMode : Manu
	MachineState: Active
	Object      : Gesim.GsStampSupport(StampSupport_Gen2)
	PLC Object  : FB_ComplexAction
	PLC Action  : A_ExchangeStamp
	PLC AState  : 3

28.06.2023 12:57:08 - 41539 - Piece already in slot
	Description : 
	Time        : 12:57:14.98
	ActionType  : ExchangePiece
	MachineMode : Manu
	MachineState: Active
	Object      : Gesim.GsStampSupport(StampSupport_Gen2)
	PLC Object  : FB_ComplexAction
	PLC Action  : A_ExchangeStamp
	PLC AState  : 3

28.06.2023 12:58:08 - 41539 - Piece already in slot
	Description : 
	Time        : 12:58:14.70
	ActionType  : ExchangePiece
	MachineMode : Manu
	MachineState: Active
	Object      : Gesim.GsStampSupport(StampSupport_Gen2)
	PLC Object  : FB_ComplexAction
	PLC Action  : A_ExchangeStamp
	PLC AState  : 3

28.06.2023 13:00:19 - 41547 - NoPieceDetermined
	Description : 
	Time        : 13:00:25.84
	ActionType  : Undefined
	MachineMode : Auto
	MachineState: Running
	PLC Object  : FB_Sequence
	PLC Action  : UNDEFIEND
	PLC AState  : 2

28.06.2023 13:00:31 - 41537 - Piece already on tool
	Description : 
	Time        : 13:00:38.01
	ActionType  : Undefined
	MachineMode : Auto
	MachineState: Running
	PLC Object  : FB_Sequence
	PLC Action  : UNDEFIEND
	PLC AState  : 2

28.06.2023 13:01:07 - 41539 - Piece already in slot
	Description : 
	Time        : 13:01:13.57
	ActionType  : ExchangePiece
	MachineMode : Auto
	MachineState: Running
	Object      : Gesim.GsStampSupport(StampSupport_Gen2)
	PLC Object  : FB_ComplexAction
	PLC Action  : A_ExchangeStamp
	PLC AState  : 3

28.06.2023 13:02:51 - 41539 - Piece already in slot
	Description : 
	Time        : 13:02:57.14
	ActionType  : ExchangePiece
	MachineMode : Auto
	MachineState: Running
	Object      : Gesim.GsStampSupport(StampSupport_Gen2)
	PLC Object  : FB_ComplexAction
	PLC Action  : A_ExchangeStamp
	PLC AState  : 3

28.06.2023 13:03:37 - 41539 - Piece already in slot
	Description : 
	Time        : 13:03:43.52
	ActionType  : ExchangePiece
	MachineMode : Manu
	MachineState: Active
	Object      : Gesim.GsStampSupport(StampSupport_Gen2)
	PLC Object  : FB_ComplexAction
	PLC Action  : A_ExchangeStamp
	PLC AState  : 3

28.06.2023 13:03:44 - 41539 - Piece already in slot
	Description : 
	Time        : 13:03:50.28
	ActionType  : ExchangePiece
	MachineMode : Manu
	MachineState: Active
	Object      : Gesim.GsStampSupport(StampSupport_Gen2)
	PLC Object  : FB_ComplexAction
	PLC Action  : A_ExchangeStamp
	PLC AState  : 3

28.06.2023 13:03:48 - 41539 - Piece already in slot
	Description : 
	Time        : 13:03:54.54
	ActionType  : ExchangePiece
	MachineMode : Manu
	MachineState: Active
	Object      : Gesim.GsStampSupport(StampSupport_Gen2)
	PLC Object  : FB_ComplexAction
	PLC Action  : A_ExchangeStamp
	PLC AState  : 3

28.06.2023 13:04:18 - 41539 - Piece already in slot
	Description : 
	Time        : 13:04:24.46
	ActionType  : ExchangePiece
	MachineMode : Manu
	MachineState: Active
	Object      : Gesim.GsStampSupport(StampSupport_Gen2)
	PLC Object  : FB_ComplexAction
	PLC Action  : A_ExchangeStamp
	PLC AState  : 3

28.06.2023 13:04:26 - 41539 - Piece already in slot
	Description : 
	Time        : 13:04:32.95
	ActionType  : ExchangePiece
	MachineMode : Manu
	MachineState: Active
	Object      : Gesim.GsStampSupport(StampSupport_Gen2)
	PLC Object  : FB_ComplexAction
	PLC Action  : A_ExchangeStamp
	PLC AState  : 3

28.06.2023 13:05:05 - 50013 - Changed configuration
	Description : The current configuration has changed significantly. Some settings might have changed.
	Time        : 13:05:05.88

28.06.2023 13:05:13 - 41539 - Piece already in slot
	Description : 
	Time        : 13:05:19.42
	ActionType  : ExchangePiece
	MachineMode : Manu
	MachineState: Active
	Object      : Gesim.GsStampSupport(StampSupport_Gen2)
	PLC Object  : FB_ComplexAction
	PLC Action  : A_ExchangeStamp
	PLC AState  : 3

28.06.2023 13:05:43 - 41539 - Piece already in slot
	Description : 
	Time        : 13:05:49.21
	ActionType  : ExchangePiece
	MachineMode : Manu
	MachineState: Active
	Object      : Gesim.GsStampSupport(StampSupport_Gen2)
	PLC Object  : FB_ComplexAction
	PLC Action  : A_ExchangeStamp
	PLC AState  : 3

28.06.2023 13:05:49 - 41539 - Piece already in slot
	Description : 
	Time        : 13:05:55.24
	ActionType  : ExchangePiece
	MachineMode : Manu
	MachineState: Active
	Object      : Gesim.GsStampSupport(StampSupport_Gen2)
	PLC Object  : FB_ComplexAction
	PLC Action  : A_ExchangeStamp
	PLC AState  : 3

28.06.2023 13:06:56 - 41539 - Piece already in slot
	Description : 
	Time        : 13:07:02.29
	ActionType  : ExchangePiece
	MachineMode : Manu
	MachineState: Active
	Object      : Gesim.GsStampSupport(StampSupport_Gen2)
	PLC Object  : FB_ComplexAction
	PLC Action  : A_ExchangeStamp
	PLC AState  : 3

28.06.2023 13:07:16 - 41539 - Piece already in slot
	Description : 
	Time        : 13:07:22.20
	ActionType  : ExchangePiece
	MachineMode : Manu
	MachineState: Active
	Object      : Gesim.GsStampSupport(StampSupport_Gen2)
	PLC Object  : FB_ComplexAction
	PLC Action  : A_ExchangeStamp
	PLC AState  : 3

28.06.2023 13:07:54 - 41539 - Piece already in slot
	Description : 
	Time        : 13:08:00.32
	ActionType  : ExchangePiece
	MachineMode : Manu
	MachineState: Active
	Object      : Gesim.GsStampSupport(StampSupport_Gen2)
	PLC Object  : FB_ComplexAction
	PLC Action  : A_ExchangeStamp
	PLC AState  : 3

28.06.2023 13:13:59 - 41570 - Risk of crash: Jog
	Description : Can not jog fast in this area.
	Time        : 13:13:59.76
	Command     : EXECUTE_ACTION
	Object      : Gesim.GsHead(Head)
	Action      : Jog

28.06.2023 13:20:45 - 41539 - Piece already in slot
	Description : 
	Time        : 13:20:51.09
	ActionType  : ExchangePiece
	MachineMode : Manu
	MachineState: Active
	Object      : Gesim.GsStampSupport(StampSupport_Gen2)
	PLC Object  : FB_ComplexAction
	PLC Action  : A_ExchangeStamp
	PLC AState  : 3

28.06.2023 13:22:11 - 41539 - Piece already in slot
	Description : 
	Time        : 13:22:17.15
	ActionType  : ExchangePiece
	MachineMode : Manu
	MachineState: Active
	Object      : Gesim.GsStampSupport(StampSupport_Gen2)
	PLC Object  : FB_ComplexAction
	PLC Action  : A_ExchangeStamp
	PLC AState  : 3

28.06.2023 13:22:39 - 41539 - Piece already in slot
	Description : 
	Time        : 13:22:45.14
	ActionType  : ExchangePiece
	MachineMode : Manu
	MachineState: Active
	Object      : Gesim.GsStampSupport(StampSupport_Gen2)
	PLC Object  : FB_ComplexAction
	PLC Action  : A_ExchangeStamp
	PLC AState  : 3

28.06.2023 13:23:12 - 41539 - Piece already in slot
	Description : 
	Time        : 13:23:17.88
	ActionType  : ExchangePiece
	MachineMode : Manu
	MachineState: Active
	Object      : Gesim.GsStampSupport(StampSupport_Gen2)
	PLC Object  : FB_ComplexAction
	PLC Action  : A_ExchangeStamp
	PLC AState  : 3

28.06.2023 13:24:19 - 41570 - Risk of crash: Jog
	Description : Can not jog fast in this area.
	Time        : 13:24:19.65
	Command     : EXECUTE_ACTION
	Object      : Gesim.GsStampSupport(StampSupport_Gen2)
	Action      : Jog

28.06.2023 13:27:29 - 41539 - Piece already in slot
	Description : 
	Time        : 13:27:35.20
	ActionType  : ExchangePiece
	MachineMode : Manu
	MachineState: Active
	Object      : Gesim.GsStampSupport(StampSupport_Gen2)
	PLC Object  : FB_ComplexAction
	PLC Action  : A_ExchangeStamp
	PLC AState  : 3

28.06.2023 13:31:17 - 41539 - Piece already in slot
	Description : 
	Time        : 13:31:23.19
	ActionType  : ExchangePiece
	MachineMode : Manu
	MachineState: Active
	Object      : Gesim.GsStampSupport(StampSupport_Gen2)
	PLC Object  : FB_ComplexAction
	PLC Action  : A_ExchangeStamp
	PLC AState  : 3

28.06.2023 13:35:46 - 41539 - Piece already in slot
	Description : 
	Time        : 13:35:52.15
	ActionType  : ExchangePiece
	MachineMode : Auto
	MachineState: Running
	Object      : Gesim.GsStampSupport(StampSupport_Gen2)
	PLC Object  : FB_ComplexAction
	PLC Action  : A_ExchangeStamp
	PLC AState  : 3

28.06.2023 13:45:23 - 41538 - No piece in slot
	Description : 
	Time        : 13:45:29.03
	ActionType  : ExchangePiece
	MachineMode : Manu
	MachineState: Active
	Object      : Gesim.GsStampSupport(StampSupport_Gen2)
	PLC Object  : FB_ComplexAction
	PLC Action  : A_ExchangeStamp
	PLC AState  : 3

28.06.2023 13:45:55 - 41538 - No piece in slot
	Description : 
	Time        : 13:46:01.12
	ActionType  : ExchangePiece
	MachineMode : Manu
	MachineState: Active
	Object      : Gesim.GsStampSupport(StampSupport_Gen2)
	PLC Object  : FB_ComplexAction
	PLC Action  : A_ExchangeStamp
	PLC AState  : 3

28.06.2023 13:47:01 - 41538 - No piece in slot
	Description : 
	Time        : 13:47:07.03
	ActionType  : ExchangePiece
	MachineMode : Manu
	MachineState: Active
	Object      : Gesim.GsStampSupport(StampSupport_Gen2)
	PLC Object  : FB_ComplexAction
	PLC Action  : A_ExchangeStamp
	PLC AState  : 3

28.06.2023 13:48:24 - 41499 - Unsuitable target
	Description : Target is not suitable for this action.
	Time        : 13:48:24.65
	Command     : EXECUTE_ACTION
	Object      : Gesim.GsStampSupport(StampSupport_Gen2)
	Action      : Drop Piece->Select Target

28.06.2023 13:51:27 - 41547 - NoPieceDetermined
	Description : 
	Time        : 13:51:33.52
	ActionType  : Undefined
	MachineMode : Auto
	MachineState: Running
	PLC Object  : FB_Sequence
	PLC Action  : UNDEFIEND
	PLC AState  : 2

28.06.2023 14:02:08 - 41749 - FollowingErrorZAxis
	Description : 
	Time        : 14:02:14.29
	ActionType  : MoveZ
	MachineMode : Auto
	MachineState: Running
	Object      : Gesim.GsStampSupport(StampSupport_Gen2)
	PLC Object  : FB_MzTool
	PLC Action  : A_MoveZ
	PLC AState  : 0

28.06.2023 14:02:08 - 41749 - FollowingErrorZAxis
	Description : 
	Time        : 14:02:14.30
	ActionType  : ExchangePiece
	MachineMode : Auto
	MachineState: Running
	Object      : Gesim.GsStampSupport(StampSupport_Gen2)
	PLC Object  : FB_ComplexAction
	PLC Action  : A_ExchangeStamp
	PLC AState  : 5

28.06.2023 14:04:08 - 41547 - NoPieceDetermined
	Description : 
	Time        : 14:04:13.82
	ActionType  : Undefined
	MachineMode : Auto
	MachineState: Running
	PLC Object  : FB_Sequence
	PLC Action  : UNDEFIEND
	PLC AState  : 2

28.06.2023 14:05:24 - 41538 - No piece in slot
	Description : 
	Time        : 14:05:29.96
	ActionType  : ExchangePiece
	MachineMode : Manu
	MachineState: Active
	Object      : Gesim.GsStampSupport(StampSupport_Gen2)
	PLC Object  : FB_ComplexAction
	PLC Action  : A_ExchangeStamp
	PLC AState  : 3

28.06.2023 14:06:11 - 41538 - No piece in slot
	Description : 
	Time        : 14:06:17.13
	ActionType  : ExchangePiece
	MachineMode : Manu
	MachineState: Active
	Object      : Gesim.GsStampSupport(StampSupport_Gen2)
	PLC Object  : FB_ComplexAction
	PLC Action  : A_ExchangeStamp
	PLC AState  : 3

28.06.2023 14:06:29 - 41538 - No piece in slot
	Description : 
	Time        : 14:06:35.41
	ActionType  : ExchangePiece
	MachineMode : Manu
	MachineState: Active
	Object      : Gesim.GsStampSupport(StampSupport_Gen2)
	PLC Object  : FB_ComplexAction
	PLC Action  : A_ExchangeStamp
	PLC AState  : 3

28.06.2023 14:06:44 - 41538 - No piece in slot
	Description : 
	Time        : 14:06:50.13
	ActionType  : ExchangePiece
	MachineMode : Manu
	MachineState: Active
	Object      : Gesim.GsStampSupport(StampSupport_Gen2)
	PLC Object  : FB_ComplexAction
	PLC Action  : A_ExchangeStamp
	PLC AState  : 3

28.06.2023 14:07:39 - 41538 - No piece in slot
	Description : 
	Time        : 14:07:45.06
	ActionType  : ExchangePiece
	MachineMode : Manu
	MachineState: Active
	Object      : Gesim.GsStampSupport(StampSupport_Gen2)
	PLC Object  : FB_ComplexAction
	PLC Action  : A_ExchangeStamp
	PLC AState  : 3

29.06.2023 11:48:21 - 41571 - PieceExchangeFailed
	Description : 
	Time        : 11:48:27.65
	ActionType  : ExchangePiece
	MachineMode : Manu
	MachineState: Active
	Object      : Gesim.GsStampSupport(StampSupport_Gen2)
	PLC Object  : FB_ComplexAction
	PLC Action  : A_ExchangeStamp
	PLC AState  : 12

29.06.2023 11:48:51 - 41571 - PieceExchangeFailed
	Description : 
	Time        : 11:48:57.55
	ActionType  : ExchangePiece
	MachineMode : Manu
	MachineState: Active
	Object      : Gesim.GsStampSupport(StampSupport_Gen2)
	PLC Object  : FB_ComplexAction
	PLC Action  : A_ExchangeStamp
	PLC AState  : 12

29.06.2023 11:51:37 - 41571 - PieceExchangeFailed
	Description : 
	Time        : 11:48:57.55
	ActionType  : ExchangePiece
	MachineMode : Manu
	MachineState: Active
	Object      : Gesim.GsStampSupport(StampSupport_Gen2)
	PLC Object  : FB_ComplexAction
	PLC Action  : A_ExchangeStamp
	PLC AState  : 12

29.06.2023 11:55:34 - 50013 - Changed configuration
	Description : The current configuration has changed significantly. Some settings might have changed.
	Time        : 11:55:34.34

29.06.2023 11:55:54 - 42247 - Scaffold Height Exceeded
	Description : Tool cannot move to all needed print positions (Z).
	Time        : 11:56:00.84
	ActionType  : Undefined
	MachineMode : Manu
	MachineState: Active
	PLC Object  : FB_HskMFunc
	PLC Action  : A_AssignRParamHeader
	PLC AState  : 2

29.06.2023 11:56:08 - 42247 - Scaffold Height Exceeded
	Description : Tool cannot move to all needed print positions (Z).
	Time        : 11:56:14.37
	ActionType  : Undefined
	MachineMode : Manu
	MachineState: Active
	PLC Object  : FB_HskMFunc
	PLC Action  : A_AssignRParamHeader
	PLC AState  : 2

29.06.2023 13:30:30 - 41069 - No nozzle on tool
	Description : A printing tool was configured without a nozzle.
	Time        : 13:30:36.20
	ActionType  : Undefined
	MachineMode : Config
	MachineState: Active
	Object      : Gesim.GsCartridgeDisp(CartridgeDispenser (30ml))
	PLC Object  : UNDEFIEND
	PLC Action  : UNDEFIEND
	PLC AState  : 0

29.06.2023 13:30:33 - 41069 - No nozzle on tool
	Description : A printing tool was configured without a nozzle.
	Time        : 13:30:39.31
	ActionType  : Undefined
	MachineMode : Config
	MachineState: Active
	Object      : Gesim.GsCartridgeDisp(CartridgeDispenser (30ml))
	PLC Object  : UNDEFIEND
	PLC Action  : UNDEFIEND
	PLC AState  : 0

29.06.2023 13:34:38 - 41069 - No nozzle on tool
	Description : A printing tool was configured without a nozzle.
	Time        : 13:30:39.31
	ActionType  : Undefined
	MachineMode : Config
	MachineState: Active
	Object      : Gesim.GsCartridgeDisp()
	PLC Object  : UNDEFIEND
	PLC Action  : UNDEFIEND
	PLC AState  : 0

29.06.2023 13:34:40 - 50005 - Connection error
	Description : The connection to the device could not be established.
	Time        : 13:34:40.74
	Exception   : System.InvalidOperationException: This BackgroundWorker is currently busy and cannot run multiple tasks concurrently.
   at Gesim.GsMachine.Connect(String routeName, Boolean record, Boolean withoutActivation)
   at GesimRobotics.ViewModels.Dialogs.DebugMenuDialog.connect()

30.06.2023 11:16:33 - 41536 - No piece on tool
	Description : 
	Time        : 11:16:33.15
	Command     : EXECUTE_ACTION
	Object      : Gesim.GsStampSupport(StampSupport_Gen2)
	Action      : Drop Piece->Rack Stamp (5x)->Slot 1

30.06.2023 11:16:47 - 41539 - Piece already in slot
	Description : 
	Time        : 11:16:53.82
	ActionType  : ExchangePiece
	MachineMode : Manu
	MachineState: Active
	Object      : Gesim.GsStampSupport(StampSupport_Gen2)
	PLC Object  : FB_ComplexAction
	PLC Action  : A_ExchangeStamp
	PLC AState  : 3

30.06.2023 11:17:14 - 41536 - No piece on tool
	Description : 
	Time        : 11:17:14.62
	Command     : EXECUTE_ACTION
	Object      : Gesim.GsStampSupport(StampSupport_Gen2)
	Action      : Drop Piece->Rack Stamp (5x)->Slot 1

30.06.2023 11:17:24 - 41536 - No piece on tool
	Description : 
	Time        : 11:17:24.61
	Command     : EXECUTE_ACTION
	Object      : Gesim.GsStampSupport(StampSupport_Gen2)
	Action      : Drop Piece->Rack Stamp (5x)->Slot 1

30.06.2023 11:17:35 - 41539 - Piece already in slot
	Description : 
	Time        : 11:17:42.05
	ActionType  : ExchangePiece
	MachineMode : Manu
	MachineState: Active
	Object      : Gesim.GsStampSupport(StampSupport_Gen2)
	PLC Object  : FB_ComplexAction
	PLC Action  : A_ExchangeStamp
	PLC AState  : 3

30.06.2023 11:17:52 - 41539 - Piece already in slot
	Description : 
	Time        : 11:17:59.12
	ActionType  : ExchangePiece
	MachineMode : Manu
	MachineState: Active
	Object      : Gesim.GsStampSupport(StampSupport_Gen2)
	PLC Object  : FB_ComplexAction
	PLC Action  : A_ExchangeStamp
	PLC AState  : 3

03.07.2023 08:12:42 - 41741 - I2C communication failure
	Description : Internal error (14)
	Time        : 08:12:51.65
	ActionType  : Undefined
	MachineMode : Manu
	MachineState: Active
	PLC Object  : FB_MultiZRef
	PLC Action  : A_Monitor
	PLC AState  : 0
	Error ID 2  : 202440921

03.07.2023 08:16:03 - 41988 - AxisNotHomed
	Description : 
	Time        : 08:16:11.77
	ActionType  : CalibrateZSensor
	MachineMode : Manu
	MachineState: Active
	Object      : Gesim.GsZSensor(ZSensor)
	PLC Object  : FB_ComplexAction
	PLC Action  : A_CalibrateZSensor
	PLC AState  : 0

03.07.2023 08:21:46 - 41741 - I2C communication failure
	Description : Internal error (14)
	Time        : 08:21:54.98
	ActionType  : Undefined
	MachineMode : Manu
	MachineState: Active
	PLC Object  : FB_MultiZRef
	PLC Action  : A_Monitor
	PLC AState  : 0
	Error ID 2  : 202440921

03.07.2023 08:22:55 - 41741 - I2C communication failure
	Description : Internal error (14)
	Time        : 08:23:04.00
	ActionType  : Undefined
	MachineMode : Manu
	MachineState: Active
	PLC Object  : FB_MultiZRef
	PLC Action  : A_Monitor
	PLC AState  : 0
	Error ID 2  : 202440921

03.07.2023 08:29:30 - 41741 - I2C communication failure
	Description : Internal error (14)
	Time        : 08:29:39.19
	ActionType  : Undefined
	MachineMode : Manu
	MachineState: Active
	PLC Object  : FB_MultiZRef
	PLC Action  : A_Monitor
	PLC AState  : 0
	Error ID 2  : 202440921

03.07.2023 08:29:54 - 41998 - TimeoutLock
	Description : 
	Time        : 08:30:03.49
	ActionType  : LockUnlock
	MachineMode : Maintenance
	MachineState: Active
	Object      : Gesim.GsExtruder(SyringeExtruder)
	PLC Object  : FB_Extruder
	PLC Action  : A_Reload
	PLC AState  : 80

03.07.2023 08:40:24 - 41741 - I2C communication failure
	Description : Internal error (14)
	Time        : 08:40:33.02
	ActionType  : Undefined
	MachineMode : Manu
	MachineState: Active
	PLC Object  : FB_MultiZRef
	PLC Action  : A_Monitor
	PLC AState  : 0
	Error ID 2  : 202440921

03.07.2023 08:41:26 - 41741 - I2C communication failure
	Description : Internal error (14)
	Time        : 08:41:35.19
	ActionType  : Undefined
	MachineMode : Manu
	MachineState: Active
	PLC Object  : FB_MultiZRef
	PLC Action  : A_Monitor
	PLC AState  : 0
	Error ID 2  : 202440921

03.07.2023 08:47:48 - 41741 - I2C communication failure
	Description : Internal error (14)
	Time        : 08:47:56.77
	ActionType  : Undefined
	MachineMode : Manu
	MachineState: Active
	PLC Object  : FB_MultiZRef
	PLC Action  : A_Monitor
	PLC AState  : 0
	Error ID 2  : 202440921

03.07.2023 08:53:38 - 41597 - Device is not locked
	Description : 
	Time        : 08:53:38.09
	Command     : EXECUTE_ACTION
	Object      : Gesim.GsExtruder(SyringeExtruder)
	Action      : Move Plunger->Move to ->86942 µm

03.07.2023 08:54:46 - 41511 - Z-Sensor not mounted
	Description : A measurement was attempted without mounted Z-Sensor.
	Time        : 08:54:46.25
	Command     : EXECUTE_ACTION
	Object      : Gesim.GsZSensor(ZSensor)
	Action      : Calibrate Z-Sensor

03.07.2023 09:01:40 - 41597 - Device is not locked
	Description : 
	Time        : 09:01:40.46
	Command     : EXECUTE_ACTION
	Object      : Gesim.GsExtruder(SyringeExtruder)
	Action      : Move Plunger->Move to ->50000 µm

05.07.2023 09:10:17 - 41995 - InvalidToolConfig
	Description : 
	Time        : 09:10:27.05
	ActionType  : Undefined
	MachineMode : Config
	MachineState: Active
	PLC Object  : FB_MultiZRef
	PLC Action  : A_SetConfig
	PLC AState  : 0

05.07.2023 09:10:17 - 41995 - InvalidToolConfig
	Description : 
	Time        : 09:10:27.06
	ActionType  : Undefined
	MachineMode : Config
	MachineState: Active
	PLC Object  : FB_Configuration
	PLC Action  : A_Activate
	PLC AState  : 0

05.07.2023 09:10:30 - 41995 - InvalidToolConfig
	Description : 
	Time        : 09:10:27.06
	ActionType  : Undefined
	MachineMode : Config
	MachineState: Active
	PLC Object  : FB_Configuration
	PLC Action  : A_Activate
	PLC AState  : 0

05.07.2023 09:11:27 - 50017 - Could not edit configuration
	Description : The configuration could not be edited.
	Time        : 09:11:27.87
	Exception   : Gesim.ConfigException: Object: Stamp_4Inch-Invalid mode
   at Gesim.GsMachine.deleteGsObject(GsObject gsObject)
   at Gesim.GsObject.Dispose(DeleteObjectDelegate delObjDelegate)
   at Gesim.GsObjectDirectory.DeleteObject(GsObject gsObject)
   at GesimRobotics.ViewModels.Objects.DisplayObject.delete()

05.07.2023 09:12:42 - 41617 - Sensor already switched
	Description : 
	Time        : 09:12:42.86
	Command     : EXECUTE_ACTION
	Object      : Gesim.GsStampSupport(StampSupport_Gen2)
	Action      : MeasureTool->Rack Stamp (2Inch/4Inch)

05.07.2023 10:21:34 - 41617 - Sensor already switched
	Description : 
	Time        : 10:21:34.09
	Command     : EXECUTE_ACTION
	Object      : Gesim.GsStampSupport(StampSupport_Gen2)
	Action      : MeasureTool->Rack Stamp (2Inch/4Inch)

05.07.2023 10:21:40 - 41617 - Sensor already switched
	Description : 
	Time        : 10:21:40.97
	Command     : EXECUTE_ACTION
	Object      : Gesim.GsStampSupport(StampSupport_Gen2)
	Action      : MeasureTool->Rack Stamp (2Inch/4Inch)

05.07.2023 10:29:06 - 41617 - Sensor already switched
	Description : 
	Time        : 10:29:06.75
	Command     : EXECUTE_ACTION
	Object      : Gesim.GsStampSupport(StampSupport_Gen2)
	Action      : MeasureTool->Rack Stamp (2Inch/4Inch)

05.07.2023 10:39:46 - 41530 - Measure Z-distance exceeded
	Description : The tip measurement failed because there was no switching signal within the expected Z-distance.
	Time        : 10:39:56.31
	ActionType  : Measure
	MachineMode : Manu
	MachineState: Active
	Object      : Gesim.GsStampSupport(StampSupport_Gen2)
	PLC Object  : FB_ComplexAction
	PLC Action  : A_MeasureStamp
	PLC AState  : 3

05.07.2023 10:42:23 - 41530 - Measure Z-distance exceeded
	Description : The tip measurement failed because there was no switching signal within the expected Z-distance.
	Time        : 10:42:33.54
	ActionType  : Measure
	MachineMode : Manu
	MachineState: Active
	Object      : Gesim.GsStampSupport(StampSupport_Gen2)
	PLC Object  : FB_ComplexAction
	PLC Action  : A_MeasureStamp
	PLC AState  : 3

05.07.2023 10:47:08 - 41530 - Measure Z-distance exceeded
	Description : The tip measurement failed because there was no switching signal within the expected Z-distance.
	Time        : 10:47:18.51
	ActionType  : Measure
	MachineMode : Manu
	MachineState: Active
	Object      : Gesim.GsStampSupport(StampSupport_Gen2)
	PLC Object  : FB_ComplexAction
	PLC Action  : A_MeasureStamp
	PLC AState  : 3

05.07.2023 10:50:34 - 41530 - Measure Z-distance exceeded
	Description : The tip measurement failed because there was no switching signal within the expected Z-distance.
	Time        : 10:50:44.93
	ActionType  : Measure
	MachineMode : Manu
	MachineState: Active
	Object      : Gesim.GsStampSupport(StampSupport_Gen2)
	PLC Object  : FB_ComplexAction
	PLC Action  : A_MeasureStamp
	PLC AState  : 3

05.07.2023 10:51:06 - 41530 - Measure Z-distance exceeded
	Description : The tip measurement failed because there was no switching signal within the expected Z-distance.
	Time        : 10:51:16.76
	ActionType  : Measure
	MachineMode : Manu
	MachineState: Active
	Object      : Gesim.GsStampSupport(StampSupport_Gen2)
	PLC Object  : FB_ComplexAction
	PLC Action  : A_MeasureStamp
	PLC AState  : 3

05.07.2023 10:51:41 - 41530 - Measure Z-distance exceeded
	Description : The tip measurement failed because there was no switching signal within the expected Z-distance.
	Time        : 10:51:52.00
	ActionType  : Measure
	MachineMode : Manu
	MachineState: Active
	Object      : Gesim.GsStampSupport(StampSupport_Gen2)
	PLC Object  : FB_ComplexAction
	PLC Action  : A_MeasureStamp
	PLC AState  : 3

05.07.2023 10:53:09 - 41570 - Risk of crash: Jog
	Description : Can not jog fast in this area.
	Time        : 10:53:09.01
	Command     : EXECUTE_ACTION
	Object      : Gesim.GsHead(Head)
	Action      : Jog

05.07.2023 10:54:38 - 41530 - Measure Z-distance exceeded
	Description : The tip measurement failed because there was no switching signal within the expected Z-distance.
	Time        : 10:54:48.31
	ActionType  : Measure
	MachineMode : Manu
	MachineState: Active
	Object      : Gesim.GsStampSupport(StampSupport_Gen2)
	PLC Object  : FB_ComplexAction
	PLC Action  : A_MeasureStamp
	PLC AState  : 3

05.07.2023 10:55:23 - 41530 - Measure Z-distance exceeded
	Description : The tip measurement failed because there was no switching signal within the expected Z-distance.
	Time        : 10:55:33.62
	ActionType  : Measure
	MachineMode : Manu
	MachineState: Active
	Object      : Gesim.GsStampSupport(StampSupport_Gen2)
	PLC Object  : FB_ComplexAction
	PLC Action  : A_MeasureStamp
	PLC AState  : 3

05.07.2023 10:56:18 - 41530 - Measure Z-distance exceeded
	Description : The tip measurement failed because there was no switching signal within the expected Z-distance.
	Time        : 10:56:28.92
	ActionType  : Measure
	MachineMode : Manu
	MachineState: Active
	Object      : Gesim.GsStampSupport(StampSupport_Gen2)
	PLC Object  : FB_ComplexAction
	PLC Action  : A_MeasureStamp
	PLC AState  : 3

05.07.2023 10:57:41 - 41530 - Measure Z-distance exceeded
	Description : The tip measurement failed because there was no switching signal within the expected Z-distance.
	Time        : 10:57:51.48
	ActionType  : Measure
	MachineMode : Manu
	MachineState: Active
	Object      : Gesim.GsStampSupport(StampSupport_Gen2)
	PLC Object  : FB_ComplexAction
	PLC Action  : A_MeasureStamp
	PLC AState  : 3

05.07.2023 11:01:02 - 41530 - Measure Z-distance exceeded
	Description : The tip measurement failed because there was no switching signal within the expected Z-distance.
	Time        : 11:01:12.74
	ActionType  : Measure
	MachineMode : Manu
	MachineState: Active
	Object      : Gesim.GsStampSupport(StampSupport_Gen2)
	PLC Object  : FB_ComplexAction
	PLC Action  : A_MeasureStamp
	PLC AState  : 3

05.07.2023 11:10:55 - 41530 - Measure Z-distance exceeded
	Description : The tip measurement failed because there was no switching signal within the expected Z-distance.
	Time        : 11:11:05.71
	ActionType  : Measure
	MachineMode : Manu
	MachineState: Active
	Object      : Gesim.GsStampSupport(StampSupport_Gen2)
	PLC Object  : FB_ComplexAction
	PLC Action  : A_MeasureStamp
	PLC AState  : 3

05.07.2023 11:12:10 - 41530 - Measure Z-distance exceeded
	Description : The tip measurement failed because there was no switching signal within the expected Z-distance.
	Time        : 11:12:20.80
	ActionType  : Measure
	MachineMode : Manu
	MachineState: Active
	Object      : Gesim.GsStampSupport(StampSupport_Gen2)
	PLC Object  : FB_ComplexAction
	PLC Action  : A_MeasureStamp
	PLC AState  : 3

05.07.2023 11:13:06 - 41530 - Measure Z-distance exceeded
	Description : The tip measurement failed because there was no switching signal within the expected Z-distance.
	Time        : 11:13:16.81
	ActionType  : Measure
	MachineMode : Manu
	MachineState: Active
	Object      : Gesim.GsStampSupport(StampSupport_Gen2)
	PLC Object  : FB_ComplexAction
	PLC Action  : A_MeasureStamp
	PLC AState  : 3

05.07.2023 11:13:42 - 41530 - Measure Z-distance exceeded
	Description : The tip measurement failed because there was no switching signal within the expected Z-distance.
	Time        : 11:13:52.31
	ActionType  : Measure
	MachineMode : Manu
	MachineState: Active
	Object      : Gesim.GsStampSupport(StampSupport_Gen2)
	PLC Object  : FB_ComplexAction
	PLC Action  : A_MeasureStamp
	PLC AState  : 3

05.07.2023 11:15:30 - 41617 - Sensor already switched
	Description : 
	Time        : 11:15:30.14
	Command     : EXECUTE_ACTION
	Object      : Gesim.GsStampSupport(StampSupport_Gen2)
	Action      : MeasureTool->Rack Stamp (2Inch/4Inch)

05.07.2023 11:18:29 - 41473 - Invalid mode
	Description : Command cannot be executed in this mode.
	Time        : 11:18:29.40
	Command     : EXECUTE_ACTION
	Object      : Gesim.GsStampSupport(StampSupport_Gen2)
	Action      : Switch Pressure/Vacuum->VacOn

05.07.2023 11:24:22 - 41530 - Measure Z-distance exceeded
	Description : The tip measurement failed because there was no switching signal within the expected Z-distance.
	Time        : 11:24:32.37
	ActionType  : Measure
	MachineMode : Manu
	MachineState: Active
	Object      : Gesim.GsStampSupport(StampSupport_Gen2)
	PLC Object  : FB_ComplexAction
	PLC Action  : A_MeasureStamp
	PLC AState  : 3

05.07.2023 11:33:41 - 41617 - Sensor already switched
	Description : 
	Time        : 11:33:41.22
	Command     : EXECUTE_ACTION
	Object      : Gesim.GsStampSupport(StampSupport_Gen2)
	Action      : MeasureTool->Rack Stamp (2Inch/4Inch)

05.07.2023 13:25:53 - 41571 - PieceExchangeFailed
	Description : 
	Time        : 13:26:02.91
	ActionType  : ExchangePiece
	MachineMode : Manu
	MachineState: Active
	Object      : Gesim.GsStampSupport(StampSupport_Gen2)
	PLC Object  : FB_ComplexAction
	PLC Action  : A_ExchangeStamp
	PLC AState  : 12

05.07.2023 13:26:22 - 41571 - PieceExchangeFailed
	Description : 
	Time        : 13:26:32.32
	ActionType  : ExchangePiece
	MachineMode : Manu
	MachineState: Active
	Object      : Gesim.GsStampSupport(StampSupport_Gen2)
	PLC Object  : FB_ComplexAction
	PLC Action  : A_ExchangeStamp
	PLC AState  : 12

05.07.2023 13:26:37 - 41538 - No piece in slot
	Description : 
	Time        : 13:26:47.69
	ActionType  : ExchangePiece
	MachineMode : Manu
	MachineState: Active
	Object      : Gesim.GsStampSupport(StampSupport_Gen2)
	PLC Object  : FB_ComplexAction
	PLC Action  : A_ExchangeStamp
	PLC AState  : 3

05.07.2023 13:30:51 - 41538 - No piece in slot
	Description : 
	Time        : 13:31:01.36
	ActionType  : ExchangePiece
	MachineMode : Manu
	MachineState: Active
	Object      : Gesim.GsStampSupport(StampSupport_Gen2)
	PLC Object  : FB_ComplexAction
	PLC Action  : A_ExchangeStamp
	PLC AState  : 3

05.07.2023 13:31:13 - 41571 - PieceExchangeFailed
	Description : 
	Time        : 13:31:23.57
	ActionType  : ExchangePiece
	MachineMode : Manu
	MachineState: Active
	Object      : Gesim.GsStampSupport(StampSupport_Gen2)
	PLC Object  : FB_ComplexAction
	PLC Action  : A_ExchangeStamp
	PLC AState  : 12

05.07.2023 13:32:48 - 41571 - PieceExchangeFailed
	Description : 
	Time        : 13:32:58.02
	ActionType  : ExchangePiece
	MachineMode : Manu
	MachineState: Active
	Object      : Gesim.GsStampSupport(StampSupport_Gen2)
	PLC Object  : FB_ComplexAction
	PLC Action  : A_ExchangeStamp
	PLC AState  : 12

05.07.2023 13:48:40 - 41571 - PieceExchangeFailed
	Description : 
	Time        : 13:48:50.48
	ActionType  : ExchangePiece
	MachineMode : Manu
	MachineState: Active
	Object      : Gesim.GsStampSupport(StampSupport_Gen2)
	PLC Object  : FB_ComplexAction
	PLC Action  : A_ExchangeStamp
	PLC AState  : 12

05.07.2023 13:49:05 - 41571 - PieceExchangeFailed
	Description : 
	Time        : 13:49:14.69
	ActionType  : ExchangePiece
	MachineMode : Manu
	MachineState: Active
	Object      : Gesim.GsStampSupport(StampSupport_Gen2)
	PLC Object  : FB_ComplexAction
	PLC Action  : A_ExchangeStamp
	PLC AState  : 12

05.07.2023 13:59:11 - 41539 - Piece already in slot
	Description : 
	Time        : 13:59:21.46
	ActionType  : ExchangePiece
	MachineMode : Manu
	MachineState: Active
	Object      : Gesim.GsStampSupport(StampSupport_Gen2)
	PLC Object  : FB_ComplexAction
	PLC Action  : A_ExchangeStamp
	PLC AState  : 3

05.07.2023 14:00:43 - 50017 - Could not edit configuration
	Description : The configuration could not be edited.
	Time        : 14:00:43.11
	Exception   : Gesim.ConfigException: Object: Rack Stamp (2Inch/4Inch)-ObjectAlreadyOnAnotherParent
   at Gesim.GsMachine.createGsObject(GsObject gsObject)
   at Gesim.GsObjectDirectory.pasteObject(GsObject gsObject, GsObject parent, GsSlot slot, Int32 index)
   at Gesim.GsObjectDirectory.PasteObject(GsObject gsObject, GsSlot parentSlot)
   at GesimRobotics.ViewModels.Objects.DisplayObject.addChild(GsObject obj)

05.07.2023 14:01:37 - 50017 - Could not edit configuration
	Description : The configuration could not be edited.
	Time        : 14:01:37.80
	Exception   : Gesim.ConfigException: Object: Rack Stamp (5x)-ObjectHasChilds
   at Gesim.GsMachine.deleteGsObject(GsObject gsObject)
   at Gesim.GsObject.Dispose(DeleteObjectDelegate delObjDelegate)
   at Gesim.GsObjectDirectory.DeleteObject(GsObject gsObject)
   at Gesim.GsObjectDirectory.ReplaceObject(GsObject oldObject, GsObject newObject)
   at GesimRobotics.ViewModels.Objects.DisplayObject.replaceObject(GsObject obj)

05.07.2023 14:09:40 - 50017 - Could not edit configuration
	Description : The configuration could not be edited.
	Time        : 14:09:40.24
	Exception   : Gesim.ConfigException: Object: Stamp_4Inch-Object ID already exists
   at Gesim.GsMachine.createGsObject(GsObject gsObject)
   at Gesim.GsObjectDirectory.pasteObject(GsObject gsObject, GsObject parent, GsSlot slot, Int32 index)
   at Gesim.GsObjectDirectory.PasteObject(GsObject gsObject, GsSlot parentSlot)
   at GesimRobotics.ViewModels.Objects.DisplayObject.addChild(GsObject obj)

05.07.2023 14:12:06 - 50017 - Could not edit configuration
	Description : The configuration could not be edited.
	Time        : 14:12:06.86
	Exception   : Gesim.ConfigException: Object: Stamp_2Inch-Object ID already exists
   at Gesim.GsMachine.createGsObject(GsObject gsObject)
   at Gesim.GsObjectDirectory.pasteObject(GsObject gsObject, GsObject parent, GsSlot slot, Int32 index)
   at Gesim.GsObjectDirectory.PasteObject(GsObject gsObject, GsSlot parentSlot)
   at GesimRobotics.ViewModels.Objects.DisplayObject.addChild(GsObject obj)

05.07.2023 14:18:25 - 50017 - Could not edit configuration
	Description : The configuration could not be edited.
	Time        : 14:18:25.18
	Exception   : Gesim.ConfigException: Object: Stamp_2Inch-Object ID already exists
   at Gesim.GsMachine.createGsObject(GsObject gsObject)
   at Gesim.GsObjectDirectory.pasteObject(GsObject gsObject, GsObject parent, GsSlot slot, Int32 index)
   at Gesim.GsObjectDirectory.PasteObject(GsObject gsObject, GsSlot parentSlot)
   at GesimRobotics.ViewModels.Objects.DisplayObject.addChild(GsObject obj)

06.07.2023 06:41:07 - 41538 - No piece in slot
	Description : 
	Time        : 06:41:17.88
	ActionType  : ExchangePiece
	MachineMode : Manu
	MachineState: Active
	Object      : Gesim.GsStampSupport(StampSupport_Gen2)
	PLC Object  : FB_ComplexAction
	PLC Action  : A_ExchangeStamp
	PLC AState  : 3

06.07.2023 06:44:29 - 41617 - Sensor already switched
	Description : 
	Time        : 06:44:29.13
	Command     : EXECUTE_ACTION
	Object      : Gesim.GsStampSupport(StampSupport_Gen2)
	Action      : MeasureTool->Rack Stamp (2Inch/4Inch)

06.07.2023 06:44:56 - 41617 - Sensor already switched
	Description : 
	Time        : 06:44:56.36
	Command     : EXECUTE_ACTION
	Object      : Gesim.GsStampSupport(StampSupport_Gen2)
	Action      : MeasureTool->Rack Stamp (2Inch/4Inch)

06.07.2023 06:49:43 - 41617 - Sensor already switched
	Description : 
	Time        : 06:49:43.84
	Command     : EXECUTE_ACTION
	Object      : Gesim.GsStampSupport(StampSupport_Gen2)
	Action      : MeasureTool->Rack Stamp (2Inch/4Inch)

06.07.2023 06:49:51 - 41617 - Sensor already switched
	Description : 
	Time        : 06:49:51.74
	Command     : EXECUTE_ACTION
	Object      : Gesim.GsStampSupport(StampSupport_Gen2)
	Action      : MeasureTool->Rack Stamp (2Inch/4Inch)

06.07.2023 07:24:02 - 41617 - Sensor already switched
	Description : 
	Time        : 07:24:02.75
	Command     : EXECUTE_ACTION
	Object      : Gesim.GsStampSupport(StampSupport_Gen2)
	Action      : MeasureTool->Rack Stamp (2Inch/4Inch)

06.07.2023 07:25:33 - 41617 - Sensor already switched
	Description : 
	Time        : 07:25:33.95
	Command     : EXECUTE_ACTION
	Object      : Gesim.GsStampSupport(StampSupport_Gen2)
	Action      : MeasureTool->Rack Stamp (2Inch/4Inch)

06.07.2023 07:27:55 - 41617 - Sensor already switched
	Description : 
	Time        : 07:27:55.45
	Command     : EXECUTE_ACTION
	Object      : Gesim.GsStampSupport(StampSupport_Gen2)
	Action      : MeasureTool->Rack Stamp (2Inch/4Inch)

06.07.2023 07:29:02 - 41530 - Measure Z-distance exceeded
	Description : The tip measurement failed because there was no switching signal within the expected Z-distance.
	Time        : 07:29:12.60
	ActionType  : Measure
	MachineMode : Manu
	MachineState: Active
	Object      : Gesim.GsStampSupport(StampSupport_Gen2)
	PLC Object  : FB_ComplexAction
	PLC Action  : A_MeasureStamp
	PLC AState  : 3

06.07.2023 07:29:52 - 41617 - Sensor already switched
	Description : 
	Time        : 07:29:52.80
	Command     : EXECUTE_ACTION
	Object      : Gesim.GsStampSupport(StampSupport_Gen2)
	Action      : MeasureTool->Rack Stamp (2Inch/4Inch)

06.07.2023 07:30:49 - 41530 - Measure Z-distance exceeded
	Description : The tip measurement failed because there was no switching signal within the expected Z-distance.
	Time        : 07:30:59.94
	ActionType  : Measure
	MachineMode : Manu
	MachineState: Active
	Object      : Gesim.GsStampSupport(StampSupport_Gen2)
	PLC Object  : FB_ComplexAction
	PLC Action  : A_MeasureStamp
	PLC AState  : 3

06.07.2023 07:34:29 - 41530 - Measure Z-distance exceeded
	Description : The tip measurement failed because there was no switching signal within the expected Z-distance.
	Time        : 07:34:39.94
	ActionType  : Measure
	MachineMode : Manu
	MachineState: Active
	Object      : Gesim.GsStampSupport(StampSupport_Gen2)
	PLC Object  : FB_ComplexAction
	PLC Action  : A_MeasureStamp
	PLC AState  : 3

06.07.2023 07:35:51 - 41617 - Sensor already switched
	Description : 
	Time        : 07:35:51.94
	Command     : EXECUTE_ACTION
	Object      : Gesim.GsStampSupport(StampSupport_Gen2)
	Action      : MeasureTool->Rack Stamp (2Inch/4Inch)

06.07.2023 07:36:56 - 41617 - Sensor already switched
	Description : 
	Time        : 07:36:56.12
	Command     : EXECUTE_ACTION
	Object      : Gesim.GsStampSupport(StampSupport_Gen2)
	Action      : MeasureTool->Rack Stamp (2Inch/4Inch)

06.07.2023 08:58:23 - 41500 - Target position out of range - X
	Description : Tool cannot move to target.
	Time        : 08:58:32.98
	ActionType  : Measure
	MachineMode : Manu
	MachineState: Active
	Object      : Gesim.GsStampSupport(StampSupport_Gen2)
	PLC Object  : FB_ComplexAction
	PLC Action  : A_MeasureStamp
	PLC AState  : 0

06.07.2023 08:58:45 - 41617 - Sensor already switched
	Description : 
	Time        : 08:58:45.92
	Command     : EXECUTE_ACTION
	Object      : Gesim.GsStampSupport(StampSupport_Gen2)
	Action      : MeasureTool->Rack Stamp (2Inch/4Inch)

06.07.2023 09:00:29 - 41617 - Sensor already switched
	Description : 
	Time        : 09:00:29.39
	Command     : EXECUTE_ACTION
	Object      : Gesim.GsStampSupport(StampSupport_Gen2)
	Action      : MeasureTool->Rack Stamp (2Inch/4Inch)

10.08.2023 13:10:49 - 17744 - Following error monitoring (position).
	Description : With active following error monitoring (position) a following error exceedance has occurred, whose magnitude is greater than the following error window, and whose duration is longer than the parameterised following error filter time.
	Time        : 13:12:20.41
	ActionType  : Undefined
	MachineMode : Maintenance
	MachineState: Active
	PLC Object  : UNDEFIEND
	PLC Action  : UNDEFIEND
	PLC AState  : 0

10.08.2023 13:10:49 - 17744 - Following error monitoring (position).
	Description : With active following error monitoring (position) a following error exceedance has occurred, whose magnitude is greater than the following error window, and whose duration is longer than the parameterised following error filter time.
	Time        : 13:12:20.42
	ActionType  : Undefined
	MachineMode : Maintenance
	MachineState: Active
	PLC Object  : UNDEFIEND
	PLC Action  : UNDEFIEND
	PLC AState  : 0

10.08.2023 13:10:59 - 41728 - No Z-axis
	Description : Z-axis is not available - Internal error (1)
	Time        : 13:10:59.67
	Command     : SETUP_AXIS

10.08.2023 13:59:38 - 41995 - InvalidToolConfig
	Description : 
	Time        : 14:01:08.66
	ActionType  : Undefined
	MachineMode : Config
	MachineState: Active
	PLC Object  : FB_MultiZRef
	PLC Action  : A_SetConfig
	PLC AState  : 0

10.08.2023 13:59:38 - 41995 - InvalidToolConfig
	Description : 
	Time        : 14:01:08.67
	ActionType  : Undefined
	MachineMode : Config
	MachineState: Active
	PLC Object  : FB_Configuration
	PLC Action  : A_Activate
	PLC AState  : 0

10.08.2023 13:59:41 - 41995 - InvalidToolConfig
	Description : 
	Time        : 14:01:12.37
	ActionType  : Undefined
	MachineMode : Config
	MachineState: Active
	PLC Object  : FB_MultiZRef
	PLC Action  : A_SetConfig
	PLC AState  : 0

10.08.2023 13:59:41 - 41995 - InvalidToolConfig
	Description : 
	Time        : 14:01:12.38
	ActionType  : Undefined
	MachineMode : Config
	MachineState: Active
	PLC Object  : FB_Configuration
	PLC Action  : A_Activate
	PLC AState  : 0

14.08.2023 06:55:36 - 41567 - Target position out of range - Y
	Description : Tool cannot move to target.
	Time        : 06:57:04.48
	ActionType  : Measure
	MachineMode : Manu
	MachineState: Active
	Object      : Gesim.GsZSensor(ZSensor)
	PLC Object  : FB_ComplexAction
	PLC Action  : A_MeasureTarget
	PLC AState  : 1

14.08.2023 07:10:05 - 41567 - Target position out of range - Y
	Description : Tool cannot move to target.
	Time        : 07:11:33.83
	ActionType  : Measure
	MachineMode : Manu
	MachineState: Active
	Object      : Gesim.GsZSensor(ZSensor)
	PLC Object  : FB_ComplexAction
	PLC Action  : A_MeasureTarget
	PLC AState  : 1

14.08.2023 07:25:41 - 41567 - Target position out of range - Y
	Description : Tool cannot move to target.
	Time        : 07:25:41.16
	Command     : EXECUTE_ACTION
	Object      : Gesim.GsCartridgeDisp(Cartridge Dispenser (10ml))
	Action      : Move to Target->Point1->Center

14.08.2023 07:30:37 - 41747 - Z-Sensor switch not found
	Description : Measurement: switching point not reached - Internal error (20)
	Time        : 07:32:05.24
	ActionType  : MoveZ
	MachineMode : Auto
	MachineState: Running
	Object      : Gesim.GsZSensor(ZSensor)
	PLC Object  : FB_MzTool
	PLC Action  : A_MoveZ
	PLC AState  : 0

14.08.2023 07:30:37 - 41747 - Z-Sensor switch not found
	Description : Measurement: switching point not reached - Internal error (20)
	Time        : 07:32:05.25
	ActionType  : Measure
	MachineMode : Auto
	MachineState: Running
	Object      : Gesim.GsZSensor(ZSensor)
	PLC Object  : FB_ComplexAction
	PLC Action  : A_MeasureTarget
	PLC AState  : 4

14.08.2023 11:25:03 - 50017 - Could not edit configuration
	Description : The configuration could not be edited.
	Time        : 11:25:03.47
	Exception   : Gesim.ConfigException: Object: TargetTray-Invalid mode
   at Gesim.GsMachine.deleteGsObject(GsObject gsObject)
   at Gesim.GsObject.Dispose(DeleteObjectDelegate delObjDelegate)
   at Gesim.GsObjectDirectory.DeleteObject(GsObject gsObject)
   at GesimRobotics.ViewModels.Objects.DisplayObject.delete()

14.08.2023 11:31:40 - 16656 - Error opening a file
	Description : The specified file does not exist. Example: NC program unknown.
	Time        : 11:33:08.54
	ActionType  : Undefined
	MachineMode : Auto
	MachineState: Running
	PLC Object  : GCode
	PLC Action  : A_Load
	PLC AState  : 2

14.08.2023 11:32:57 - 16656 - Error opening a file
	Description : The specified file does not exist. Example: NC program unknown.
	Time        : 11:34:26.33
	ActionType  : Undefined
	MachineMode : Auto
	MachineState: Running
	PLC Object  : GCode
	PLC Action  : A_Load
	PLC AState  : 2

14.08.2023 11:33:15 - 16656 - Error opening a file
	Description : The specified file does not exist. Example: NC program unknown.
	Time        : 11:34:44.20
	ActionType  : Undefined
	MachineMode : Auto
	MachineState: Running
	PLC Object  : GCode
	PLC Action  : A_Load
	PLC AState  : 2

14.08.2023 11:35:38 - 16656 - Error opening a file
	Description : The specified file does not exist. Example: NC program unknown.
	Time        : 11:37:06.97
	ActionType  : Undefined
	MachineMode : Auto
	MachineState: Running
	PLC Object  : GCode
	PLC Action  : A_Load
	PLC AState  : 2

14.08.2023 11:36:23 - 16656 - Error opening a file
	Description : The specified file does not exist. Example: NC program unknown.
	Time        : 11:37:52.34
	ActionType  : Undefined
	MachineMode : Manu
	MachineState: Active
	PLC Object  : GCode
	PLC Action  : A_Load
	PLC AState  : 2

14.08.2023 12:13:42 - 16656 - Error opening a file
	Description : The specified file does not exist. Example: NC program unknown.
	Time        : 12:15:10.78
	ActionType  : Undefined
	MachineMode : Auto
	MachineState: Running
	PLC Object  : GCode
	PLC Action  : A_Load
	PLC AState  : 2

14.08.2023 12:14:14 - 16656 - Error opening a file
	Description : The specified file does not exist. Example: NC program unknown.
	Time        : 12:15:43.57
	ActionType  : Undefined
	MachineMode : Manu
	MachineState: Active
	PLC Object  : GCode
	PLC Action  : A_Load
	PLC AState  : 2

14.08.2023 12:17:34 - 16656 - Error opening a file
	Description : The specified file does not exist. Example: NC program unknown.
	Time        : 12:19:03.37
	ActionType  : Undefined
	MachineMode : Manu
	MachineState: Active
	PLC Object  : GCode
	PLC Action  : A_Load
	PLC AState  : 2

14.08.2023 12:47:43 - 16656 - Error opening a file
	Description : The specified file does not exist. Example: NC program unknown.
	Time        : 12:49:11.82
	ActionType  : Undefined
	MachineMode : Manu
	MachineState: Active
	PLC Object  : GCode
	PLC Action  : A_Load
	PLC AState  : 2

14.08.2023 13:21:08 - 16656 - Error opening a file
	Description : The specified file does not exist. Example: NC program unknown.
	Time        : 13:22:36.48
	ActionType  : Undefined
	MachineMode : Manu
	MachineState: Active
	PLC Object  : GCode
	PLC Action  : A_Load
	PLC AState  : 2

14.08.2023 13:24:11 - 16656 - Error opening a file
	Description : The specified file does not exist. Example: NC program unknown.
	Time        : 13:25:39.16
	ActionType  : Undefined
	MachineMode : Manu
	MachineState: Active
	PLC Object  : GCode
	PLC Action  : A_Load
	PLC AState  : 2

14.08.2023 13:48:18 - 16656 - Error opening a file
	Description : The specified file does not exist. Example: NC program unknown.
	Time        : 13:49:47.08
	ActionType  : Undefined
	MachineMode : Manu
	MachineState: Active
	PLC Object  : GCode
	PLC Action  : A_Load
	PLC AState  : 2

14.08.2023 13:51:53 - 16656 - Error opening a file
	Description : The specified file does not exist. Example: NC program unknown.
	Time        : 13:53:21.85
	ActionType  : Undefined
	MachineMode : Manu
	MachineState: Active
	PLC Object  : GCode
	PLC Action  : A_Load
	PLC AState  : 2

14.08.2023 14:33:21 - 41568 - Target position out of range - Z
	Description : Tool cannot move to target.
	Time        : 14:34:49.47
	ActionType  : Undefined
	MachineMode : Auto
	MachineState: Running
	PLC Object  : GCode
	PLC Action  : A_MoveZ
	PLC AState  : 0

14.08.2023 14:33:21 - 41568 - Target position out of range - Z
	Description : Tool cannot move to target.
	Time        : 14:34:49.47
	ActionType  : Undefined
	MachineMode : Auto
	MachineState: Running
	PLC Object  : GCode
	PLC Action  : A_MoveZ
	PLC AState  : 99

15.08.2023 11:16:21 - 41054 - NoHeadCreated
	Description : 
	Time        : 11:15:46.12
	ActionType  : Undefined
	MachineMode : Config
	MachineState: Active
	PLC Object  : UNDEFIEND
	PLC Action  : UNDEFIEND
	PLC AState  : 0

15.08.2023 11:16:40 - 17744 - Following error monitoring (position).
	Description : With active following error monitoring (position) a following error exceedance has occurred, whose magnitude is greater than the following error window, and whose duration is longer than the parameterised following error filter time.
	Time        : 11:16:40.16
	ActionType  : Undefined
	MachineMode : Init
	MachineState: Active
	PLC Object  : UNDEFIEND
	PLC Action  : UNDEFIEND
	PLC AState  : 0

15.08.2023 11:16:40 - 17744 - Following error monitoring (position).
	Description : With active following error monitoring (position) a following error exceedance has occurred, whose magnitude is greater than the following error window, and whose duration is longer than the parameterised following error filter time.
	Time        : 11:16:40.31
	ActionType  : InitDevices
	MachineMode : Init
	MachineState: Active
	Object      : Gesim.GsHead(Head)
	PLC Object  : FB_MzHead
	PLC Action  : A_Init
	PLC AState  : 40

15.08.2023 11:17:07 - 50005 - Connection error
	Description : The connection to the device could not be established.
	Time        : 11:17:07.12
	Exception   : System.InvalidOperationException: This BackgroundWorker is currently busy and cannot run multiple tasks concurrently.
   at Gesim.GsMachine.Connect(String routeName, Boolean record, Boolean withoutActivation)
   at GesimRobotics.ViewModels.Dialogs.DebugMenuDialog.connect()

16.08.2023 07:44:48 - 50013 - Changed configuration
	Description : The current configuration has changed significantly. Some settings might have changed.
	Time        : 07:44:48.64

16.08.2023 07:45:41 - 41488 - Pressure timeout
	Description : 
	Time        : 07:45:30.58
	ActionType  : Undefined
	MachineMode : Manu
	MachineState: Active
	Object      : Gesim.GsCartridgeDisp(Cartridge Dispenser (10ml))
	PLC Object  : FB_CartridgeDisp
	PLC Action  : UNDEFIEND
	PLC AState  : 0

16.08.2023 07:46:15 - 41478 - Invalid state
	Description : Command can not be executed in this state.
	Time        : 07:46:04.60
	ActionType  : Undefined
	MachineMode : Manu
	MachineState: Active
	Object      : Gesim.GsCartridgeDisp(Cartridge Dispenser (10ml))
	PLC Object  : FB_HskMFunc
	PLC Action  : A_SetPrintParams
	PLC AState  : 0

16.08.2023 08:58:34 - 41054 - NoHeadCreated
	Description : 
	Time        : 08:58:23.42
	ActionType  : Undefined
	MachineMode : Config
	MachineState: Active
	PLC Object  : UNDEFIEND
	PLC Action  : UNDEFIEND
	PLC AState  : 0

16.08.2023 08:58:58 - 50017 - Could not edit configuration
	Description : The configuration could not be edited.
	Time        : 08:58:58.67
	Exception   : Gesim.ConfigException: Object: Point-Invalid mode
   at Gesim.GsMachine.createGsObject(GsObject gsObject)
   at Gesim.GsObjectDirectory.pasteObject(GsObject gsObject, GsObject parent, GsSlot slot, Int32 index)
   at GesimRobotics.ViewModels.Objects.DisplayObject.addChild(GsObject obj)

16.08.2023 08:59:07 - 50013 - Changed configuration
	Description : The current configuration has changed significantly. Some settings might have changed.
	Time        : 08:59:07.73

16.08.2023 08:59:56 - 41488 - Pressure timeout
	Description : 
	Time        : 08:59:55.52
	ActionType  : Undefined
	MachineMode : Manu
	MachineState: Cancel
	Object      : Gesim.GsCartridgeDisp(Cartridge Dispenser (10ml))
	PLC Object  : FB_CartridgeDisp
	PLC Action  : UNDEFIEND
	PLC AState  : 0

16.08.2023 09:00:35 - 41478 - Invalid state
	Description : Command can not be executed in this state.
	Time        : 09:00:33.99
	ActionType  : Undefined
	MachineMode : Manu
	MachineState: Active
	Object      : Gesim.GsCartridgeDisp(Cartridge Dispenser (10ml))
	PLC Object  : FB_HskMFunc
	PLC Action  : A_SetPrintParams
	PLC AState  : 0

16.08.2023 09:15:39 - 41054 - NoHeadCreated
	Description : 
	Time        : 09:15:37.71
	ActionType  : Undefined
	MachineMode : Config
	MachineState: Active
	PLC Object  : UNDEFIEND
	PLC Action  : UNDEFIEND
	PLC AState  : 0

16.08.2023 09:17:06 - 41054 - NoHeadCreated
	Description : 
	Time        : 09:17:00.38
	ActionType  : Undefined
	MachineMode : Config
	MachineState: Active
	PLC Object  : UNDEFIEND
	PLC Action  : UNDEFIEND
	PLC AState  : 0

16.08.2023 09:17:21 - 41054 - NoHeadCreated
	Description : 
	Time        : 09:17:00.38
	ActionType  : Undefined
	MachineMode : Config
	MachineState: Active
	PLC Object  : UNDEFIEND
	PLC Action  : UNDEFIEND
	PLC AState  : 0

16.08.2023 09:17:25 - 41054 - NoHeadCreated
	Description : 
	Time        : 09:17:00.38
	ActionType  : Undefined
	MachineMode : Config
	MachineState: Active
	PLC Object  : UNDEFIEND
	PLC Action  : UNDEFIEND
	PLC AState  : 0

16.08.2023 09:17:29 - 41054 - NoHeadCreated
	Description : 
	Time        : 09:17:00.38
	ActionType  : Undefined
	MachineMode : Config
	MachineState: Active
	PLC Object  : UNDEFIEND
	PLC Action  : UNDEFIEND
	PLC AState  : 0

16.08.2023 09:35:46 - 41054 - NoHeadCreated
	Description : 
	Time        : 09:17:00.38
	ActionType  : Undefined
	MachineMode : Config
	MachineState: Active
	PLC Object  : UNDEFIEND
	PLC Action  : UNDEFIEND
	PLC AState  : 0

16.08.2023 09:37:24 - 41054 - NoHeadCreated
	Description : 
	Time        : 09:17:00.38
	ActionType  : Undefined
	MachineMode : Config
	MachineState: Active
	PLC Object  : UNDEFIEND
	PLC Action  : UNDEFIEND
	PLC AState  : 0

16.08.2023 09:37:30 - 41054 - NoHeadCreated
	Description : 
	Time        : 09:17:00.38
	ActionType  : Undefined
	MachineMode : Config
	MachineState: Active
	PLC Object  : UNDEFIEND
	PLC Action  : UNDEFIEND
	PLC AState  : 0

16.08.2023 09:39:18 - 41054 - NoHeadCreated
	Description : 
	Time        : 09:39:10.63
	ActionType  : Undefined
	MachineMode : Config
	MachineState: Active
	PLC Object  : UNDEFIEND
	PLC Action  : UNDEFIEND
	PLC AState  : 0

16.08.2023 09:42:20 - 41054 - NoHeadCreated
	Description : 
	Time        : 09:39:10.63
	ActionType  : Undefined
	MachineMode : Config
	MachineState: Active
	PLC Object  : UNDEFIEND
	PLC Action  : UNDEFIEND
	PLC AState  : 0

16.08.2023 09:42:33 - 41054 - NoHeadCreated
	Description : 
	Time        : 09:39:10.63
	ActionType  : Undefined
	MachineMode : Config
	MachineState: Active
	PLC Object  : UNDEFIEND
	PLC Action  : UNDEFIEND
	PLC AState  : 0

16.08.2023 09:42:45 - 41054 - NoHeadCreated
	Description : 
	Time        : 09:39:10.63
	ActionType  : Undefined
	MachineMode : Config
	MachineState: Active
	PLC Object  : UNDEFIEND
	PLC Action  : UNDEFIEND
	PLC AState  : 0

16.08.2023 09:45:01 - 41054 - NoHeadCreated
	Description : 
	Time        : 09:39:10.63
	ActionType  : Undefined
	MachineMode : Config
	MachineState: Active
	PLC Object  : UNDEFIEND
	PLC Action  : UNDEFIEND
	PLC AState  : 0

16.08.2023 09:47:22 - 41054 - NoHeadCreated
	Description : 
	Time        : 09:39:10.63
	ActionType  : Undefined
	MachineMode : Config
	MachineState: Active
	PLC Object  : UNDEFIEND
	PLC Action  : UNDEFIEND
	PLC AState  : 0

16.08.2023 10:02:07 - 41054 - NoHeadCreated
	Description : 
	Time        : 10:02:05.19
	ActionType  : Undefined
	MachineMode : Config
	MachineState: Active
	PLC Object  : UNDEFIEND
	PLC Action  : UNDEFIEND
	PLC AState  : 0

16.08.2023 10:09:12 - 41054 - NoHeadCreated
	Description : 
	Time        : 10:08:52.83
	ActionType  : Undefined
	MachineMode : Config
	MachineState: Active
	PLC Object  : UNDEFIEND
	PLC Action  : UNDEFIEND
	PLC AState  : 0

16.08.2023 10:12:13 - 41054 - NoHeadCreated
	Description : 
	Time        : 10:11:47.41
	ActionType  : Undefined
	MachineMode : Config
	MachineState: Active
	PLC Object  : UNDEFIEND
	PLC Action  : UNDEFIEND
	PLC AState  : 0

16.08.2023 10:30:38 - 41054 - NoHeadCreated
	Description : 
	Time        : 10:30:33.37
	ActionType  : Undefined
	MachineMode : Config
	MachineState: Active
	PLC Object  : UNDEFIEND
	PLC Action  : UNDEFIEND
	PLC AState  : 0

17.08.2023 11:09:47 - 41488 - Pressure timeout
	Description : 
	Time        : 11:09:51.68
	ActionType  : Undefined
	MachineMode : Manu
	MachineState: Active
	Object      : Gesim.GsCartridgeDisp(Cartridge Dispenser (10ml))
	PLC Object  : FB_CartridgeDisp
	PLC Action  : UNDEFIEND
	PLC AState  : 0

17.08.2023 11:09:57 - 41478 - Invalid state
	Description : Command can not be executed in this state.
	Time        : 11:10:01.20
	ActionType  : Undefined
	MachineMode : Manu
	MachineState: Active
	Object      : Gesim.GsCartridgeDisp(Cartridge Dispenser (10ml))
	PLC Object  : FB_HskMFunc
	PLC Action  : A_SetPrintParams
	PLC AState  : 0

18.08.2023 11:58:00 -  1810 - server is in invalid state
	Description : 
	Time        : 11:53:04.79
	ActionType  : Undefined
	MachineMode : Config
	MachineState: Idle
	PLC Object  : ScanHwModules
	PLC Action  : UNDEFIEND
	PLC AState  : 8

18.08.2023 14:16:03 - 50005 - Connection error
	Description : The connection to the device could not be established.
	Time        : 14:16:03.37
	Exception   : System.Exception: Missing route: SN2351_BS51
   at Gesim.GsMachine.Connect(String routeName, Boolean record, Boolean withoutActivation)
   at GesimRobotics.ViewModels.ConnectionManager.Connect(String routeName)

18.08.2023 14:16:07 - 50005 - Connection error
	Description : The connection to the device could not be established.
	Time        : 14:16:07.06
	Exception   : System.Exception: Missing route: SN2351_BS51
   at Gesim.GsMachine.Connect(String routeName, Boolean record, Boolean withoutActivation)
   at GesimRobotics.ViewModels.ConnectionManager.Connect(String routeName)

28.08.2023 09:12:04 - 41478 - Invalid state
	Description : Command can not be executed in this state.
	Time        : 09:12:04.19
	Command     : SETUP_AXIS

28.08.2023 09:14:27 - 41478 - Invalid state
	Description : Command can not be executed in this state.
	Time        : 09:14:27.02
	Command     : SETUP_AXIS

28.08.2023 09:14:35 - 41576 - Interlock not locked
	Description : 
	Time        : 09:14:35.18
	Command     : SETUP_AXIS

28.08.2023 09:14:53 - 41478 - Invalid state
	Description : Command can not be executed in this state.
	Time        : 09:14:53.09
	Command     : SETUP_AXIS

28.08.2023 12:44:53 - 17744 - Following error monitoring (position).
	Description : With active following error monitoring (position) a following error exceedance has occurred, whose magnitude is greater than the following error window, and whose duration is longer than the parameterised following error filter time.
	Time        : 12:44:47.95
	ActionType  : Undefined
	MachineMode : Maintenance
	MachineState: Active
	PLC Object  : UNDEFIEND
	PLC Action  : UNDEFIEND
	PLC AState  : 0

28.08.2023 12:44:53 - 17744 - Following error monitoring (position).
	Description : With active following error monitoring (position) a following error exceedance has occurred, whose magnitude is greater than the following error window, and whose duration is longer than the parameterised following error filter time.
	Time        : 12:44:47.96
	ActionType  : Undefined
	MachineMode : Maintenance
	MachineState: Active
	PLC Object  : UNDEFIEND
	PLC Action  : UNDEFIEND
	PLC AState  : 0

28.08.2023 12:50:01 -  1864 - ADS port not opened
	Description : Internal error
	Time        : 12:50:01.33
	Command     : STOP

28.08.2023 12:50:18 - 17744 - Following error monitoring (position).
	Description : With active following error monitoring (position) a following error exceedance has occurred, whose magnitude is greater than the following error window, and whose duration is longer than the parameterised following error filter time.
	Time        : 12:50:12.82
	ActionType  : Undefined
	MachineMode : Maintenance
	MachineState: Active
	PLC Object  : UNDEFIEND
	PLC Action  : UNDEFIEND
	PLC AState  : 0

28.08.2023 12:50:18 - 17744 - Following error monitoring (position).
	Description : With active following error monitoring (position) a following error exceedance has occurred, whose magnitude is greater than the following error window, and whose duration is longer than the parameterised following error filter time.
	Time        : 12:50:12.83
	ActionType  : Undefined
	MachineMode : Maintenance
	MachineState: Active
	PLC Object  : UNDEFIEND
	PLC Action  : UNDEFIEND
	PLC AState  : 0

28.08.2023 12:51:41 - 17744 - Following error monitoring (position).
	Description : With active following error monitoring (position) a following error exceedance has occurred, whose magnitude is greater than the following error window, and whose duration is longer than the parameterised following error filter time.
	Time        : 12:51:36.27
	ActionType  : Undefined
	MachineMode : Maintenance
	MachineState: Active
	PLC Object  : UNDEFIEND
	PLC Action  : UNDEFIEND
	PLC AState  : 0

28.08.2023 12:51:42 - 17744 - Following error monitoring (position).
	Description : With active following error monitoring (position) a following error exceedance has occurred, whose magnitude is greater than the following error window, and whose duration is longer than the parameterised following error filter time.
	Time        : 12:51:36.28
	ActionType  : Undefined
	MachineMode : Maintenance
	MachineState: Active
	PLC Object  : UNDEFIEND
	PLC Action  : UNDEFIEND
	PLC AState  : 0

28.08.2023 12:51:57 - 17744 - Following error monitoring (position).
	Description : With active following error monitoring (position) a following error exceedance has occurred, whose magnitude is greater than the following error window, and whose duration is longer than the parameterised following error filter time.
	Time        : 12:51:51.95
	ActionType  : Undefined
	MachineMode : Maintenance
	MachineState: Active
	PLC Object  : UNDEFIEND
	PLC Action  : UNDEFIEND
	PLC AState  : 0

28.08.2023 12:51:57 - 17744 - Following error monitoring (position).
	Description : With active following error monitoring (position) a following error exceedance has occurred, whose magnitude is greater than the following error window, and whose duration is longer than the parameterised following error filter time.
	Time        : 12:51:51.96
	ActionType  : Undefined
	MachineMode : Maintenance
	MachineState: Active
	PLC Object  : UNDEFIEND
	PLC Action  : UNDEFIEND
	PLC AState  : 0

28.08.2023 13:42:37 - 17744 - Following error monitoring (position).
	Description : With active following error monitoring (position) a following error exceedance has occurred, whose magnitude is greater than the following error window, and whose duration is longer than the parameterised following error filter time.
	Time        : 13:42:31.65
	ActionType  : Undefined
	MachineMode : Maintenance
	MachineState: Active
	PLC Object  : UNDEFIEND
	PLC Action  : UNDEFIEND
	PLC AState  : 0

28.08.2023 13:42:37 - 17744 - Following error monitoring (position).
	Description : With active following error monitoring (position) a following error exceedance has occurred, whose magnitude is greater than the following error window, and whose duration is longer than the parameterised following error filter time.
	Time        : 13:42:31.66
	ActionType  : Undefined
	MachineMode : Maintenance
	MachineState: Active
	PLC Object  : UNDEFIEND
	PLC Action  : UNDEFIEND
	PLC AState  : 0

28.08.2023 14:08:46 -  1864 - ADS port not opened
	Description : Internal error
	Time        : 14:08:46.70
	Command     : STOP

28.08.2023 14:10:11 - 41054 - NoHeadCreated
	Description : 
	Time        : 14:08:23.17
	ActionType  : Undefined
	MachineMode : Config
	MachineState: Active
	PLC Object  : UNDEFIEND
	PLC Action  : UNDEFIEND
	PLC AState  : 0

28.08.2023 14:11:11 - 41534 - SimultanErrorX1X2
	Description : Time difference in achieving reference marks X1 X2
	Time        : 14:10:55.61
	ActionType  : Undefined
	MachineMode : Maintenance
	MachineState: Active
	PLC Object  : UNDEFIEND
	PLC Action  : UNDEFIEND
	PLC AState  : 0

28.08.2023 14:11:11 - 41534 - SimultanErrorX1X2
	Description : Time difference in achieving reference marks X1 X2
	Time        : 14:10:55.62
	ActionType  : Undefined
	MachineMode : Maintenance
	MachineState: Active
	PLC Object  : UNDEFIEND
	PLC Action  : UNDEFIEND
	PLC AState  : 0

28.08.2023 14:11:20 - 41534 - SimultanErrorX1X2
	Description : Time difference in achieving reference marks X1 X2
	Time        : 14:11:04.61
	ActionType  : Undefined
	MachineMode : Maintenance
	MachineState: Active
	PLC Object  : UNDEFIEND
	PLC Action  : UNDEFIEND
	PLC AState  : 0

28.08.2023 14:11:20 - 41534 - SimultanErrorX1X2
	Description : Time difference in achieving reference marks X1 X2
	Time        : 14:11:04.62
	ActionType  : Undefined
	MachineMode : Maintenance
	MachineState: Active
	PLC Object  : UNDEFIEND
	PLC Action  : UNDEFIEND
	PLC AState  : 0

28.08.2023 14:11:35 - 41534 - SimultanErrorX1X2
	Description : Time difference in achieving reference marks X1 X2
	Time        : 14:11:20.14
	ActionType  : Undefined
	MachineMode : Maintenance
	MachineState: Active
	PLC Object  : UNDEFIEND
	PLC Action  : UNDEFIEND
	PLC AState  : 0

28.08.2023 14:11:35 - 41534 - SimultanErrorX1X2
	Description : Time difference in achieving reference marks X1 X2
	Time        : 14:11:20.15
	ActionType  : Undefined
	MachineMode : Maintenance
	MachineState: Active
	PLC Object  : UNDEFIEND
	PLC Action  : UNDEFIEND
	PLC AState  : 0

28.08.2023 14:11:38 -  1864 - ADS port not opened
	Description : Internal error
	Time        : 14:11:38.55
	Command     : STOP

28.08.2023 14:11:54 - 41534 - SimultanErrorX1X2
	Description : Time difference in achieving reference marks X1 X2
	Time        : 14:11:20.15
	ActionType  : Undefined
	MachineMode : Maintenance
	MachineState: Active
	PLC Object  : UNDEFIEND
	PLC Action  : UNDEFIEND
	PLC AState  : 0

28.08.2023 14:12:12 - 41534 - SimultanErrorX1X2
	Description : Time difference in achieving reference marks X1 X2
	Time        : 14:11:57.10
	ActionType  : Undefined
	MachineMode : Maintenance
	MachineState: Active
	PLC Object  : UNDEFIEND
	PLC Action  : UNDEFIEND
	PLC AState  : 0

28.08.2023 14:12:12 - 41534 - SimultanErrorX1X2
	Description : Time difference in achieving reference marks X1 X2
	Time        : 14:11:57.11
	ActionType  : Undefined
	MachineMode : Maintenance
	MachineState: Active
	PLC Object  : UNDEFIEND
	PLC Action  : UNDEFIEND
	PLC AState  : 0

28.08.2023 14:12:15 -  1864 - ADS port not opened
	Description : Internal error
	Time        : 14:12:15.88
	Command     : STOP

28.08.2023 14:12:24 - 41534 - SimultanErrorX1X2
	Description : Time difference in achieving reference marks X1 X2
	Time        : 14:11:57.11
	ActionType  : Undefined
	MachineMode : Maintenance
	MachineState: Active
	PLC Object  : UNDEFIEND
	PLC Action  : UNDEFIEND
	PLC AState  : 0

28.08.2023 14:12:53 - 41054 - NoHeadCreated
	Description : 
	Time        : 14:12:27.78
	ActionType  : Undefined
	MachineMode : Config
	MachineState: Active
	PLC Object  : UNDEFIEND
	PLC Action  : UNDEFIEND
	PLC AState  : 0

28.08.2023 14:13:13 - 41534 - SimultanErrorX1X2
	Description : Time difference in achieving reference marks X1 X2
	Time        : 14:12:57.95
	ActionType  : Undefined
	MachineMode : Maintenance
	MachineState: Active
	PLC Object  : UNDEFIEND
	PLC Action  : UNDEFIEND
	PLC AState  : 0

28.08.2023 14:13:13 - 41534 - SimultanErrorX1X2
	Description : Time difference in achieving reference marks X1 X2
	Time        : 14:12:57.96
	ActionType  : Undefined
	MachineMode : Maintenance
	MachineState: Active
	PLC Object  : UNDEFIEND
	PLC Action  : UNDEFIEND
	PLC AState  : 0

28.08.2023 14:14:29 - 41054 - NoHeadCreated
	Description : 
	Time        : 14:14:02.28
	ActionType  : Undefined
	MachineMode : Config
	MachineState: Active
	PLC Object  : UNDEFIEND
	PLC Action  : UNDEFIEND
	PLC AState  : 0

28.08.2023 14:33:04 -  1864 - ADS port not opened
	Description : Internal error
	Time        : 14:33:04.40
	Command     : CHANGE_MODE

28.08.2023 14:42:04 -  1864 - ADS port not opened
	Description : Internal error
	Time        : 14:42:04.30
	Command     : SETUP_AXIS

28.08.2023 14:42:06 -  1864 - ADS port not opened
	Description : Internal error
	Time        : 14:42:06.55
	Command     : STOP

29.08.2023 07:50:48 - 41054 - NoHeadCreated
	Description : 
	Time        : 07:49:34.03
	ActionType  : Undefined
	MachineMode : Config
	MachineState: Active
	PLC Object  : UNDEFIEND
	PLC Action  : UNDEFIEND
	PLC AState  : 0

29.08.2023 08:00:32 - 41478 - Invalid state
	Description : Command can not be executed in this state.
	Time        : 08:00:32.13
	Command     : SETUP_AXIS

29.08.2023 08:00:40 -  1864 - ADS port not opened
	Description : Internal error
	Time        : 08:00:40.19
	Command     : STOP

29.08.2023 08:01:08 - 41054 - NoHeadCreated
	Description : 
	Time        : 08:00:06.57
	ActionType  : Undefined
	MachineMode : Config
	MachineState: Active
	PLC Object  : UNDEFIEND
	PLC Action  : UNDEFIEND
	PLC AState  : 0

29.08.2023 08:09:05 -  1864 - ADS port not opened
	Description : Internal error
	Time        : 08:09:05.76
	Command     : CHANGE_MODE

29.08.2023 08:09:10 -  1864 - ADS port not opened
	Description : Internal error
	Time        : 08:09:10.33
	Command     : SETUP_AXIS

29.08.2023 08:09:17 -  1864 - ADS port not opened
	Description : Internal error
	Time        : 08:09:17.71
	Command     : STOP

29.08.2023 08:09:25 - 41054 - NoHeadCreated
	Description : 
	Time        : 08:08:18.24
	ActionType  : Undefined
	MachineMode : Config
	MachineState: Active
	PLC Object  : UNDEFIEND
	PLC Action  : UNDEFIEND
	PLC AState  : 0

29.08.2023 08:09:41 - 50005 - Connection error
	Description : The connection to the device could not be established.
	Time        : 08:09:41.13
	Exception   : System.InvalidOperationException: This BackgroundWorker is currently busy and cannot run multiple tasks concurrently.
   at Gesim.GsMachine.Connect(String routeName, Boolean record, Boolean withoutActivation)
   at GesimRobotics.ViewModels.Dialogs.DebugMenuDialog.connect()

29.08.2023 08:21:05 - 41054 - NoHeadCreated
	Description : 
	Time        : 08:20:05.08
	ActionType  : Undefined
	MachineMode : Config
	MachineState: Active
	PLC Object  : UNDEFIEND
	PLC Action  : UNDEFIEND
	PLC AState  : 0

29.08.2023 08:23:28 - 41503 - Configuration not activated
	Description : 
	Time        : 08:23:28.11
	Command     : CHANGE_MODE

29.08.2023 08:30:34 - 41054 - NoHeadCreated
	Description : 
	Time        : 08:30:18.15
	ActionType  : Undefined
	MachineMode : Config
	MachineState: Active
	PLC Object  : UNDEFIEND
	PLC Action  : UNDEFIEND
	PLC AState  : 0

29.08.2023 08:33:42 - 41054 - NoHeadCreated
	Description : 
	Time        : 08:33:19.45
	ActionType  : Undefined
	MachineMode : Config
	MachineState: Active
	PLC Object  : UNDEFIEND
	PLC Action  : UNDEFIEND
	PLC AState  : 0

29.08.2023 08:33:46 - 41054 - NoHeadCreated
	Description : 
	Time        : 08:33:19.45
	ActionType  : Undefined
	MachineMode : Config
	MachineState: Active
	PLC Object  : UNDEFIEND
	PLC Action  : UNDEFIEND
	PLC AState  : 0

29.08.2023 08:38:05 - 41054 - NoHeadCreated
	Description : 
	Time        : 08:33:19.45
	ActionType  : Undefined
	MachineMode : Config
	MachineState: Active
	PLC Object  : UNDEFIEND
	PLC Action  : UNDEFIEND
	PLC AState  : 0

29.08.2023 08:39:54 - 41054 - NoHeadCreated
	Description : 
	Time        : 08:39:16.93
	ActionType  : Undefined
	MachineMode : Config
	MachineState: Active
	PLC Object  : UNDEFIEND
	PLC Action  : UNDEFIEND
	PLC AState  : 0

29.08.2023 08:42:15 - 41054 - NoHeadCreated
	Description : 
	Time        : 08:41:13.04
	ActionType  : Undefined
	MachineMode : Config
	MachineState: Active
	PLC Object  : UNDEFIEND
	PLC Action  : UNDEFIEND
	PLC AState  : 0

29.08.2023 08:49:50 - 41054 - NoHeadCreated
	Description : 
	Time        : 08:47:55.97
	ActionType  : Undefined
	MachineMode : Config
	MachineState: Active
	PLC Object  : UNDEFIEND
	PLC Action  : UNDEFIEND
	PLC AState  : 0

29.08.2023 14:16:11 -  1864 - ADS port not opened
	Description : Internal error
	Time        : 14:16:11.55
	Command     : INTERACT_RESPONSE

29.08.2023 14:16:16 - 41503 - Configuration not activated
	Description : 
	Time        : 14:16:16.58
	Command     : CHANGE_MODE

29.08.2023 14:24:08 - 42240 - InvalidToolNr
	Description : 
	Time        : 14:24:07.17
	ActionType  : Undefined
	MachineMode : Auto
	MachineState: Running
	PLC Object  : FB_HskMFunc
	PLC Action  : A_SelectTool
	PLC AState  : 0

29.08.2023 14:26:55 - 17085 - Limit exceeded
	Description : NC-Block violates software limit switches of the group.
	Time        : 14:26:53.93
	ActionType  : Undefined
	MachineMode : Auto
	MachineState: Running
	PLC Object  : GCode
	PLC Action  : A_Run
	PLC AState  : 20

29.08.2023 14:27:37 - 17085 - Limit exceeded
	Description : NC-Block violates software limit switches of the group.
	Time        : 14:27:35.88
	ActionType  : Undefined
	MachineMode : Auto
	MachineState: Running
	PLC Object  : GCode
	PLC Action  : A_Run
	PLC AState  : 20

29.08.2023 14:29:25 - 41474 - Mode change impossible
	Description : Mode can only be changed in state "idle".
	Time        : 14:29:25.39
	Command     : CHANGE_MODE

29.08.2023 14:29:27 - 41473 - Invalid mode
	Description : Command cannot be executed in this mode.
	Time        : 14:29:27.64
	Command     : WRITE_HW_PROP
	Comment     : ModulId: 65537 PropType: WorkplateDim Value: 588000

29.08.2023 14:30:05 - 17085 - Limit exceeded
	Description : NC-Block violates software limit switches of the group.
	Time        : 14:27:35.88
	ActionType  : Undefined
	MachineMode : Auto
	MachineState: Running
	PLC Object  : GCode
	PLC Action  : A_Run
	PLC AState  : 20

29.08.2023 14:30:12 - 17085 - Limit exceeded
	Description : NC-Block violates software limit switches of the group.
	Time        : 14:27:35.88
	ActionType  : Undefined
	MachineMode : Auto
	MachineState: Running
	PLC Object  : GCode
	PLC Action  : A_Run
	PLC AState  : 20

29.08.2023 14:38:26 - 41744 - Axis not initialized
	Description : Internal error (17)
	Time        : 14:38:25.08
	ActionType  : MoveZ
	MachineMode : Auto
	MachineState: Running
	Object      : Gesim.GsCartridgeDisp(Cartridge Dispenser (10ml))
	PLC Object  : FB_MzTool
	PLC Action  : A_MoveZ
	PLC AState  : 0

29.08.2023 14:38:27 - 41744 - Axis not initialized
	Description : Internal error (17)
	Time        : 14:38:25.08
	ActionType  : Undefined
	MachineMode : Auto
	MachineState: Running
	PLC Object  : FB_HskMFunc
	PLC Action  : A_MoveZHome
	PLC AState  : 2

29.08.2023 14:40:48 - 41744 - Axis not initialized
	Description : Internal error (17)
	Time        : 14:40:46.50
	ActionType  : MoveZ
	MachineMode : Auto
	MachineState: Running
	Object      : Gesim.GsCartridgeDisp(Cartridge Dispenser (10ml))
	PLC Object  : FB_MzTool
	PLC Action  : A_MoveZ
	PLC AState  : 0

29.08.2023 14:40:48 - 41744 - Axis not initialized
	Description : Internal error (17)
	Time        : 14:40:46.50
	ActionType  : Undefined
	MachineMode : Auto
	MachineState: Running
	PLC Object  : GCode
	PLC Action  : A_MoveZ
	PLC AState  : 1

29.08.2023 14:41:15 - 41568 - Target position out of range - Z
	Description : Tool cannot move to target.
	Time        : 14:41:13.38
	ActionType  : Undefined
	MachineMode : Auto
	MachineState: Running
	PLC Object  : GCode
	PLC Action  : A_MoveZ
	PLC AState  : 0

29.08.2023 14:41:15 - 41568 - Target position out of range - Z
	Description : Tool cannot move to target.
	Time        : 14:41:13.38
	ActionType  : Undefined
	MachineMode : Auto
	MachineState: Running
	PLC Object  : GCode
	PLC Action  : A_MoveZ
	PLC AState  : 99

30.08.2023 08:10:26 - 41491 - Device not initialized
	Description : 
	Time        : 08:10:26.37
	Command     : EXECUTE_ACTION
	Object      : Gesim.GsCartridgeHolder(CartridgeHolder (No Board))
	Action      : Jog

30.08.2023 08:20:53 - 41569 - Risk of crash: Jog
	Description : Can not jog long distances in this area.
	Time        : 08:20:53.85
	Command     : EXECUTE_ACTION
	Object      : Gesim.GsCartridgeHolder(CartridgeHolder (No Board))
	Action      : Jog

30.08.2023 08:21:01 - 41570 - Risk of crash: Jog
	Description : Can not jog fast in this area.
	Time        : 08:21:01.70
	Command     : EXECUTE_ACTION
	Object      : Gesim.GsCartridgeHolder(CartridgeHolder (No Board))
	Action      : Jog

30.08.2023 08:21:04 - 41569 - Risk of crash: Jog
	Description : Can not jog long distances in this area.
	Time        : 08:21:04.60
	Command     : EXECUTE_ACTION
	Object      : Gesim.GsCartridgeHolder(CartridgeHolder (No Board))
	Action      : Jog

30.08.2023 08:21:06 - 41569 - Risk of crash: Jog
	Description : Can not jog long distances in this area.
	Time        : 08:21:06.30
	Command     : EXECUTE_ACTION
	Object      : Gesim.GsCartridgeHolder(CartridgeHolder (No Board))
	Action      : Jog

30.08.2023 08:21:07 - 41569 - Risk of crash: Jog
	Description : Can not jog long distances in this area.
	Time        : 08:21:07.59
	Command     : EXECUTE_ACTION
	Object      : Gesim.GsCartridgeHolder(CartridgeHolder (No Board))
	Action      : Jog

30.08.2023 08:21:08 - 41569 - Risk of crash: Jog
	Description : Can not jog long distances in this area.
	Time        : 08:21:08.60
	Command     : EXECUTE_ACTION
	Object      : Gesim.GsCartridgeHolder(CartridgeHolder (No Board))
	Action      : Jog

30.08.2023 11:41:39 - 41535 - Z-Sensor not calibrated
	Description : 
	Time        : 11:41:54.88
	ActionType  : Measure
	MachineMode : Manu
	MachineState: Active
	Object      : Gesim.GsZSensor(ZSensor)
	PLC Object  : FB_ComplexAction
	PLC Action  : A_MeasureTarget
	PLC AState  : 0

30.08.2023 11:42:43 - 41747 - Z-Sensor switch not found
	Description : Measurement: switching point not reached - Internal error (20)
	Time        : 11:42:58.95
	ActionType  : MoveZ
	MachineMode : Manu
	MachineState: Active
	Object      : Gesim.GsZSensor(ZSensor)
	PLC Object  : FB_MzTool
	PLC Action  : A_MoveZ
	PLC AState  : 0

30.08.2023 11:42:43 - 41747 - Z-Sensor switch not found
	Description : Measurement: switching point not reached - Internal error (20)
	Time        : 11:42:58.96
	ActionType  : Measure
	MachineMode : Manu
	MachineState: Active
	Object      : Gesim.GsZSensor(ZSensor)
	PLC Object  : FB_ComplexAction
	PLC Action  : A_MeasureTarget
	PLC AState  : 4

30.08.2023 11:45:20 - 41747 - Z-Sensor switch not found
	Description : Measurement: switching point not reached - Internal error (20)
	Time        : 11:45:36.55
	ActionType  : MoveZ
	MachineMode : Auto
	MachineState: Running
	Object      : Gesim.GsZSensor(ZSensor)
	PLC Object  : FB_MzTool
	PLC Action  : A_MoveZ
	PLC AState  : 0

30.08.2023 11:45:20 - 41747 - Z-Sensor switch not found
	Description : Measurement: switching point not reached - Internal error (20)
	Time        : 11:45:36.56
	ActionType  : Measure
	MachineMode : Auto
	MachineState: Running
	Object      : Gesim.GsZSensor(ZSensor)
	PLC Object  : FB_ComplexAction
	PLC Action  : A_MeasureTarget
	PLC AState  : 4

30.08.2023 13:00:35 - 41623 - Calibration point has an offset
	Description : 
	Time        : 13:00:35.90
	Command     : EXECUTE_ACTION
	Object      : Gesim.GsZSensor(ZSensor)
	Action      : Calibrate Z-Sensor

30.08.2023 13:00:51 - 41623 - Calibration point has an offset
	Description : 
	Time        : 13:00:51.98
	Command     : EXECUTE_ACTION
	Object      : Gesim.GsZSensor(ZSensor)
	Action      : Calibrate Z-Sensor

30.08.2023 13:01:41 - 41747 - Z-Sensor switch not found
	Description : Measurement: switching point not reached - Internal error (20)
	Time        : 13:01:57.13
	ActionType  : MoveZ
	MachineMode : Manu
	MachineState: Active
	Object      : Gesim.GsZSensor(ZSensor)
	PLC Object  : FB_MzTool
	PLC Action  : A_MoveZ
	PLC AState  : 0

30.08.2023 13:01:41 - 41747 - Z-Sensor switch not found
	Description : Measurement: switching point not reached - Internal error (20)
	Time        : 13:01:57.14
	ActionType  : Measure
	MachineMode : Manu
	MachineState: Active
	Object      : Gesim.GsZSensor(ZSensor)
	PLC Object  : FB_ComplexAction
	PLC Action  : A_MeasureTarget
	PLC AState  : 4

30.08.2023 14:42:18 - 42247 - Scaffold Height Exceeded
	Description : Tool cannot move to all needed print positions (Z).
	Time        : 14:42:33.41
	ActionType  : Undefined
	MachineMode : Auto
	MachineState: Running
	Object      : Gesim.GsPiezoPip(PiezoPipette Nano (Heatable))
	PLC Object  : FB_HskMFunc
	PLC Action  : A_AssignRParamHeader
	PLC AState  : 2

30.08.2023 14:42:45 - 41491 - Device not initialized
	Description : 
	Time        : 14:43:01.00
	ActionType  : MoveZ
	MachineMode : Auto
	MachineState: Running
	Object      : Gesim.GsHead(Head)
	PLC Object  : FB_MzHead
	PLC Action  : A_MoveZ
	PLC AState  : 3

30.08.2023 14:42:45 - 41491 - Device not initialized
	Description : 
	Time        : 14:43:01.00
	ActionType  : Undefined
	MachineMode : Auto
	MachineState: Running
	Object      : Gesim.GsHead(Head)
	PLC Object  : GCode
	PLC Action  : A_Start
	PLC AState  : 2

31.08.2023 07:16:58 - 41527 - Timeout while filling PCV
	Description : A timeout occurred while filling the pressure compensation vessel.
	Time        : 07:17:14.67
	ActionType  : Undefined
	MachineMode : Manu
	MachineState: Idle
	PLC Object  : FB_DeviceBase
	PLC Action  : UNDEFIEND
	PLC AState  : 0

31.08.2023 07:20:26 - 41525 - System fluid bottle empty
	Description : 
	Time        : 07:20:43.00
	ActionType  : Undefined
	MachineMode : Manu
	MachineState: Idle
	PLC Object  : FB_DeviceBase
	PLC Action  : UNDEFIEND
	PLC AState  : 0

31.08.2023 07:20:51 - 41525 - System fluid bottle empty
	Description : 
	Time        : 07:20:51.68
	Command     : EXECUTE_ACTION
	Object      : Gesim.GsPiezoPip(PiezoPipette Nano (Heatable))
	Action      : Wash->Washpoint 1->WashOutside->1 s

31.08.2023 07:21:08 - 41525 - System fluid bottle empty
	Description : 
	Time        : 07:21:08.68
	Command     : EXECUTE_ACTION
	Object      : Gesim.GsPiezoPip(PiezoPipette Nano (Heatable))
	Action      : Wash->Washpoint 1->WashOutside->1 s

31.08.2023 07:21:22 - 41526 - Waste bottle full
	Description : 
	Time        : 07:21:22.49
	Command     : EXECUTE_ACTION
	Object      : Gesim.GsPiezoPip(PiezoPipette Nano (Heatable))
	Action      : Wash->Washpoint 1->WashOutside->1 s

31.08.2023 07:22:13 - 41525 - System fluid bottle empty
	Description : 
	Time        : 07:22:13.53
	Command     : EXECUTE_ACTION
	Object      : Gesim.GsPiezoPip(PiezoPipette Nano (Heatable))
	Action      : Wash->Washpoint 1->WashOutside->1 s

31.08.2023 07:22:27 - 41525 - System fluid bottle empty
	Description : 
	Time        : 07:22:27.20
	Command     : EXECUTE_ACTION
	Object      : Gesim.GsPiezoPip(PiezoPipette Nano (Heatable))
	Action      : Wash->Washpoint 1->WashOutside->1 s

31.08.2023 07:23:00 - 41526 - Waste bottle full
	Description : 
	Time        : 07:23:00.00
	Command     : EXECUTE_ACTION
	Object      : Gesim.GsPiezoPip(PiezoPipette Nano (Heatable))
	Action      : Wash->Washpoint 1->WashOutside->1 s

31.08.2023 07:23:05 - 41526 - Waste bottle full
	Description : 
	Time        : 07:23:21.87
	ActionType  : Rinse
	MachineMode : Manu
	MachineState: Active
	Object      : Gesim.GsWashStation(WashStation)
	PLC Object  : FB_WashStation
	PLC Action  : A_Rinse
	PLC AState  : 0

31.08.2023 07:59:42 - 41511 - Z-Sensor not mounted
	Description : A measurement was attempted without mounted Z-Sensor.
	Time        : 07:59:42.21
	Command     : EXECUTE_ACTION
	Object      : Gesim.GsZSensor(ZSensor)
	Action      : Measure Target->Slide_Align_Vertical

31.08.2023 08:01:08 - 41502 - Pipet move with Z-Sensor
	Description : The pipet cannot move with Z-Sensor mounted.
	Time        : 08:01:24.58
	ActionType  : ActionOnArray
	MachineMode : Manu
	MachineState: Active
	Object      : Gesim.GsPiezoPip(PiezoPipette Nano (Heatable))
	PLC Object  : FB_ComplexAction
	PLC Action  : A_ActionOnArray
	PLC AState  : 1

31.08.2023 08:38:32 - 41502 - Pipet move with Z-Sensor
	Description : The pipet cannot move with Z-Sensor mounted.
	Time        : 08:38:47.75
	ActionType  : ActionOnArray
	MachineMode : Manu
	MachineState: Active
	Object      : Gesim.GsPiezoPip(PiezoPipette Nano (Heatable))
	PLC Object  : FB_ComplexAction
	PLC Action  : A_ActionOnArray
	PLC AState  : 1

31.08.2023 08:38:49 - 41502 - Pipet move with Z-Sensor
	Description : The pipet cannot move with Z-Sensor mounted.
	Time        : 08:39:04.92
	ActionType  : TeachTarget
	MachineMode : Manu
	MachineState: Active
	Object      : Gesim.GsPiezoPip(PiezoPipette Nano (Heatable))
	PLC Object  : FB_ComplexAction
	PLC Action  : A_TeachTarget
	PLC AState  : 1

31.08.2023 08:38:56 - 41502 - Pipet move with Z-Sensor
	Description : The pipet cannot move with Z-Sensor mounted.
	Time        : 08:39:12.35
	ActionType  : Measure
	MachineMode : Manu
	MachineState: Active
	Object      : Gesim.GsPiezoPip(PiezoPipette Nano (Heatable))
	PLC Object  : FB_ComplexAction
	PLC Action  : A_MeasureTool
	PLC AState  : 2

31.08.2023 08:39:03 - 41502 - Pipet move with Z-Sensor
	Description : The pipet cannot move with Z-Sensor mounted.
	Time        : 08:39:18.83
	ActionType  : WashTool
	MachineMode : Manu
	MachineState: Active
	Object      : Gesim.GsPiezoPip(PiezoPipette Nano (Heatable))
	PLC Object  : FB_ComplexAction
	PLC Action  : A_WashTool
	PLC AState  : 1

31.08.2023 08:41:57 - 41502 - Pipet move with Z-Sensor
	Description : The pipet cannot move with Z-Sensor mounted.
	Time        : 08:42:13.51
	ActionType  : GetPipSample
	MachineMode : Manu
	MachineState: Active
	Object      : Gesim.GsPiezoPip(PiezoPipette Nano (Heatable))
	PLC Object  : FB_ComplexAction
	PLC Action  : A_GetPipSample
	PLC AState  : 1

31.08.2023 08:42:03 - 41502 - Pipet move with Z-Sensor
	Description : The pipet cannot move with Z-Sensor mounted.
	Time        : 08:42:19.22
	ActionType  : DryPip
	MachineMode : Manu
	MachineState: Active
	Object      : Gesim.GsPiezoPip(PiezoPipette Nano (Heatable))
	PLC Object  : FB_ComplexAction
	PLC Action  : A_DryPip
	PLC AState  : 1

31.08.2023 08:42:10 - 41502 - Pipet move with Z-Sensor
	Description : The pipet cannot move with Z-Sensor mounted.
	Time        : 08:42:26.44
	ActionType  : MoveToTarget
	MachineMode : Manu
	MachineState: Active
	Object      : Gesim.GsPiezoPip(PiezoPipette Nano (Heatable))
	PLC Object  : FB_ComplexAction
	PLC Action  : A_MoveToTarget
	PLC AState  : 0

31.08.2023 08:42:22 - 41502 - Pipet move with Z-Sensor
	Description : The pipet cannot move with Z-Sensor mounted.
	Time        : 08:42:38.02
	ActionType  : MoveToTarget
	MachineMode : Manu
	MachineState: Active
	Object      : Gesim.GsPiezoPip(PiezoPipette Nano (Heatable))
	PLC Object  : FB_ComplexAction
	PLC Action  : A_MoveToTarget
	PLC AState  : 0

31.08.2023 08:42:47 - 50013 - Changed configuration
	Description : The current configuration has changed significantly. Some settings might have changed.
	Time        : 08:42:47.13

31.08.2023 08:43:20 - 16660 - GCode-File too big
	Description : 
	Time        : 08:43:36.27
	ActionType  : Undefined
	MachineMode : Manu
	MachineState: Active
	PLC Object  : GCode
	PLC Action  : A_Load
	PLC AState  : 2

31.08.2023 08:47:00 - 41613 - PressureSupply
	Description : 
	Time        : 08:47:15.48
	ActionType  : Undefined
	MachineMode : Manu
	MachineState: Active
	Object      : Gesim.GsCartridgeDisp(Cartridge Dispenser (10ml))
	PLC Object  : FB_HskMFunc
	PLC Action  : A_SetPrintParams
	PLC AState  : 0

31.08.2023 10:00:53 - 16660 - GCode-File too big
	Description : 
	Time        : 10:01:08.08
	ActionType  : Undefined
	MachineMode : Manu
	MachineState: Active
	PLC Object  : GCode
	PLC Action  : A_Load
	PLC AState  : 2

31.08.2023 10:57:15 - 42247 - Scaffold Height Exceeded
	Description : Tool cannot move to all needed print positions (Z).
	Time        : 10:57:31.73
	ActionType  : Undefined
	MachineMode : Manu
	MachineState: Active
	PLC Object  : FB_HskMFunc
	PLC Action  : A_AssignRParamHeader
	PLC AState  : 2

31.08.2023 11:16:34 - 16660 - GCode-File too big
	Description : 
	Time        : 11:16:50.84
	ActionType  : Undefined
	MachineMode : Manu
	MachineState: Active
	PLC Object  : GCode
	PLC Action  : A_Load
	PLC AState  : 2

31.08.2023 11:17:48 - 16660 - GCode-File too big
	Description : 
	Time        : 11:18:05.16
	ActionType  : Undefined
	MachineMode : Manu
	MachineState: Active
	PLC Object  : GCode
	PLC Action  : A_Load
	PLC AState  : 2

31.08.2023 11:27:28 - 42247 - Scaffold Height Exceeded
	Description : Tool cannot move to all needed print positions (Z).
	Time        : 11:27:44.82
	ActionType  : Undefined
	MachineMode : Manu
	MachineState: Active
	Object      : Gesim.GsCartridgeDisp(Cartridge Dispenser (10ml))
	PLC Object  : FB_HskMFunc
	PLC Action  : A_AssignRParamHeader
	PLC AState  : 2

31.08.2023 11:27:51 - 42247 - Scaffold Height Exceeded
	Description : Tool cannot move to all needed print positions (Z).
	Time        : 11:28:07.42
	ActionType  : Undefined
	MachineMode : Manu
	MachineState: Active
	Object      : Gesim.GsCartridgeDisp(Cartridge Dispenser (10ml))
	PLC Object  : FB_HskMFunc
	PLC Action  : A_AssignRParamHeader
	PLC AState  : 2

31.08.2023 11:29:43 - 41473 - Invalid mode
	Description : Command cannot be executed in this mode.
	Time        : 11:29:43.01
	Command     : EXECUTE_ACTION
	Object      : Gesim.GsRoot(BioScaffolder 3.3)
	Action      : Run GCode: Test->PointS->Center

31.08.2023 11:37:15 - 42250 - Scaffold Depth Exceeded
	Description : Tool cannot move to all needed print positions (Y).
	Time        : 11:37:31.56
	ActionType  : Undefined
	MachineMode : Manu
	MachineState: Active
	Object      : Gesim.GsCartridgeDisp(Cartridge Dispenser (10ml))
	PLC Object  : FB_HskMFunc
	PLC Action  : A_AssignRParamHeader
	PLC AState  : 2

31.08.2023 11:37:35 - 42250 - Scaffold Depth Exceeded
	Description : Tool cannot move to all needed print positions (Y).
	Time        : 11:37:52.39
	ActionType  : Undefined
	MachineMode : Manu
	MachineState: Active
	Object      : Gesim.GsCartridgeDisp(Cartridge Dispenser (10ml))
	PLC Object  : FB_HskMFunc
	PLC Action  : A_AssignRParamHeader
	PLC AState  : 2

31.08.2023 11:49:28 - 41473 - Invalid mode
	Description : Command cannot be executed in this mode.
	Time        : 11:49:28.85
	Command     : EXECUTE_ACTION
	Object      : Gesim.GsRoot(BioScaffolder 3.3)
	Action      : Run GCode: Cartridge_Error_Networt->PointS->Center

31.08.2023 13:39:27 - 50013 - Changed configuration
	Description : The current configuration has changed significantly. Some settings might have changed.
	Time        : 13:39:27.11

31.08.2023 13:39:57 - 41613 - PressureSupply
	Description : 
	Time        : 13:40:13.22
	ActionType  : Undefined
	MachineMode : Manu
	MachineState: Active
	Object      : Gesim.GsCartridgeDisp(Cartridge Dispenser (10ml))
	PLC Object  : FB_HskMFunc
	PLC Action  : A_SetPrintParams
	PLC AState  : 0

31.08.2023 13:43:56 - 41473 - Invalid mode
	Description : Command cannot be executed in this mode.
	Time        : 13:43:56.33
	Command     : EXECUTE_ACTION
	Object      : Gesim.GsRoot(BioScaffolder 3.3)
	Action      : Run GCode: Cart->PointS->Center

31.08.2023 14:05:36 - 41597 - Device is not locked
	Description : 
	Time        : 14:05:36.81
	Command     : EXECUTE_ACTION
	Object      : Gesim.GsExtruder(SyringeExtruder)
	Action      : Move Plunger->Move to ->36936 µm

31.08.2023 14:06:48 - 41597 - Device is not locked
	Description : 
	Time        : 14:06:48.67
	Command     : EXECUTE_ACTION
	Object      : Gesim.GsExtruder(SyringeExtruder)
	Action      : Move Plunger->Move to ->30000 µm

31.08.2023 14:07:12 - 41734 - Low position accuracy
	Description : Target not reached with required accuracy but motor has stopped - Internal error (7)
	Time        : 14:07:29.10
	ActionType  : MoveZ
	MachineMode : Manu
	MachineState: Active
	Object      : Gesim.GsCartridgeDisp(Cartridge Dispenser (10ml))
	PLC Object  : FB_MzTool
	PLC Action  : A_MoveZ
	PLC AState  : 0

31.08.2023 14:07:56 - 41734 - Low position accuracy
	Description : Target not reached with required accuracy but motor has stopped - Internal error (7)
	Time        : 14:08:13.25
	ActionType  : MoveZ
	MachineMode : Manu
	MachineState: Active
	Object      : Gesim.GsExtruder(SyringeExtruder)
	PLC Object  : FB_MzTool
	PLC Action  : A_MoveZ
	PLC AState  : 0

31.08.2023 14:07:56 - 41734 - Low position accuracy
	Description : Target not reached with required accuracy but motor has stopped - Internal error (7)
	Time        : 14:08:13.26
	ActionType  : Measure
	MachineMode : Manu
	MachineState: Active
	Object      : Gesim.GsExtruder(SyringeExtruder)
	PLC Object  : FB_ComplexAction
	PLC Action  : A_MeasureTool
	PLC AState  : 21

31.08.2023 14:11:41 - 50013 - Changed configuration
	Description : The current configuration has changed significantly. Some settings might have changed.
	Time        : 14:11:41.20

31.08.2023 14:11:53 - 41597 - Device is not locked
	Description : 
	Time        : 14:12:09.83
	ActionType  : Undefined
	MachineMode : Manu
	MachineState: Active
	Object      : Gesim.GsExtruder(SyringeExtruder)
	PLC Object  : GCode
	PLC Action  : A_Start
	PLC AState  : 1

31.08.2023 14:56:31 - 41575 - StopButtonNotReleased
	Description : 
	Time        : 14:56:31.77
	Command     : EXECUTE_ACTION

31.08.2023 14:56:45 - 41575 - StopButtonNotReleased
	Description : 
	Time        : 14:56:45.42
	Command     : EXECUTE_ACTION

31.08.2023 15:02:45 - 41575 - StopButtonNotReleased
	Description : 
	Time        : 15:02:45.92
	Command     : EXECUTE_ACTION
	Object      : Gesim.GsHighVoltTray(HighVoltTray)
	Action      : Switch Voltage

01.09.2023 06:15:12 - 50013 - Changed configuration
	Description : The current configuration has changed significantly. Some settings might have changed.
	Time        : 06:15:12.75

01.09.2023 06:16:02 - 41597 - Device is not locked
	Description : 
	Time        : 06:16:17.67
	ActionType  : Undefined
	MachineMode : Auto
	MachineState: Running
	Object      : Gesim.GsExtruder(SyringeExtruder)
	PLC Object  : GCode
	PLC Action  : A_Start
	PLC AState  : 1

01.09.2023 07:17:19 -  1861 - Timeout elapsed
	Description : Internal error due to slow/missing communication.
	Time        : 07:17:19.38
	Command     : READ_ALL_PROPS
	Object      : Gesim.GsDiluter(Diluter 3-Way)

01.09.2023 07:22:14 - 50005 - Connection error
	Description : The connection to the device could not be established.
	Time        : 07:22:14.06
	Exception   : System.InvalidOperationException: This BackgroundWorker is currently busy and cannot run multiple tasks concurrently.
   at Gesim.GsMachine.Connect(String routeName, Boolean record, Boolean withoutActivation)
   at GesimRobotics.ViewModels.Dialogs.DebugMenuDialog.connect()

01.09.2023 07:29:20 -  1861 - Timeout elapsed
	Description : Internal error due to slow/missing communication.
	Time        : 07:29:20.88
	Command     : WRITE_ALL_PROPS
	Object      : Gesim.GsDiluter(Diluter 3-Way)

01.09.2023 07:36:48 - 50013 - Changed configuration
	Description : The current configuration has changed significantly. Some settings might have changed.
	Time        : 07:36:48.61

19.10.2023 13:23:41 - 41503 - Configuration not activated
	Description : 
	Time        : 13:23:41.75
	Command     : CHANGE_MODE

19.10.2023 13:23:52 - 41576 - Interlock not locked
	Description : 
	Time        : 13:23:52.57
	Command     : EXECUTE_ACTION

19.10.2023 14:19:36 - 41576 - Interlock not locked
	Description : 
	Time        : 14:19:36.32
	Command     : EXECUTE_ACTION

20.10.2023 06:31:50 - 41576 - Interlock not locked
	Description : 
	Time        : 06:31:50.85
	Command     : EXECUTE_ACTION

20.10.2023 06:33:11 - 41606 - TwinSafeGroupError
	Description : 
	Time        : 06:33:30.29
	ActionType  : Undefined
	MachineMode : Init
	MachineState: Idle
	PLC Object  : FB_Safety
	PLC Action  : A_RunWithoutBoxContacts
	PLC AState  : 0

23.10.2023 09:10:51 - 19209 - Unexpected error
	Description : An unexpected error has occurred.
	Time        : 09:11:09.54
	ActionType  : Undefined
	MachineMode : Init
	MachineState: Active
	PLC Object  : UNDEFIEND
	PLC Action  : UNDEFIEND
	PLC AState  : 0

23.10.2023 09:10:51 - 19209 - Unexpected error
	Description : An unexpected error has occurred.
	Time        : 09:11:09.55
	ActionType  : InitDevices
	MachineMode : Init
	MachineState: Active
	Object      : Gesim.GsHead(Head)
	PLC Object  : FB_MzHead
	PLC Action  : A_Init
	PLC AState  : 40

23.10.2023 13:52:03 - 41519 - Timeout
	Description : Internal error
	Time        : 13:52:22.21
	ActionType  : Undefined
	MachineMode : Config
	MachineState: Idle
	PLC Object  : FB_Safety
	PLC Action  : A_Unlock
	PLC AState  : 6

23.10.2023 13:52:08 - 41519 - Timeout
	Description : Internal error
	Time        : 13:52:27.38
	ActionType  : Undefined
	MachineMode : Config
	MachineState: Idle
	PLC Object  : FB_Safety
	PLC Action  : A_Unlock
	PLC AState  : 6

23.10.2023 13:52:14 - 41519 - Timeout
	Description : Internal error
	Time        : 13:52:33.52
	ActionType  : Undefined
	MachineMode : Config
	MachineState: Idle
	PLC Object  : FB_Safety
	PLC Action  : A_Unlock
	PLC AState  : 6

23.10.2023 13:52:20 - 41519 - Timeout
	Description : Internal error
	Time        : 13:52:38.85
	ActionType  : Undefined
	MachineMode : Config
	MachineState: Idle
	PLC Object  : FB_Safety
	PLC Action  : A_Unlock
	PLC AState  : 6

23.10.2023 13:52:40 - 41519 - Timeout
	Description : Internal error
	Time        : 13:52:59.56
	ActionType  : Undefined
	MachineMode : Config
	MachineState: Idle
	PLC Object  : FB_Safety
	PLC Action  : A_Unlock
	PLC AState  : 6

23.10.2023 13:55:09 - 41519 - Timeout
	Description : Internal error
	Time        : 13:55:28.40
	ActionType  : Undefined
	MachineMode : Config
	MachineState: Idle
	PLC Object  : FB_Safety
	PLC Action  : A_Unlock
	PLC AState  : 6

23.10.2023 13:55:28 - 41519 - Timeout
	Description : Internal error
	Time        : 13:55:47.43
	ActionType  : Undefined
	MachineMode : Config
	MachineState: Idle
	PLC Object  : FB_Safety
	PLC Action  : A_Lock
	PLC AState  : 1

23.10.2023 13:55:32 - 41519 - Timeout
	Description : Internal error
	Time        : 13:55:51.49
	ActionType  : Undefined
	MachineMode : Config
	MachineState: Idle
	PLC Object  : FB_Safety
	PLC Action  : A_Lock
	PLC AState  : 1

23.10.2023 13:55:57 - 41519 - Timeout
	Description : Internal error
	Time        : 13:56:15.69
	ActionType  : Undefined
	MachineMode : Config
	MachineState: Idle
	PLC Object  : FB_Safety
	PLC Action  : A_Unlock
	PLC AState  : 6

23.10.2023 13:59:33 - 41519 - Timeout
	Description : Internal error
	Time        : 13:59:52.26
	ActionType  : Undefined
	MachineMode : Config
	MachineState: Idle
	PLC Object  : FB_Safety
	PLC Action  : A_Unlock
	PLC AState  : 6

23.10.2023 14:01:26 - 41519 - Timeout
	Description : Internal error
	Time        : 14:01:45.11
	ActionType  : Undefined
	MachineMode : Config
	MachineState: Idle
	PLC Object  : FB_Safety
	PLC Action  : A_Unlock
	PLC AState  : 6

23.10.2023 14:41:55 - 41995 - InvalidToolConfig
	Description : 
	Time        : 14:42:14.44
	ActionType  : Undefined
	MachineMode : Config
	MachineState: Active
	PLC Object  : FB_MultiZRef
	PLC Action  : A_SetConfig
	PLC AState  : 0

23.10.2023 14:41:55 - 41995 - InvalidToolConfig
	Description : 
	Time        : 14:42:14.45
	ActionType  : Undefined
	MachineMode : Config
	MachineState: Active
	PLC Object  : FB_Configuration
	PLC Action  : A_Activate
	PLC AState  : 0

24.10.2023 05:48:20 - 41995 - InvalidToolConfig
	Description : 
	Time        : 05:48:39.16
	ActionType  : Undefined
	MachineMode : Config
	MachineState: Active
	PLC Object  : FB_MultiZRef
	PLC Action  : A_SetConfig
	PLC AState  : 0

24.10.2023 05:48:20 - 41995 - InvalidToolConfig
	Description : 
	Time        : 05:48:39.17
	ActionType  : Undefined
	MachineMode : Config
	MachineState: Active
	PLC Object  : FB_Configuration
	PLC Action  : A_Activate
	PLC AState  : 0

24.10.2023 05:56:30 - 41525 - System fluid bottle empty
	Description : 
	Time        : 05:56:30.57
	Command     : EXECUTE_ACTION
	Object      : Gesim.GsPiezoPip(PiezoPipette Nano (Heatable))
	Action      : Dispense->10 µl->10 µl/s

24.10.2023 05:56:57 - 41525 - System fluid bottle empty
	Description : 
	Time        : 05:57:16.26
	ActionType  : Undefined
	MachineMode : Manu
	MachineState: Idle
	PLC Object  : FB_DeviceBase
	PLC Action  : UNDEFIEND
	PLC AState  : 0

24.10.2023 05:57:11 - 41525 - System fluid bottle empty
	Description : 
	Time        : 05:57:30.51
	ActionType  : Undefined
	MachineMode : Manu
	MachineState: Idle
	PLC Object  : FB_DeviceBase
	PLC Action  : UNDEFIEND
	PLC AState  : 0

24.10.2023 05:57:13 - 41525 - System fluid bottle empty
	Description : 
	Time        : 05:57:32.06
	ActionType  : Undefined
	MachineMode : Manu
	MachineState: Idle
	PLC Object  : FB_DeviceBase
	PLC Action  : UNDEFIEND
	PLC AState  : 0

24.10.2023 05:57:13 - 41525 - System fluid bottle empty
	Description : 
	Time        : 05:57:32.70
	ActionType  : Undefined
	MachineMode : Manu
	MachineState: Idle
	PLC Object  : FB_DeviceBase
	PLC Action  : UNDEFIEND
	PLC AState  : 0

24.10.2023 05:57:14 - 41525 - System fluid bottle empty
	Description : 
	Time        : 05:57:33.27
	ActionType  : Undefined
	MachineMode : Manu
	MachineState: Idle
	PLC Object  : FB_DeviceBase
	PLC Action  : UNDEFIEND
	PLC AState  : 0

24.10.2023 05:57:14 - 41525 - System fluid bottle empty
	Description : 
	Time        : 05:57:33.58
	ActionType  : Undefined
	MachineMode : Manu
	MachineState: Idle
	PLC Object  : FB_DeviceBase
	PLC Action  : UNDEFIEND
	PLC AState  : 0

24.10.2023 05:57:37 - 41526 - Waste bottle full
	Description : 
	Time        : 05:57:37.20
	Command     : EXECUTE_ACTION
	Object      : Gesim.GsPiezoPip(PiezoPipette Nano (Heatable))
	Action      : Dispense->10 µl->10 µl/s

24.10.2023 06:22:52 - 41224 - Not initialized
	Description : The diluter is not initialized.
	Time        : 06:23:11.29
	ActionType  : DispenseDrops
	MachineMode : Manu
	MachineState: Active
	Object      : Gesim.GsPiezoPip(PiezoPipette Nano (Heatable))
	PLC Object  : FB_PiezoPip
	PLC Action  : A_DispensePiezo
	PLC AState  : 0

24.10.2023 08:43:14 - 41568 - Target position out of range - Z
	Description : Tool cannot move to target.
	Time        : 08:43:33.49
	ActionType  : Undefined
	MachineMode : Auto
	MachineState: Running
	PLC Object  : GCode
	PLC Action  : A_MoveZ
	PLC AState  : 0

24.10.2023 08:43:15 - 41568 - Target position out of range - Z
	Description : Tool cannot move to target.
	Time        : 08:43:33.49
	ActionType  : Undefined
	MachineMode : Auto
	MachineState: Running
	PLC Object  : GCode
	PLC Action  : A_MoveZ
	PLC AState  : 99

24.10.2023 08:43:52 - 41568 - Target position out of range - Z
	Description : Tool cannot move to target.
	Time        : 08:44:10.93
	ActionType  : Undefined
	MachineMode : Auto
	MachineState: Running
	PLC Object  : GCode
	PLC Action  : A_MoveZ
	PLC AState  : 0

24.10.2023 08:43:52 - 41568 - Target position out of range - Z
	Description : Tool cannot move to target.
	Time        : 08:44:10.93
	ActionType  : Undefined
	MachineMode : Auto
	MachineState: Running
	PLC Object  : GCode
	PLC Action  : A_MoveZ
	PLC AState  : 99

24.10.2023 08:44:19 - 41568 - Target position out of range - Z
	Description : Tool cannot move to target.
	Time        : 08:44:38.46
	ActionType  : Undefined
	MachineMode : Auto
	MachineState: Running
	PLC Object  : GCode
	PLC Action  : A_MoveZ
	PLC AState  : 0

24.10.2023 08:44:20 - 41568 - Target position out of range - Z
	Description : Tool cannot move to target.
	Time        : 08:44:38.46
	ActionType  : Undefined
	MachineMode : Auto
	MachineState: Running
	PLC Object  : GCode
	PLC Action  : A_MoveZ
	PLC AState  : 99

24.10.2023 08:44:37 - 41568 - Target position out of range - Z
	Description : Tool cannot move to target.
	Time        : 08:44:56.06
	ActionType  : Undefined
	MachineMode : Auto
	MachineState: Running
	PLC Object  : GCode
	PLC Action  : A_MoveZ
	PLC AState  : 0

24.10.2023 08:44:37 - 41568 - Target position out of range - Z
	Description : Tool cannot move to target.
	Time        : 08:44:56.06
	ActionType  : Undefined
	MachineMode : Auto
	MachineState: Running
	PLC Object  : GCode
	PLC Action  : A_MoveZ
	PLC AState  : 99

24.10.2023 08:45:25 - 41568 - Target position out of range - Z
	Description : Tool cannot move to target.
	Time        : 08:45:43.95
	ActionType  : Undefined
	MachineMode : Auto
	MachineState: Running
	PLC Object  : GCode
	PLC Action  : A_MoveZ
	PLC AState  : 0

24.10.2023 08:45:25 - 41568 - Target position out of range - Z
	Description : Tool cannot move to target.
	Time        : 08:45:43.95
	ActionType  : Undefined
	MachineMode : Auto
	MachineState: Running
	PLC Object  : GCode
	PLC Action  : A_MoveZ
	PLC AState  : 99

24.10.2023 08:45:45 - 41568 - Target position out of range - Z
	Description : Tool cannot move to target.
	Time        : 08:46:03.62
	ActionType  : Undefined
	MachineMode : Auto
	MachineState: Running
	PLC Object  : GCode
	PLC Action  : A_MoveZ
	PLC AState  : 0

24.10.2023 08:45:45 - 41568 - Target position out of range - Z
	Description : Tool cannot move to target.
	Time        : 08:46:03.62
	ActionType  : Undefined
	MachineMode : Auto
	MachineState: Running
	PLC Object  : GCode
	PLC Action  : A_MoveZ
	PLC AState  : 99

24.10.2023 08:50:47 - 41568 - Target position out of range - Z
	Description : Tool cannot move to target.
	Time        : 08:51:06.49
	ActionType  : Undefined
	MachineMode : Auto
	MachineState: Running
	PLC Object  : GCode
	PLC Action  : A_MoveZ
	PLC AState  : 0

24.10.2023 08:50:47 - 41568 - Target position out of range - Z
	Description : Tool cannot move to target.
	Time        : 08:51:06.49
	ActionType  : Undefined
	MachineMode : Auto
	MachineState: Running
	PLC Object  : GCode
	PLC Action  : A_MoveZ
	PLC AState  : 99

24.10.2023 08:51:10 - 41568 - Target position out of range - Z
	Description : Tool cannot move to target.
	Time        : 08:51:29.19
	ActionType  : Undefined
	MachineMode : Auto
	MachineState: Running
	PLC Object  : GCode
	PLC Action  : A_MoveZ
	PLC AState  : 0

24.10.2023 08:51:10 - 41568 - Target position out of range - Z
	Description : Tool cannot move to target.
	Time        : 08:51:29.19
	ActionType  : Undefined
	MachineMode : Auto
	MachineState: Running
	PLC Object  : GCode
	PLC Action  : A_MoveZ
	PLC AState  : 99

24.10.2023 08:55:53 - 41503 - Configuration not activated
	Description : 
	Time        : 08:55:53.99
	Command     : CHANGE_MODE

24.10.2023 08:59:32 - 42240 - InvalidToolNr
	Description : 
	Time        : 08:59:51.44
	ActionType  : Undefined
	MachineMode : Auto
	MachineState: Running
	PLC Object  : FB_HskMFunc
	PLC Action  : A_AssignRParamHeader
	PLC AState  : 1

24.10.2023 09:00:50 - 41491 - Device not initialized
	Description : 
	Time        : 09:01:09.18
	ActionType  : MoveZ
	MachineMode : Auto
	MachineState: Running
	Object      : Gesim.GsHead(Head)
	PLC Object  : FB_MzHead
	PLC Action  : A_MoveZ
	PLC AState  : 80

24.10.2023 09:00:50 - 41491 - Device not initialized
	Description : 
	Time        : 09:01:09.18
	ActionType  : Undefined
	MachineMode : Auto
	MachineState: Running
	Object      : Gesim.GsHead(Head)
	PLC Object  : GCode
	PLC Action  : A_Start
	PLC AState  : 2

24.10.2023 09:01:06 - 42240 - InvalidToolNr
	Description : 
	Time        : 09:01:25.25
	ActionType  : Undefined
	MachineMode : Auto
	MachineState: Running
	PLC Object  : FB_HskMFunc
	PLC Action  : A_AssignRParamHeader
	PLC AState  : 1

24.10.2023 09:01:57 - 50013 - Changed configuration
	Description : The current configuration has changed significantly. Some settings might have changed.
	Time        : 09:01:57.96

24.10.2023 09:03:23 - 41568 - Target position out of range - Z
	Description : Tool cannot move to target.
	Time        : 09:03:42.21
	ActionType  : Undefined
	MachineMode : Auto
	MachineState: Running
	PLC Object  : GCode
	PLC Action  : A_MoveZ
	PLC AState  : 0

24.10.2023 09:03:23 - 41568 - Target position out of range - Z
	Description : Tool cannot move to target.
	Time        : 09:03:42.21
	ActionType  : Undefined
	MachineMode : Auto
	MachineState: Running
	PLC Object  : GCode
	PLC Action  : A_MoveZ
	PLC AState  : 99

24.10.2023 09:04:08 - 41568 - Target position out of range - Z
	Description : Tool cannot move to target.
	Time        : 09:04:27.28
	ActionType  : Undefined
	MachineMode : Auto
	MachineState: Running
	PLC Object  : GCode
	PLC Action  : A_MoveZ
	PLC AState  : 0

24.10.2023 09:04:08 - 41568 - Target position out of range - Z
	Description : Tool cannot move to target.
	Time        : 09:04:27.29
	ActionType  : Undefined
	MachineMode : Auto
	MachineState: Running
	PLC Object  : GCode
	PLC Action  : A_MoveZ
	PLC AState  : 99

24.10.2023 09:05:12 - 41568 - Target position out of range - Z
	Description : Tool cannot move to target.
	Time        : 09:05:31.16
	ActionType  : Undefined
	MachineMode : Auto
	MachineState: Running
	PLC Object  : GCode
	PLC Action  : A_MoveZ
	PLC AState  : 0

24.10.2023 09:05:12 - 41568 - Target position out of range - Z
	Description : Tool cannot move to target.
	Time        : 09:05:31.16
	ActionType  : Undefined
	MachineMode : Auto
	MachineState: Running
	PLC Object  : GCode
	PLC Action  : A_MoveZ
	PLC AState  : 99

24.10.2023 09:05:56 - 41568 - Target position out of range - Z
	Description : Tool cannot move to target.
	Time        : 09:06:15.47
	ActionType  : Undefined
	MachineMode : Auto
	MachineState: Running
	PLC Object  : GCode
	PLC Action  : A_MoveZ
	PLC AState  : 0

24.10.2023 09:05:56 - 41568 - Target position out of range - Z
	Description : Tool cannot move to target.
	Time        : 09:06:15.47
	ActionType  : Undefined
	MachineMode : Auto
	MachineState: Running
	PLC Object  : GCode
	PLC Action  : A_MoveZ
	PLC AState  : 99

24.10.2023 09:39:08 - 41728 - No Z-axis
	Description : Z-axis is not available - Internal error (1)
	Time        : 09:39:27.62
	ActionType  : Undefined
	MachineMode : Config
	MachineState: Active
	PLC Object  : FB_MultiZRef
	PLC Action  : A_SetConfig
	PLC AState  : 0

24.10.2023 09:39:08 - 41728 - No Z-axis
	Description : Z-axis is not available - Internal error (1)
	Time        : 09:39:27.63
	ActionType  : Undefined
	MachineMode : Config
	MachineState: Active
	PLC Object  : FB_Configuration
	PLC Action  : A_Activate
	PLC AState  : 0

24.10.2023 09:39:13 - 41728 - No Z-axis
	Description : Z-axis is not available - Internal error (1)
	Time        : 09:39:32.40
	ActionType  : Undefined
	MachineMode : Config
	MachineState: Active
	PLC Object  : FB_MultiZRef
	PLC Action  : A_SetConfig
	PLC AState  : 0

24.10.2023 09:39:13 - 41728 - No Z-axis
	Description : Z-axis is not available - Internal error (1)
	Time        : 09:39:32.41
	ActionType  : Undefined
	MachineMode : Config
	MachineState: Active
	PLC Object  : FB_Configuration
	PLC Action  : A_Activate
	PLC AState  : 0

24.10.2023 09:39:23 - 41728 - No Z-axis
	Description : Z-axis is not available - Internal error (1)
	Time        : 09:39:32.41
	ActionType  : Undefined
	MachineMode : Config
	MachineState: Active
	PLC Object  : FB_Configuration
	PLC Action  : A_Activate
	PLC AState  : 0

24.10.2023 09:46:15 - 41503 - Configuration not activated
	Description : 
	Time        : 09:46:15.39
	Command     : CHANGE_MODE

24.10.2023 13:03:22 - 41473 - Invalid mode
	Description : Command cannot be executed in this mode.
	Time        : 13:03:22.81
	Command     : EXECUTE_ACTION
	Object      : Gesim.GsSubstHolder(SingleSubstrateHeater (Internal))
	Action      : Heating->On->50°C

24.10.2023 13:14:23 - 41478 - Invalid state
	Description : Command can not be executed in this state.
	Time        : 13:14:23.02
	Command     : EXECUTE_ACTION
	Object      : Gesim.GsSubstHolder(SingleSubstrateHeater (Internal))
	Action      : Heating->Off

24.10.2023 14:03:08 - 41054 - NoHeadCreated
	Description : 
	Time        : 14:01:24.56
	ActionType  : Undefined
	MachineMode : Config
	MachineState: Active
	PLC Object  : UNDEFIEND
	PLC Action  : UNDEFIEND
	PLC AState  : 0

24.10.2023 14:03:26 - 41054 - NoHeadCreated
	Description : 
	Time        : 14:03:35.10
	ActionType  : Undefined
	MachineMode : Config
	MachineState: Active
	PLC Object  : UNDEFIEND
	PLC Action  : UNDEFIEND
	PLC AState  : 0

24.10.2023 14:04:32 - 41054 - NoHeadCreated
	Description : 
	Time        : 14:04:51.22
	ActionType  : Undefined
	MachineMode : Config
	MachineState: Active
	PLC Object  : UNDEFIEND
	PLC Action  : UNDEFIEND
	PLC AState  : 0

25.10.2023 07:39:50 - 41054 - NoHeadCreated
	Description : 
	Time        : 07:40:04.84
	ActionType  : Undefined
	MachineMode : Config
	MachineState: Active
	PLC Object  : UNDEFIEND
	PLC Action  : UNDEFIEND
	PLC AState  : 0

25.10.2023 08:32:36 - 41995 - InvalidToolConfig
	Description : 
	Time        : 08:32:59.87
	ActionType  : Undefined
	MachineMode : Config
	MachineState: Active
	PLC Object  : FB_MultiZRef
	PLC Action  : A_SetConfig
	PLC AState  : 0

25.10.2023 08:32:36 - 41995 - InvalidToolConfig
	Description : 
	Time        : 08:32:59.88
	ActionType  : Undefined
	MachineMode : Config
	MachineState: Active
	PLC Object  : FB_Configuration
	PLC Action  : A_Activate
	PLC AState  : 0

25.10.2023 08:32:41 - 41995 - InvalidToolConfig
	Description : 
	Time        : 08:33:04.45
	ActionType  : Undefined
	MachineMode : Config
	MachineState: Active
	PLC Object  : FB_MultiZRef
	PLC Action  : A_SetConfig
	PLC AState  : 0

25.10.2023 08:32:41 - 41995 - InvalidToolConfig
	Description : 
	Time        : 08:33:04.46
	ActionType  : Undefined
	MachineMode : Config
	MachineState: Active
	PLC Object  : FB_Configuration
	PLC Action  : A_Activate
	PLC AState  : 0

25.10.2023 08:35:54 - 41054 - NoHeadCreated
	Description : 
	Time        : 08:36:18.11
	ActionType  : Undefined
	MachineMode : Config
	MachineState: Active
	PLC Object  : UNDEFIEND
	PLC Action  : UNDEFIEND
	PLC AState  : 0

25.10.2023 08:48:32 - 41054 - NoHeadCreated
	Description : 
	Time        : 08:48:47.87
	ActionType  : Undefined
	MachineMode : Config
	MachineState: Active
	PLC Object  : UNDEFIEND
	PLC Action  : UNDEFIEND
	PLC AState  : 0

25.10.2023 09:20:56 - 41054 - NoHeadCreated
	Description : 
	Time        : 09:21:18.46
	ActionType  : Undefined
	MachineMode : Config
	MachineState: Active
	PLC Object  : UNDEFIEND
	PLC Action  : UNDEFIEND
	PLC AState  : 0

25.10.2023 09:51:28 - 41054 - NoHeadCreated
	Description : 
	Time        : 09:51:10.00
	ActionType  : Undefined
	MachineMode : Config
	MachineState: Active
	PLC Object  : UNDEFIEND
	PLC Action  : UNDEFIEND
	PLC AState  : 0

25.10.2023 11:28:50 - 41519 - Timeout
	Description : Internal error
	Time        : 11:29:13.52
	ActionType  : Rinse
	MachineMode : Manu
	MachineState: Active
	Object      : Gesim.GsWashStation(WashStation)
	PLC Object  : FB_WashStation
	PLC Action  : A_Rinse
	PLC AState  : 2

25.10.2023 12:35:09 - 41747 - Z-Sensor switch not found
	Description : Measurement: switching point not reached - Internal error (20)
	Time        : 12:35:33.05
	ActionType  : MoveZ
	MachineMode : Manu
	MachineState: Active
	Object      : Gesim.GsZSensor(ZSensor)
	PLC Object  : FB_MzTool
	PLC Action  : A_MoveZ
	PLC AState  : 0

25.10.2023 12:35:09 - 41747 - Z-Sensor switch not found
	Description : Measurement: switching point not reached - Internal error (20)
	Time        : 12:35:33.06
	ActionType  : CalibrateZSensor
	MachineMode : Manu
	MachineState: Active
	Object      : Gesim.GsZSensor(ZSensor)
	PLC Object  : FB_ComplexAction
	PLC Action  : A_CalibrateZSensor
	PLC AState  : 3

25.10.2023 12:43:27 - 41747 - Z-Sensor switch not found
	Description : Measurement: switching point not reached - Internal error (20)
	Time        : 12:43:50.92
	ActionType  : MoveZ
	MachineMode : Manu
	MachineState: Active
	Object      : Gesim.GsZSensor(ZSensor)
	PLC Object  : FB_MzTool
	PLC Action  : A_MoveZ
	PLC AState  : 0

25.10.2023 12:43:27 - 41747 - Z-Sensor switch not found
	Description : Measurement: switching point not reached - Internal error (20)
	Time        : 12:43:50.93
	ActionType  : CalibrateZSensor
	MachineMode : Manu
	MachineState: Active
	Object      : Gesim.GsZSensor(ZSensor)
	PLC Object  : FB_ComplexAction
	PLC Action  : A_CalibrateZSensor
	PLC AState  : 3

25.10.2023 12:44:20 - 41747 - Z-Sensor switch not found
	Description : Measurement: switching point not reached - Internal error (20)
	Time        : 12:44:43.41
	ActionType  : MoveZ
	MachineMode : Manu
	MachineState: Active
	Object      : Gesim.GsZSensor(ZSensor)
	PLC Object  : FB_MzTool
	PLC Action  : A_MoveZ
	PLC AState  : 0

25.10.2023 12:44:20 - 41747 - Z-Sensor switch not found
	Description : Measurement: switching point not reached - Internal error (20)
	Time        : 12:44:43.42
	ActionType  : CalibrateZSensor
	MachineMode : Manu
	MachineState: Active
	Object      : Gesim.GsZSensor(ZSensor)
	PLC Object  : FB_ComplexAction
	PLC Action  : A_CalibrateZSensor
	PLC AState  : 3

25.10.2023 12:58:26 - 41054 - NoHeadCreated
	Description : 
	Time        : 12:58:25.31
	ActionType  : Undefined
	MachineMode : Config
	MachineState: Active
	PLC Object  : UNDEFIEND
	PLC Action  : UNDEFIEND
	PLC AState  : 0

25.10.2023 12:58:37 - 41986 - TimeoutWaitTargetReached
	Description : Internal error
	Time        : 12:59:00.46
	ActionType  : InitDevices
	MachineMode : Init
	MachineState: Active
	Object      : Gesim.GsHead(Head)
	PLC Object  : FB_MzHead
	PLC Action  : A_Init
	PLC AState  : 2

25.10.2023 13:00:04 - 41054 - NoHeadCreated
	Description : 
	Time        : 13:00:07.28
	ActionType  : Undefined
	MachineMode : Config
	MachineState: Active
	PLC Object  : UNDEFIEND
	PLC Action  : UNDEFIEND
	PLC AState  : 0

25.10.2023 13:10:42 - 41054 - NoHeadCreated
	Description : 
	Time        : 13:10:54.30
	ActionType  : Undefined
	MachineMode : Config
	MachineState: Active
	PLC Object  : UNDEFIEND
	PLC Action  : UNDEFIEND
	PLC AState  : 0

25.10.2023 13:14:49 - 41511 - Z-Sensor not mounted
	Description : A measurement was attempted without mounted Z-Sensor.
	Time        : 13:14:49.93
	Command     : EXECUTE_ACTION
	Object      : Gesim.GsZSensor(ZSensor)
	Action      : Calibrate Z-Sensor

25.10.2023 13:15:35 - 41511 - Z-Sensor not mounted
	Description : A measurement was attempted without mounted Z-Sensor.
	Time        : 13:15:35.21
	Command     : EXECUTE_ACTION
	Object      : Gesim.GsZSensor(ZSensor)
	Action      : Calibrate Z-Sensor

25.10.2023 13:54:38 - 41054 - NoHeadCreated
	Description : 
	Time        : 13:54:23.33
	ActionType  : Undefined
	MachineMode : Config
	MachineState: Active
	PLC Object  : UNDEFIEND
	PLC Action  : UNDEFIEND
	PLC AState  : 0

25.10.2023 13:55:37 - 41503 - Configuration not activated
	Description : 
	Time        : 13:55:37.78
	Command     : CHANGE_MODE

25.10.2023 13:55:42 - 41995 - InvalidToolConfig
	Description : 
	Time        : 13:56:06.40
	ActionType  : Undefined
	MachineMode : Config
	MachineState: Active
	PLC Object  : FB_MultiZRef
	PLC Action  : A_SetConfig
	PLC AState  : 0

25.10.2023 13:55:43 - 41995 - InvalidToolConfig
	Description : 
	Time        : 13:56:06.41
	ActionType  : Undefined
	MachineMode : Config
	MachineState: Active
	PLC Object  : FB_Configuration
	PLC Action  : A_Activate
	PLC AState  : 0

25.10.2023 13:55:47 - 41995 - InvalidToolConfig
	Description : 
	Time        : 13:56:10.91
	ActionType  : Undefined
	MachineMode : Config
	MachineState: Active
	PLC Object  : FB_MultiZRef
	PLC Action  : A_SetConfig
	PLC AState  : 0

25.10.2023 13:55:47 - 41995 - InvalidToolConfig
	Description : 
	Time        : 13:56:10.92
	ActionType  : Undefined
	MachineMode : Config
	MachineState: Active
	PLC Object  : FB_Configuration
	PLC Action  : A_Activate
	PLC AState  : 0

25.10.2023 13:57:17 - 41995 - InvalidToolConfig
	Description : 
	Time        : 13:56:10.92
	ActionType  : Undefined
	MachineMode : Config
	MachineState: Active
	PLC Object  : FB_Configuration
	PLC Action  : A_Activate
	PLC AState  : 0

25.10.2023 13:58:46 - 41747 - Z-Sensor switch not found
	Description : Measurement: switching point not reached - Internal error (20)
	Time        : 13:59:10.00
	ActionType  : MoveZ
	MachineMode : Manu
	MachineState: Active
	Object      : Gesim.GsZSensor(ZSensor)
	PLC Object  : FB_MzTool
	PLC Action  : A_MoveZ
	PLC AState  : 0

25.10.2023 13:58:46 - 41747 - Z-Sensor switch not found
	Description : Measurement: switching point not reached - Internal error (20)
	Time        : 13:59:10.01
	ActionType  : Measure
	MachineMode : Manu
	MachineState: Active
	Object      : Gesim.GsZSensor(ZSensor)
	PLC Object  : FB_ComplexAction
	PLC Action  : A_MeasureTarget
	PLC AState  : 4

25.10.2023 14:01:43 - 41570 - Risk of crash: Jog
	Description : Can not jog fast in this area.
	Time        : 14:01:43.75
	Command     : EXECUTE_ACTION
	Object      : Gesim.GsZSensor(ZSensor)
	Action      : Jog

25.10.2023 14:04:15 - 41567 - Target position out of range - Y
	Description : Tool cannot move to target.
	Time        : 14:04:39.21
	ActionType  : Measure
	MachineMode : Manu
	MachineState: Active
	Object      : Gesim.GsZSensor(ZSensor)
	PLC Object  : FB_ComplexAction
	PLC Action  : A_MeasureTarget
	PLC AState  : 1

25.10.2023 14:13:58 - 41054 - NoHeadCreated
	Description : 
	Time        : 14:14:21.48
	ActionType  : Undefined
	MachineMode : Config
	MachineState: Active
	PLC Object  : UNDEFIEND
	PLC Action  : UNDEFIEND
	PLC AState  : 0

25.10.2023 14:16:39 - 41054 - NoHeadCreated
	Description : 
	Time        : 14:16:17.38
	ActionType  : Undefined
	MachineMode : Config
	MachineState: Active
	PLC Object  : UNDEFIEND
	PLC Action  : UNDEFIEND
	PLC AState  : 0

25.10.2023 14:19:09 - 41054 - NoHeadCreated
	Description : 
	Time        : 14:19:31.50
	ActionType  : Undefined
	MachineMode : Config
	MachineState: Active
	PLC Object  : UNDEFIEND
	PLC Action  : UNDEFIEND
	PLC AState  : 0

25.10.2023 14:32:32 - 41473 - Invalid mode
	Description : Command cannot be executed in this mode.
	Time        : 14:32:32.27
	Command     : EXECUTE_ACTION
	Object      : Gesim.GsHead(Head)
	Action      : Jog

25.10.2023 14:32:36 - 41473 - Invalid mode
	Description : Command cannot be executed in this mode.
	Time        : 14:32:36.99
	Command     : EXECUTE_ACTION
	Object      : Gesim.GsHead(Head)
	Action      : Jog

25.10.2023 14:32:38 - 41473 - Invalid mode
	Description : Command cannot be executed in this mode.
	Time        : 14:32:38.97
	Command     : EXECUTE_ACTION
	Object      : Gesim.GsHead(Head)
	Action      : Jog

25.10.2023 14:32:42 - 41473 - Invalid mode
	Description : Command cannot be executed in this mode.
	Time        : 14:32:42.35
	Command     : EXECUTE_ACTION
	Object      : Gesim.GsHead(Head)
	Action      : Jog

25.10.2023 14:32:44 - 41473 - Invalid mode
	Description : Command cannot be executed in this mode.
	Time        : 14:32:44.13
	Command     : EXECUTE_ACTION
	Object      : Gesim.GsHead(Head)
	Action      : Jog

26.10.2023 07:34:13 - 41054 - NoHeadCreated
	Description : 
	Time        : 07:32:13.58
	ActionType  : Undefined
	MachineMode : Config
	MachineState: Active
	PLC Object  : UNDEFIEND
	PLC Action  : UNDEFIEND
	PLC AState  : 0

26.10.2023 08:21:37 - 41054 - NoHeadCreated
	Description : 
	Time        : 08:21:49.38
	ActionType  : Undefined
	MachineMode : Config
	MachineState: Active
	PLC Object  : UNDEFIEND
	PLC Action  : UNDEFIEND
	PLC AState  : 0

26.10.2023 08:49:30 - 41054 - NoHeadCreated
	Description : 
	Time        : 08:49:51.30
	ActionType  : Undefined
	MachineMode : Config
	MachineState: Active
	PLC Object  : UNDEFIEND
	PLC Action  : UNDEFIEND
	PLC AState  : 0

26.10.2023 08:56:55 - 41054 - NoHeadCreated
	Description : 
	Time        : 08:57:04.69
	ActionType  : Undefined
	MachineMode : Config
	MachineState: Active
	PLC Object  : UNDEFIEND
	PLC Action  : UNDEFIEND
	PLC AState  : 0

26.10.2023 08:56:59 - 41995 - InvalidToolConfig
	Description : 
	Time        : 08:57:23.24
	ActionType  : Undefined
	MachineMode : Config
	MachineState: Active
	PLC Object  : FB_MultiZRef
	PLC Action  : A_SetConfig
	PLC AState  : 0

26.10.2023 08:56:59 - 41995 - InvalidToolConfig
	Description : 
	Time        : 08:57:23.25
	ActionType  : Undefined
	MachineMode : Config
	MachineState: Active
	PLC Object  : FB_Configuration
	PLC Action  : A_Activate
	PLC AState  : 0

26.10.2023 08:57:02 - 41995 - InvalidToolConfig
	Description : 
	Time        : 08:57:26.54
	ActionType  : Undefined
	MachineMode : Config
	MachineState: Active
	PLC Object  : FB_MultiZRef
	PLC Action  : A_SetConfig
	PLC AState  : 0

26.10.2023 08:57:02 - 41995 - InvalidToolConfig
	Description : 
	Time        : 08:57:26.55
	ActionType  : Undefined
	MachineMode : Config
	MachineState: Active
	PLC Object  : FB_Configuration
	PLC Action  : A_Activate
	PLC AState  : 0

26.10.2023 08:57:18 - 41054 - NoHeadCreated
	Description : 
	Time        : 08:57:42.04
	ActionType  : Undefined
	MachineMode : Config
	MachineState: Active
	PLC Object  : UNDEFIEND
	PLC Action  : UNDEFIEND
	PLC AState  : 0

26.10.2023 09:53:49 - 41054 - NoHeadCreated
	Description : 
	Time        : 09:53:57.31
	ActionType  : Undefined
	MachineMode : Config
	MachineState: Active
	PLC Object  : UNDEFIEND
	PLC Action  : UNDEFIEND
	PLC AState  : 0

26.10.2023 11:10:48 - 41054 - NoHeadCreated
	Description : 
	Time        : 11:08:07.14
	ActionType  : Undefined
	MachineMode : Config
	MachineState: Active
	PLC Object  : UNDEFIEND
	PLC Action  : UNDEFIEND
	PLC AState  : 0

26.10.2023 11:11:23 - 41587 - HighVoltSupplyOff
	Description : High voltage supply not available or not switched on
	Time        : 11:11:23.06
	Command     : EXECUTE_ACTION
	Object      : Gesim.GsHighVoltTray(HighVoltTray)
	Action      : Switch Voltage

26.10.2023 11:11:29 - 41587 - HighVoltSupplyOff
	Description : High voltage supply not available or not switched on
	Time        : 11:11:29.13
	Command     : EXECUTE_ACTION
	Object      : Gesim.GsHighVoltTray(HighVoltTray)
	Action      : Switch Voltage

26.10.2023 11:26:16 - 41054 - NoHeadCreated
	Description : 
	Time        : 11:26:35.87
	ActionType  : Undefined
	MachineMode : Config
	MachineState: Active
	PLC Object  : UNDEFIEND
	PLC Action  : UNDEFIEND
	PLC AState  : 0

26.10.2023 11:27:00 - 41587 - HighVoltSupplyOff
	Description : High voltage supply not available or not switched on
	Time        : 11:27:00.87
	Command     : EXECUTE_ACTION
	Object      : Gesim.GsHighVoltTray(HighVoltTray)
	Action      : Switch Voltage

26.10.2023 11:36:12 - 41054 - NoHeadCreated
	Description : 
	Time        : 11:36:28.49
	ActionType  : Undefined
	MachineMode : Config
	MachineState: Active
	PLC Object  : UNDEFIEND
	PLC Action  : UNDEFIEND
	PLC AState  : 0

26.10.2023 11:45:41 - 41054 - NoHeadCreated
	Description : 
	Time        : 11:46:03.36
	ActionType  : Undefined
	MachineMode : Config
	MachineState: Active
	PLC Object  : UNDEFIEND
	PLC Action  : UNDEFIEND
	PLC AState  : 0

26.10.2023 11:46:15 - 41587 - HighVoltSupplyOff
	Description : High voltage supply not available or not switched on
	Time        : 11:46:15.24
	Command     : EXECUTE_ACTION
	Object      : Gesim.GsHighVoltTray(HighVoltTray)
	Action      : Switch Voltage

26.10.2023 11:46:24 - 41587 - HighVoltSupplyOff
	Description : High voltage supply not available or not switched on
	Time        : 11:46:24.32
	Command     : EXECUTE_ACTION
	Object      : Gesim.GsHighVoltTray(HighVoltTray)
	Action      : Switch Voltage

26.10.2023 12:05:31 - 41054 - NoHeadCreated
	Description : 
	Time        : 12:05:50.96
	ActionType  : Undefined
	MachineMode : Config
	MachineState: Active
	PLC Object  : UNDEFIEND
	PLC Action  : UNDEFIEND
	PLC AState  : 0

26.10.2023 12:05:59 - 41587 - HighVoltSupplyOff
	Description : High voltage supply not available or not switched on
	Time        : 12:05:59.34
	Command     : EXECUTE_ACTION
	Object      : Gesim.GsHighVoltTray(HighVoltTray)
	Action      : Switch Voltage

26.10.2023 12:06:09 - 41587 - HighVoltSupplyOff
	Description : High voltage supply not available or not switched on
	Time        : 12:06:09.97
	Command     : EXECUTE_ACTION
	Object      : Gesim.GsHighVoltTray(HighVoltTray)
	Action      : Switch Voltage

26.10.2023 12:33:56 - 41054 - NoHeadCreated
	Description : 
	Time        : 12:34:15.78
	ActionType  : Undefined
	MachineMode : Config
	MachineState: Active
	PLC Object  : UNDEFIEND
	PLC Action  : UNDEFIEND
	PLC AState  : 0

26.10.2023 12:34:14 - 41587 - HighVoltSupplyOff
	Description : High voltage supply not available or not switched on
	Time        : 12:34:14.36
	Command     : EXECUTE_ACTION
	Object      : Gesim.GsHighVoltTray(HighVoltTray)
	Action      : Switch Voltage

26.10.2023 12:34:18 - 41587 - HighVoltSupplyOff
	Description : High voltage supply not available or not switched on
	Time        : 12:34:18.90
	Command     : EXECUTE_ACTION
	Object      : Gesim.GsHighVoltTray(HighVoltTray)
	Action      : Switch Voltage

26.10.2023 12:34:33 - 41587 - HighVoltSupplyOff
	Description : High voltage supply not available or not switched on
	Time        : 12:34:33.55
	Command     : EXECUTE_ACTION
	Object      : Gesim.GsHighVoltTray(HighVoltTray)
	Action      : Switch Voltage

26.10.2023 13:14:09 - 41054 - NoHeadCreated
	Description : 
	Time        : 13:14:29.33
	ActionType  : Undefined
	MachineMode : Config
	MachineState: Active
	PLC Object  : UNDEFIEND
	PLC Action  : UNDEFIEND
	PLC AState  : 0

26.10.2023 13:34:54 - 41519 - Timeout
	Description : Internal error
	Time        : 13:35:18.53
	ActionType  : Undefined
	MachineMode : Manu
	MachineState: Idle
	PLC Object  : FB_Safety
	PLC Action  : A_Unlock
	PLC AState  : 6

26.10.2023 13:35:24 - 41519 - Timeout
	Description : Internal error
	Time        : 13:35:49.24
	ActionType  : Undefined
	MachineMode : Config
	MachineState: Idle
	PLC Object  : FB_Safety
	PLC Action  : A_Unlock
	PLC AState  : 6

26.10.2023 15:01:08 - 41054 - NoHeadCreated
	Description : 
	Time        : 15:01:10.34
	ActionType  : Undefined
	MachineMode : Config
	MachineState: Active
	PLC Object  : UNDEFIEND
	PLC Action  : UNDEFIEND
	PLC AState  : 0

26.10.2023 15:09:57 - 41054 - NoHeadCreated
	Description : 
	Time        : 15:06:48.91
	ActionType  : Undefined
	MachineMode : Config
	MachineState: Active
	PLC Object  : UNDEFIEND
	PLC Action  : UNDEFIEND
	PLC AState  : 0

26.10.2023 15:17:37 - 41054 - NoHeadCreated
	Description : 
	Time        : 15:17:50.29
	ActionType  : Undefined
	MachineMode : Config
	MachineState: Active
	PLC Object  : UNDEFIEND
	PLC Action  : UNDEFIEND
	PLC AState  : 0

27.10.2023 07:25:07 - 41054 - NoHeadCreated
	Description : 
	Time        : 07:24:10.30
	ActionType  : Undefined
	MachineMode : Config
	MachineState: Active
	PLC Object  : UNDEFIEND
	PLC Action  : UNDEFIEND
	PLC AState  : 0

27.10.2023 08:00:22 - 41054 - NoHeadCreated
	Description : 
	Time        : 07:59:01.78
	ActionType  : Undefined
	MachineMode : Config
	MachineState: Active
	PLC Object  : UNDEFIEND
	PLC Action  : UNDEFIEND
	PLC AState  : 0

27.10.2023 08:31:32 - 41054 - NoHeadCreated
	Description : 
	Time        : 08:31:30.32
	ActionType  : Undefined
	MachineMode : Config
	MachineState: Active
	PLC Object  : UNDEFIEND
	PLC Action  : UNDEFIEND
	PLC AState  : 0

27.10.2023 08:46:09 - 41054 - NoHeadCreated
	Description : 
	Time        : 08:46:32.18
	ActionType  : Undefined
	MachineMode : Config
	MachineState: Active
	PLC Object  : UNDEFIEND
	PLC Action  : UNDEFIEND
	PLC AState  : 0

27.10.2023 08:49:25 - 41054 - NoHeadCreated
	Description : 
	Time        : 08:49:18.30
	ActionType  : Undefined
	MachineMode : Config
	MachineState: Active
	PLC Object  : UNDEFIEND
	PLC Action  : UNDEFIEND
	PLC AState  : 0

27.10.2023 08:51:41 - 50007 - Invalid configuration
	Description : A valid configuration has to include at least a head and workplate.
	Time        : 08:51:41.67

27.10.2023 09:40:06 - 41525 - System fluid bottle empty
	Description : 
	Time        : 09:40:31.25
	ActionType  : Undefined
	MachineMode : Manu
	MachineState: Idle
	PLC Object  : FB_DeviceBase
	PLC Action  : UNDEFIEND
	PLC AState  : 0

27.10.2023 09:56:29 - 41527 - Timeout while filling PCV
	Description : A timeout occurred while filling the pressure compensation vessel.
	Time        : 09:56:53.79
	ActionType  : Undefined
	MachineMode : Manu
	MachineState: Idle
	PLC Object  : FB_DeviceBase
	PLC Action  : UNDEFIEND
	PLC AState  : 0

27.10.2023 10:06:39 - 41525 - System fluid bottle empty
	Description : 
	Time        : 10:07:03.81
	ActionType  : Undefined
	MachineMode : Manu
	MachineState: Idle
	PLC Object  : FB_DeviceBase
	PLC Action  : UNDEFIEND
	PLC AState  : 0

27.10.2023 10:10:39 - 41527 - Timeout while filling PCV
	Description : A timeout occurred while filling the pressure compensation vessel.
	Time        : 10:11:04.07
	ActionType  : Undefined
	MachineMode : Manu
	MachineState: Idle
	PLC Object  : FB_DeviceBase
	PLC Action  : UNDEFIEND
	PLC AState  : 0

27.10.2023 10:57:30 - 41054 - NoHeadCreated
	Description : 
	Time        : 10:57:53.80
	ActionType  : Undefined
	MachineMode : Config
	MachineState: Active
	PLC Object  : UNDEFIEND
	PLC Action  : UNDEFIEND
	PLC AState  : 0

27.10.2023 10:58:45 - 41054 - NoHeadCreated
	Description : 
	Time        : 10:59:07.67
	ActionType  : Undefined
	MachineMode : Config
	MachineState: Active
	PLC Object  : UNDEFIEND
	PLC Action  : UNDEFIEND
	PLC AState  : 0

27.10.2023 10:59:59 - 41525 - System fluid bottle empty
	Description : 
	Time        : 11:00:24.44
	ActionType  : Undefined
	MachineMode : Manu
	MachineState: Idle
	PLC Object  : FB_DeviceBase
	PLC Action  : UNDEFIEND
	PLC AState  : 0

27.10.2023 11:00:09 - 41525 - System fluid bottle empty
	Description : 
	Time        : 11:00:35.07
	ActionType  : Undefined
	MachineMode : Manu
	MachineState: Idle
	PLC Object  : FB_DeviceBase
	PLC Action  : UNDEFIEND
	PLC AState  : 0

27.10.2023 11:00:11 - 41525 - System fluid bottle empty
	Description : 
	Time        : 11:00:36.89
	ActionType  : Undefined
	MachineMode : Manu
	MachineState: Idle
	PLC Object  : FB_DeviceBase
	PLC Action  : UNDEFIEND
	PLC AState  : 0

27.10.2023 11:00:12 - 41525 - System fluid bottle empty
	Description : 
	Time        : 11:00:37.82
	ActionType  : Undefined
	MachineMode : Manu
	MachineState: Idle
	PLC Object  : FB_DeviceBase
	PLC Action  : UNDEFIEND
	PLC AState  : 0

27.10.2023 11:00:15 - 41525 - System fluid bottle empty
	Description : 
	Time        : 11:00:40.65
	ActionType  : Undefined
	MachineMode : Manu
	MachineState: Idle
	PLC Object  : FB_DeviceBase
	PLC Action  : UNDEFIEND
	PLC AState  : 0

27.10.2023 11:01:18 - 41527 - Timeout while filling PCV
	Description : A timeout occurred while filling the pressure compensation vessel.
	Time        : 11:01:43.25
	ActionType  : Undefined
	MachineMode : Manu
	MachineState: Idle
	PLC Object  : FB_DeviceBase
	PLC Action  : UNDEFIEND
	PLC AState  : 0

27.10.2023 11:01:48 - 41525 - System fluid bottle empty
	Description : 
	Time        : 11:02:13.77
	ActionType  : Undefined
	MachineMode : Manu
	MachineState: Idle
	PLC Object  : FB_DeviceBase
	PLC Action  : UNDEFIEND
	PLC AState  : 0

27.10.2023 11:02:52 - 41527 - Timeout while filling PCV
	Description : A timeout occurred while filling the pressure compensation vessel.
	Time        : 11:03:18.18
	ActionType  : Undefined
	MachineMode : Manu
	MachineState: Idle
	PLC Object  : FB_DeviceBase
	PLC Action  : UNDEFIEND
	PLC AState  : 0

27.10.2023 11:04:01 - 41525 - System fluid bottle empty
	Description : 
	Time        : 11:04:26.84
	ActionType  : Undefined
	MachineMode : Manu
	MachineState: Idle
	PLC Object  : FB_DeviceBase
	PLC Action  : UNDEFIEND
	PLC AState  : 0

27.10.2023 11:04:05 - 41525 - System fluid bottle empty
	Description : 
	Time        : 11:04:30.37
	ActionType  : Undefined
	MachineMode : Manu
	MachineState: Idle
	PLC Object  : FB_DeviceBase
	PLC Action  : UNDEFIEND
	PLC AState  : 0

27.10.2023 11:04:05 - 41525 - System fluid bottle empty
	Description : 
	Time        : 11:04:31.10
	ActionType  : Undefined
	MachineMode : Manu
	MachineState: Idle
	PLC Object  : FB_DeviceBase
	PLC Action  : UNDEFIEND
	PLC AState  : 0

27.10.2023 11:04:06 - 41525 - System fluid bottle empty
	Description : 
	Time        : 11:04:31.74
	ActionType  : Undefined
	MachineMode : Manu
	MachineState: Idle
	PLC Object  : FB_DeviceBase
	PLC Action  : UNDEFIEND
	PLC AState  : 0

27.10.2023 11:05:09 - 41527 - Timeout while filling PCV
	Description : A timeout occurred while filling the pressure compensation vessel.
	Time        : 11:05:34.42
	ActionType  : Undefined
	MachineMode : Manu
	MachineState: Idle
	PLC Object  : FB_DeviceBase
	PLC Action  : UNDEFIEND
	PLC AState  : 0

27.10.2023 11:07:04 - 41527 - Timeout while filling PCV
	Description : A timeout occurred while filling the pressure compensation vessel.
	Time        : 11:07:29.96
	ActionType  : Undefined
	MachineMode : Manu
	MachineState: Idle
	PLC Object  : FB_DeviceBase
	PLC Action  : UNDEFIEND
	PLC AState  : 0

27.10.2023 11:33:11 - 41054 - NoHeadCreated
	Description : 
	Time        : 11:33:32.07
	ActionType  : Undefined
	MachineMode : Config
	MachineState: Active
	PLC Object  : UNDEFIEND
	PLC Action  : UNDEFIEND
	PLC AState  : 0

27.10.2023 12:05:38 - 41054 - NoHeadCreated
	Description : 
	Time        : 12:05:10.79
	ActionType  : Undefined
	MachineMode : Config
	MachineState: Active
	PLC Object  : UNDEFIEND
	PLC Action  : UNDEFIEND
	PLC AState  : 0

27.10.2023 12:23:33 - 41054 - NoHeadCreated
	Description : 
	Time        : 12:23:42.46
	ActionType  : Undefined
	MachineMode : Config
	MachineState: Active
	PLC Object  : UNDEFIEND
	PLC Action  : UNDEFIEND
	PLC AState  : 0

27.10.2023 12:47:49 - 41054 - NoHeadCreated
	Description : 
	Time        : 12:40:04.66
	ActionType  : Undefined
	MachineMode : Config
	MachineState: Active
	PLC Object  : UNDEFIEND
	PLC Action  : UNDEFIEND
	PLC AState  : 0

27.10.2023 13:11:37 - 41054 - NoHeadCreated
	Description : 
	Time        : 12:55:07.61
	ActionType  : Undefined
	MachineMode : Config
	MachineState: Active
	PLC Object  : UNDEFIEND
	PLC Action  : UNDEFIEND
	PLC AState  : 0

27.10.2023 13:36:36 - 41568 - Target position out of range - Z
	Description : Tool cannot move to target.
	Time        : 13:37:00.82
	ActionType  : CalibrateZSensor
	MachineMode : Manu
	MachineState: Active
	Object      : Gesim.GsZSensor(ZSensor)
	PLC Object  : FB_ComplexAction
	PLC Action  : A_CalibrateZSensor
	PLC AState  : 1

27.10.2023 13:40:14 - 41502 - Pipet move with Z-Sensor
	Description : The pipet cannot move with Z-Sensor mounted.
	Time        : 13:40:39.53
	ActionType  : MoveToTarget
	MachineMode : Manu
	MachineState: Active
	Object      : Gesim.GsZSensor(ZSensor)
	PLC Object  : FB_ComplexAction
	PLC Action  : A_MoveToTarget
	PLC AState  : 0

27.10.2023 14:33:15 - 41502 - Pipet move with Z-Sensor
	Description : The pipet cannot move with Z-Sensor mounted.
	Time        : 14:33:40.40
	ActionType  : WashTool
	MachineMode : Manu
	MachineState: Active
	Object      : Gesim.GsZSensor(ZSensor)
	PLC Object  : FB_ComplexAction
	PLC Action  : A_WashTool
	PLC AState  : 1

27.10.2023 14:34:53 - 41527 - Timeout while filling PCV
	Description : A timeout occurred while filling the pressure compensation vessel.
	Time        : 14:35:18.34
	ActionType  : Undefined
	MachineMode : Manu
	MachineState: Idle
	PLC Object  : FB_DeviceBase
	PLC Action  : UNDEFIEND
	PLC AState  : 0

27.10.2023 14:40:33 - 41502 - Pipet move with Z-Sensor
	Description : The pipet cannot move with Z-Sensor mounted.
	Time        : 14:40:57.63
	ActionType  : ActionOnArray
	MachineMode : Manu
	MachineState: Active
	Object      : Gesim.GsPiezoPip(PiezoPipette Nano (Heatable))
	PLC Object  : FB_ComplexAction
	PLC Action  : A_ActionOnArray
	PLC AState  : 1

27.10.2023 14:40:46 - 41502 - Pipet move with Z-Sensor
	Description : The pipet cannot move with Z-Sensor mounted.
	Time        : 14:41:11.53
	ActionType  : Measure
	MachineMode : Manu
	MachineState: Active
	Object      : Gesim.GsPiezoPip(PiezoPipette Nano (Heatable))
	PLC Object  : FB_ComplexAction
	PLC Action  : A_MeasureTool
	PLC AState  : 2

27.10.2023 14:40:50 - 41567 - Target position out of range - Y
	Description : Tool cannot move to target.
	Time        : 14:41:15.58
	ActionType  : GetPipSample
	MachineMode : Manu
	MachineState: Active
	Object      : Gesim.GsPiezoPip(PiezoPipette Nano (Heatable))
	PLC Object  : FB_ComplexAction
	PLC Action  : A_GetPipSample
	PLC AState  : 0

27.10.2023 14:41:27 - 41567 - Target position out of range - Y
	Description : Tool cannot move to target.
	Time        : 14:41:51.81
	ActionType  : GetPipSample
	MachineMode : Manu
	MachineState: Active
	Object      : Gesim.GsPiezoPip(PiezoPipette Nano (Heatable))
	PLC Object  : FB_ComplexAction
	PLC Action  : A_GetPipSample
	PLC AState  : 0

27.10.2023 14:41:37 - 41525 - System fluid bottle empty
	Description : 
	Time        : 14:42:02.24
	ActionType  : GetPipSample
	MachineMode : Manu
	MachineState: Active
	Object      : Gesim.GsPiezoPip(PiezoPipette Nano (Heatable))
	PLC Object  : FB_ComplexAction
	PLC Action  : A_GetPipSample
	PLC AState  : 6

27.10.2023 14:42:17 - 41567 - Target position out of range - Y
	Description : Tool cannot move to target.
	Time        : 14:42:41.88
	ActionType  : GetPipSample
	MachineMode : Manu
	MachineState: Active
	Object      : Gesim.GsPiezoPip(PiezoPipette Nano (Heatable))
	PLC Object  : FB_ComplexAction
	PLC Action  : A_GetPipSample
	PLC AState  : 0

27.10.2023 14:48:14 - 16660 - GCode-File too big
	Description : 
	Time        : 14:48:38.97
	ActionType  : Undefined
	MachineMode : Manu
	MachineState: Active
	PLC Object  : GCode
	PLC Action  : A_Load
	PLC AState  : 2

30.10.2023 06:26:56 - 41054 - NoHeadCreated
	Description : 
	Time        : 06:25:11.92
	ActionType  : Undefined
	MachineMode : Config
	MachineState: Active
	PLC Object  : UNDEFIEND
	PLC Action  : UNDEFIEND
	PLC AState  : 0

30.10.2023 09:30:14 - 41054 - NoHeadCreated
	Description : 
	Time        : 09:30:22.68
	ActionType  : Undefined
	MachineMode : Config
	MachineState: Active
	PLC Object  : UNDEFIEND
	PLC Action  : UNDEFIEND
	PLC AState  : 0

30.10.2023 09:52:58 - 41525 - System fluid bottle empty
	Description : 
	Time        : 09:52:58.63
	Command     : EXECUTE_ACTION
	Object      : Gesim.GsPiezoPip(PiezoPipette Nano (Heatable))
	Action      : Wash->Washpoint 1->WashOutside->1 s

30.10.2023 10:00:57 - 41054 - NoHeadCreated
	Description : 
	Time        : 10:01:19.15
	ActionType  : Undefined
	MachineMode : Config
	MachineState: Active
	PLC Object  : UNDEFIEND
	PLC Action  : UNDEFIEND
	PLC AState  : 0

30.10.2023 10:03:57 - 41054 - NoHeadCreated
	Description : 
	Time        : 10:04:04.66
	ActionType  : Undefined
	MachineMode : Config
	MachineState: Active
	PLC Object  : UNDEFIEND
	PLC Action  : UNDEFIEND
	PLC AState  : 0

30.10.2023 10:45:23 - 41054 - NoHeadCreated
	Description : 
	Time        : 10:45:09.87
	ActionType  : Undefined
	MachineMode : Config
	MachineState: Active
	PLC Object  : UNDEFIEND
	PLC Action  : UNDEFIEND
	PLC AState  : 0

30.10.2023 10:50:15 - 41054 - NoHeadCreated
	Description : 
	Time        : 10:50:09.43
	ActionType  : Undefined
	MachineMode : Config
	MachineState: Active
	PLC Object  : UNDEFIEND
	PLC Action  : UNDEFIEND
	PLC AState  : 0

30.10.2023 11:22:22 - 41054 - NoHeadCreated
	Description : 
	Time        : 11:21:10.53
	ActionType  : Undefined
	MachineMode : Config
	MachineState: Active
	PLC Object  : UNDEFIEND
	PLC Action  : UNDEFIEND
	PLC AState  : 0

30.10.2023 11:34:37 - 41597 - Device is not locked
	Description : 
	Time        : 11:34:37.59
	Command     : EXECUTE_ACTION
	Object      : Gesim.GsExtruder(SyringeExtruder)
	Action      : Extrude->Extruder On

30.10.2023 11:36:01 - 41597 - Device is not locked
	Description : 
	Time        : 11:36:01.29
	Command     : EXECUTE_ACTION
	Object      : Gesim.GsExtruder(SyringeExtruder)
	Action      : Extrude->Extruder On->30000 µm

30.10.2023 12:00:32 - 41054 - NoHeadCreated
	Description : 
	Time        : 11:59:41.23
	ActionType  : Undefined
	MachineMode : Config
	MachineState: Active
	PLC Object  : UNDEFIEND
	PLC Action  : UNDEFIEND
	PLC AState  : 0

30.10.2023 12:07:52 - 41054 - NoHeadCreated
	Description : 
	Time        : 12:07:47.43
	ActionType  : Undefined
	MachineMode : Config
	MachineState: Active
	PLC Object  : UNDEFIEND
	PLC Action  : UNDEFIEND
	PLC AState  : 0

30.10.2023 12:10:32 - 41988 - AxisNotHomed
	Description : 
	Time        : 12:10:32.98
	Command     : EXECUTE_ACTION
	Object      : Gesim.GsExtruder(SyringeExtruder)
	Action      : Jog

30.10.2023 12:10:32 - 41988 - AxisNotHomed
	Description : 
	Time        : 12:10:32.99
	Command     : EXECUTE_ACTION
	Object      : Gesim.GsExtruder(SyringeExtruder)
	Action      : Jog

30.10.2023 12:51:38 - 41054 - NoHeadCreated
	Description : 
	Time        : 12:17:46.95
	ActionType  : Undefined
	MachineMode : Config
	MachineState: Active
	PLC Object  : UNDEFIEND
	PLC Action  : UNDEFIEND
	PLC AState  : 0

30.10.2023 12:56:40 - 41995 - InvalidToolConfig
	Description : 
	Time        : 12:56:39.88
	ActionType  : Undefined
	MachineMode : Config
	MachineState: Active
	PLC Object  : FB_MultiZRef
	PLC Action  : A_SetConfig
	PLC AState  : 0

30.10.2023 12:56:40 - 41995 - InvalidToolConfig
	Description : 
	Time        : 12:56:39.89
	ActionType  : Undefined
	MachineMode : Config
	MachineState: Active
	PLC Object  : FB_Configuration
	PLC Action  : A_Activate
	PLC AState  : 0

30.10.2023 12:56:45 - 41995 - InvalidToolConfig
	Description : 
	Time        : 12:56:44.10
	ActionType  : Undefined
	MachineMode : Config
	MachineState: Active
	PLC Object  : FB_MultiZRef
	PLC Action  : A_SetConfig
	PLC AState  : 0

30.10.2023 12:56:45 - 41995 - InvalidToolConfig
	Description : 
	Time        : 12:56:44.11
	ActionType  : Undefined
	MachineMode : Config
	MachineState: Active
	PLC Object  : FB_Configuration
	PLC Action  : A_Activate
	PLC AState  : 0

30.10.2023 13:06:59 - 41054 - NoHeadCreated
	Description : 
	Time        : 13:06:27.95
	ActionType  : Undefined
	MachineMode : Config
	MachineState: Active
	PLC Object  : UNDEFIEND
	PLC Action  : UNDEFIEND
	PLC AState  : 0

30.10.2023 13:35:41 - 41054 - NoHeadCreated
	Description : 
	Time        : 13:35:31.78
	ActionType  : Undefined
	MachineMode : Config
	MachineState: Active
	PLC Object  : UNDEFIEND
	PLC Action  : UNDEFIEND
	PLC AState  : 0

30.10.2023 13:35:48 - 41054 - NoHeadCreated
	Description : 
	Time        : 13:35:31.78
	ActionType  : Undefined
	MachineMode : Config
	MachineState: Active
	PLC Object  : UNDEFIEND
	PLC Action  : UNDEFIEND
	PLC AState  : 0

30.10.2023 13:59:06 - 41054 - NoHeadCreated
	Description : 
	Time        : 13:56:36.57
	ActionType  : Undefined
	MachineMode : Config
	MachineState: Active
	PLC Object  : UNDEFIEND
	PLC Action  : UNDEFIEND
	PLC AState  : 0

30.10.2023 14:00:43 - 41054 - NoHeadCreated
	Description : 
	Time        : 14:00:35.09
	ActionType  : Undefined
	MachineMode : Config
	MachineState: Active
	PLC Object  : UNDEFIEND
	PLC Action  : UNDEFIEND
	PLC AState  : 0

30.10.2023 14:11:12 - 41054 - NoHeadCreated
	Description : 
	Time        : 14:10:22.18
	ActionType  : Undefined
	MachineMode : Config
	MachineState: Active
	PLC Object  : UNDEFIEND
	PLC Action  : UNDEFIEND
	PLC AState  : 0

30.10.2023 14:25:50 - 41054 - NoHeadCreated
	Description : 
	Time        : 14:25:40.95
	ActionType  : Undefined
	MachineMode : Config
	MachineState: Active
	PLC Object  : UNDEFIEND
	PLC Action  : UNDEFIEND
	PLC AState  : 0

30.10.2023 14:27:09 - 41054 - NoHeadCreated
	Description : 
	Time        : 14:27:01.47
	ActionType  : Undefined
	MachineMode : Config
	MachineState: Active
	PLC Object  : UNDEFIEND
	PLC Action  : UNDEFIEND
	PLC AState  : 0

30.10.2023 14:28:00 - 41054 - NoHeadCreated
	Description : 
	Time        : 14:27:49.62
	ActionType  : Undefined
	MachineMode : Config
	MachineState: Active
	PLC Object  : UNDEFIEND
	PLC Action  : UNDEFIEND
	PLC AState  : 0

30.10.2023 14:37:16 - 41054 - NoHeadCreated
	Description : 
	Time        : 14:36:06.02
	ActionType  : Undefined
	MachineMode : Config
	MachineState: Active
	PLC Object  : UNDEFIEND
	PLC Action  : UNDEFIEND
	PLC AState  : 0

30.10.2023 14:50:00 - 41054 - NoHeadCreated
	Description : 
	Time        : 14:49:04.98
	ActionType  : Undefined
	MachineMode : Config
	MachineState: Active
	PLC Object  : UNDEFIEND
	PLC Action  : UNDEFIEND
	PLC AState  : 0

30.10.2023 14:51:26 - 41054 - NoHeadCreated
	Description : 
	Time        : 14:51:12.90
	ActionType  : Undefined
	MachineMode : Config
	MachineState: Active
	PLC Object  : UNDEFIEND
	PLC Action  : UNDEFIEND
	PLC AState  : 0

30.10.2023 14:54:46 - 41054 - NoHeadCreated
	Description : 
	Time        : 14:54:11.94
	ActionType  : Undefined
	MachineMode : Config
	MachineState: Active
	PLC Object  : UNDEFIEND
	PLC Action  : UNDEFIEND
	PLC AState  : 0

01.11.2023 07:28:55 - 41054 - NoHeadCreated
	Description : 
	Time        : 07:28:24.06
	ActionType  : Undefined
	MachineMode : Config
	MachineState: Active
	PLC Object  : UNDEFIEND
	PLC Action  : UNDEFIEND
	PLC AState  : 0

01.11.2023 07:29:12 - 41054 - NoHeadCreated
	Description : 
	Time        : 07:29:02.74
	ActionType  : Undefined
	MachineMode : Config
	MachineState: Active
	PLC Object  : UNDEFIEND
	PLC Action  : UNDEFIEND
	PLC AState  : 0

01.11.2023 07:29:17 - 41995 - InvalidToolConfig
	Description : 
	Time        : 07:29:15.68
	ActionType  : Undefined
	MachineMode : Config
	MachineState: Active
	PLC Object  : FB_MultiZRef
	PLC Action  : A_SetConfig
	PLC AState  : 0

01.11.2023 07:29:17 - 41995 - InvalidToolConfig
	Description : 
	Time        : 07:29:15.69
	ActionType  : Undefined
	MachineMode : Config
	MachineState: Active
	PLC Object  : FB_Configuration
	PLC Action  : A_Activate
	PLC AState  : 0

01.11.2023 07:34:37 - 41054 - NoHeadCreated
	Description : 
	Time        : 07:33:35.60
	ActionType  : Undefined
	MachineMode : Config
	MachineState: Active
	PLC Object  : UNDEFIEND
	PLC Action  : UNDEFIEND
	PLC AState  : 0

01.11.2023 08:20:18 - 41525 - System fluid bottle empty
	Description : 
	Time        : 08:20:16.41
	ActionType  : Undefined
	MachineMode : Manu
	MachineState: Idle
	PLC Object  : FB_DeviceBase
	PLC Action  : UNDEFIEND
	PLC AState  : 0

01.11.2023 08:20:48 - 50001 - Camera not found
	Description : The specified camera could not be found.
	Time        : 08:20:48.76
	Exception   : System.InvalidOperationException: Sequence contains no matching element
   at System.Linq.Enumerable.First[TSource](IEnumerable`1 source, Func`2 predicate)
   at GesimRobotics.CameraOptions.GetCamera(String id)
   at GesimRobotics.ViewModels.CameraControl..ctor(String id, CameraType type)

01.11.2023 08:27:42 - 41054 - NoHeadCreated
	Description : 
	Time        : 08:25:28.43
	ActionType  : Undefined
	MachineMode : Config
	MachineState: Active
	PLC Object  : UNDEFIEND
	PLC Action  : UNDEFIEND
	PLC AState  : 0

01.11.2023 08:32:22 - 41054 - NoHeadCreated
	Description : 
	Time        : 08:30:03.25
	ActionType  : Undefined
	MachineMode : Config
	MachineState: Active
	PLC Object  : UNDEFIEND
	PLC Action  : UNDEFIEND
	PLC AState  : 0

01.11.2023 08:39:22 - 41054 - NoHeadCreated
	Description : 
	Time        : 08:36:20.35
	ActionType  : Undefined
	MachineMode : Config
	MachineState: Active
	PLC Object  : UNDEFIEND
	PLC Action  : UNDEFIEND
	PLC AState  : 0

01.11.2023 08:41:16 - 41054 - NoHeadCreated
	Description : 
	Time        : 08:40:41.93
	ActionType  : Undefined
	MachineMode : Config
	MachineState: Active
	PLC Object  : UNDEFIEND
	PLC Action  : UNDEFIEND
	PLC AState  : 0

01.11.2023 08:44:52 - 41054 - NoHeadCreated
	Description : 
	Time        : 08:44:18.82
	ActionType  : Undefined
	MachineMode : Config
	MachineState: Active
	PLC Object  : UNDEFIEND
	PLC Action  : UNDEFIEND
	PLC AState  : 0

01.11.2023 08:47:29 - 41054 - NoHeadCreated
	Description : 
	Time        : 08:46:54.77
	ActionType  : Undefined
	MachineMode : Config
	MachineState: Active
	PLC Object  : UNDEFIEND
	PLC Action  : UNDEFIEND
	PLC AState  : 0

01.11.2023 08:57:39 - 41054 - NoHeadCreated
	Description : 
	Time        : 08:52:48.87
	ActionType  : Undefined
	MachineMode : Config
	MachineState: Active
	PLC Object  : UNDEFIEND
	PLC Action  : UNDEFIEND
	PLC AState  : 0

01.11.2023 09:10:40 - 41504 - Read-only hardware property
	Description : Internal error
	Time        : 09:10:40.91
	Command     : WRITE_HW_PROP
	Comment     : ModulId: 131329 PropType: MaxPos Value: 0

01.11.2023 09:10:54 - 41504 - Read-only hardware property
	Description : Internal error
	Time        : 09:10:54.70
	Command     : WRITE_HW_PROP
	Comment     : ModulId: 131329 PropType: MaxPos Value: 0

01.11.2023 09:11:05 - 41504 - Read-only hardware property
	Description : Internal error
	Time        : 09:11:05.93
	Command     : WRITE_HW_PROP
	Comment     : ModulId: 131329 PropType: MaxPos Value: 0

01.11.2023 09:11:56 - 41504 - Read-only hardware property
	Description : Internal error
	Time        : 09:11:56.39
	Command     : WRITE_HW_PROP
	Comment     : ModulId: 131329 PropType: MaxPos Value: 0

01.11.2023 09:15:28 - 41504 - Read-only hardware property
	Description : Internal error
	Time        : 09:15:28.02
	Command     : WRITE_HW_PROP
	Comment     : ModulId: 131329 PropType: MinPos Value: 0

01.11.2023 09:15:40 - 41504 - Read-only hardware property
	Description : Internal error
	Time        : 09:15:40.31
	Command     : WRITE_HW_PROP
	Comment     : ModulId: 131329 PropType: MinPos Value: 0

01.11.2023 09:58:43 - 41054 - NoHeadCreated
	Description : 
	Time        : 09:58:03.17
	ActionType  : Undefined
	MachineMode : Config
	MachineState: Active
	PLC Object  : UNDEFIEND
	PLC Action  : UNDEFIEND
	PLC AState  : 0

01.11.2023 09:59:00 - 41504 - Read-only hardware property
	Description : Internal error
	Time        : 09:59:00.03
	Command     : WRITE_HW_PROP
	Comment     : ModulId: 131329 PropType: MinPos Value: 0

01.11.2023 10:00:51 - 41504 - Read-only hardware property
	Description : Internal error
	Time        : 10:00:51.31
	Command     : WRITE_HW_PROP
	Comment     : ModulId: 131329 PropType: MinPos Value: 0

01.11.2023 10:03:39 - 41054 - NoHeadCreated
	Description : 
	Time        : 10:02:28.55
	ActionType  : Undefined
	MachineMode : Config
	MachineState: Active
	PLC Object  : UNDEFIEND
	PLC Action  : UNDEFIEND
	PLC AState  : 0

01.11.2023 10:08:42 - 41054 - NoHeadCreated
	Description : 
	Time        : 10:08:29.12
	ActionType  : Undefined
	MachineMode : Config
	MachineState: Active
	PLC Object  : UNDEFIEND
	PLC Action  : UNDEFIEND
	PLC AState  : 0

01.11.2023 10:09:11 - 41054 - NoHeadCreated
	Description : 
	Time        : 10:08:57.97
	ActionType  : Undefined
	MachineMode : Config
	MachineState: Active
	PLC Object  : UNDEFIEND
	PLC Action  : UNDEFIEND
	PLC AState  : 0

01.11.2023 10:10:55 - 41054 - NoHeadCreated
	Description : 
	Time        : 10:10:16.20
	ActionType  : Undefined
	MachineMode : Config
	MachineState: Active
	PLC Object  : UNDEFIEND
	PLC Action  : UNDEFIEND
	PLC AState  : 0

01.11.2023 10:11:24 - 41054 - NoHeadCreated
	Description : 
	Time        : 10:11:01.91
	ActionType  : Undefined
	MachineMode : Config
	MachineState: Active
	PLC Object  : UNDEFIEND
	PLC Action  : UNDEFIEND
	PLC AState  : 0

01.11.2023 10:13:42 - 41054 - NoHeadCreated
	Description : 
	Time        : 10:13:17.07
	ActionType  : Undefined
	MachineMode : Config
	MachineState: Active
	PLC Object  : UNDEFIEND
	PLC Action  : UNDEFIEND
	PLC AState  : 0

01.11.2023 10:14:03 - 41054 - NoHeadCreated
	Description : 
	Time        : 10:13:47.55
	ActionType  : Undefined
	MachineMode : Config
	MachineState: Active
	PLC Object  : UNDEFIEND
	PLC Action  : UNDEFIEND
	PLC AState  : 0

01.11.2023 10:17:40 - 41054 - NoHeadCreated
	Description : 
	Time        : 10:17:29.59
	ActionType  : Undefined
	MachineMode : Config
	MachineState: Active
	PLC Object  : UNDEFIEND
	PLC Action  : UNDEFIEND
	PLC AState  : 0

01.11.2023 10:26:01 - 41216 - Communication timeout
	Description : Communication timeout - diluter.
	Time        : 10:26:19.22
	ActionType  : InitDevices
	MachineMode : Init
	MachineState: Active
	PLC Object  : FB_Diluter
	PLC Action  : A_Init
	PLC AState  : 1

01.11.2023 10:26:18 - 41216 - Communication timeout
	Description : Communication timeout - diluter.
	Time        : 10:26:19.22
	ActionType  : InitDevices
	MachineMode : Init
	MachineState: Active
	PLC Object  : FB_Diluter
	PLC Action  : A_Init
	PLC AState  : 1

01.11.2023 10:26:30 - 41556 - Head not in free Z-pos.
	Description : 
	Time        : 10:26:48.78
	ActionType  : InitDevices
	MachineMode : Init
	MachineState: Active
	Object      : Gesim.GsHead(Head)
	PLC Object  : FB_MzHead
	PLC Action  : A_Init
	PLC AState  : 3

01.11.2023 10:26:47 - 41556 - Head not in free Z-pos.
	Description : 
	Time        : 10:27:05.87
	ActionType  : InitDevices
	MachineMode : Init
	MachineState: Active
	Object      : Gesim.GsHead(Head)
	PLC Object  : FB_MzHead
	PLC Action  : A_Init
	PLC AState  : 3

01.11.2023 10:26:52 - 41556 - Head not in free Z-pos.
	Description : 
	Time        : 10:27:10.79
	ActionType  : InitDevices
	MachineMode : Init
	MachineState: Active
	Object      : Gesim.GsHead(Head)
	PLC Object  : FB_MzHead
	PLC Action  : A_Init
	PLC AState  : 3

01.11.2023 10:28:03 - 41556 - Head not in free Z-pos.
	Description : 
	Time        : 10:28:20.90
	ActionType  : InitDevices
	MachineMode : Init
	MachineState: Active
	Object      : Gesim.GsHead(Head)
	PLC Object  : FB_MzHead
	PLC Action  : A_Init
	PLC AState  : 3

01.11.2023 10:47:46 - 41216 - Communication timeout
	Description : Communication timeout - diluter.
	Time        : 10:48:03.82
	ActionType  : InitDevices
	MachineMode : Init
	MachineState: Active
	PLC Object  : FB_Diluter
	PLC Action  : A_Init
	PLC AState  : 1

01.11.2023 11:25:15 - 41216 - Communication timeout
	Description : Communication timeout - diluter.
	Time        : 11:25:33.50
	ActionType  : InitDevices
	MachineMode : Init
	MachineState: Active
	PLC Object  : FB_Diluter
	PLC Action  : A_Init
	PLC AState  : 1

01.11.2023 11:35:40 - 50005 - Connection error
	Description : The connection to the device could not be established.
	Time        : 11:35:40.96
	Exception   : System.Exception: Missing route: CP-8AD151
   at Gesim.GsMachine.Connect(String routeName, Boolean record, Boolean withoutActivation)
   at GesimRobotics.ViewModels.ConnectionManager.Connect(String routeName)

01.11.2023 11:36:03 - 41054 - NoHeadCreated
	Description : 
	Time        : 11:35:06.80
	ActionType  : Undefined
	MachineMode : Config
	MachineState: Active
	PLC Object  : UNDEFIEND
	PLC Action  : UNDEFIEND
	PLC AState  : 0

01.11.2023 11:37:46 - 41054 - NoHeadCreated
	Description : 
	Time        : 11:37:20.74
	ActionType  : Undefined
	MachineMode : Config
	MachineState: Active
	PLC Object  : UNDEFIEND
	PLC Action  : UNDEFIEND
	PLC AState  : 0

01.11.2023 11:37:53 - 41216 - Communication timeout
	Description : Communication timeout - diluter.
	Time        : 11:37:51.40
	ActionType  : InitDevices
	MachineMode : Init
	MachineState: Active
	PLC Object  : FB_Diluter
	PLC Action  : A_Init
	PLC AState  : 1

01.11.2023 11:46:10 - 41054 - NoHeadCreated
	Description : 
	Time        : 11:43:51.06
	ActionType  : Undefined
	MachineMode : Config
	MachineState: Active
	PLC Object  : UNDEFIEND
	PLC Action  : UNDEFIEND
	PLC AState  : 0

01.11.2023 14:34:18 - 50005 - Connection error
	Description : The connection to the device could not be established.
	Time        : 14:34:18.55
	Exception   : System.InvalidOperationException: This BackgroundWorker is currently busy and cannot run multiple tasks concurrently.
   at Gesim.GsMachine.Connect(String routeName, Boolean record, Boolean withoutActivation)
   at GesimRobotics.ViewModels.Dialogs.DebugMenuDialog.connect()

01.11.2023 14:36:30 - 41216 - Communication timeout
	Description : Communication timeout - diluter.
	Time        : 14:36:48.07
	ActionType  : InitDevices
	MachineMode : Init
	MachineState: Active
	PLC Object  : FB_Diluter
	PLC Action  : A_Init
	PLC AState  : 1

02.11.2023 13:17:13 - 41503 - Configuration not activated
	Description : 
	Time        : 13:17:13.32
	Command     : CHANGE_MODE

28.05.2024 07:40:57 -  1817 - device has a timeout
	Description : 
	Time        : 08:37:09.52
	ActionType  : Undefined
	MachineMode : Config
	MachineState: Idle
	PLC Object  : ScanHwModules
	PLC Action  : UNDEFIEND
	PLC AState  : 11

28.05.2024 07:41:13 -  1817 - device has a timeout
	Description : 
	Time        : 08:44:57.23
	ActionType  : Undefined
	MachineMode : Config
	MachineState: Idle
	PLC Object  : ScanHwModules
	PLC Action  : UNDEFIEND
	PLC AState  : 11

28.05.2024 07:41:47 -  1817 - device has a timeout
	Description : 
	Time        : 08:44:57.23
	ActionType  : Undefined
	MachineMode : Config
	MachineState: Idle
	PLC Object  : ScanHwModules
	PLC Action  : UNDEFIEND
	PLC AState  : 11

28.05.2024 07:42:02 -  1817 - device has a timeout
	Description : 
	Time        : 08:45:46.76
	ActionType  : Undefined
	MachineMode : Config
	MachineState: Idle
	PLC Object  : ScanHwModules
	PLC Action  : UNDEFIEND
	PLC AState  : 11

28.05.2024 07:43:49 -  1817 - device has a timeout
	Description : 
	Time        : 08:47:31.50
	ActionType  : Undefined
	MachineMode : Config
	MachineState: Idle
	PLC Object  : ScanHwModules
	PLC Action  : UNDEFIEND
	PLC AState  : 11

28.05.2024 07:44:02 -  1817 - device has a timeout
	Description : 
	Time        : 08:47:31.50
	ActionType  : Undefined
	MachineMode : Config
	MachineState: Idle
	PLC Object  : ScanHwModules
	PLC Action  : UNDEFIEND
	PLC AState  : 11

28.05.2024 08:02:20 -  1817 - device has a timeout
	Description : 
	Time        : 08:58:27.19
	ActionType  : Undefined
	MachineMode : Config
	MachineState: Idle
	PLC Object  : ScanHwModules
	PLC Action  : UNDEFIEND
	PLC AState  : 11

28.05.2024 08:02:37 -  1817 - device has a timeout
	Description : 
	Time        : 08:58:27.19
	ActionType  : Undefined
	MachineMode : Config
	MachineState: Idle
	PLC Object  : ScanHwModules
	PLC Action  : UNDEFIEND
	PLC AState  : 11

28.05.2024 09:56:50 - 41216 - Communication timeout
	Description : Communication timeout - diluter.
	Time        : 11:00:43.16
	ActionType  : InitDevices
	MachineMode : Init
	MachineState: Active
	PLC Object  : FB_Diluter
	PLC Action  : A_Init
	PLC AState  : 1

30.05.2024 13:00:42 - 41995 - InvalidToolConfig
	Description : 
	Time        : 14:04:36.44
	ActionType  : Undefined
	MachineMode : Config
	MachineState: Active
	PLC Object  : FB_MultiZRef
	PLC Action  : A_SetConfig
	PLC AState  : 0

30.05.2024 13:00:42 - 41995 - InvalidToolConfig
	Description : 
	Time        : 14:04:36.45
	ActionType  : Undefined
	MachineMode : Config
	MachineState: Active
	PLC Object  : FB_Configuration
	PLC Action  : A_Activate
	PLC AState  : 0

30.05.2024 13:59:59 - 42240 - InvalidToolNr
	Description : 
	Time        : 15:03:53.92
	ActionType  : Undefined
	MachineMode : Auto
	MachineState: Running
	PLC Object  : FB_HskMFunc
	PLC Action  : A_AssignRParamHeader
	PLC AState  : 1

30.05.2024 14:00:55 - 42240 - InvalidToolNr
	Description : 
	Time        : 15:04:49.95
	ActionType  : Undefined
	MachineMode : Auto
	MachineState: Running
	PLC Object  : FB_HskMFunc
	PLC Action  : A_AssignRParamHeader
	PLC AState  : 1

30.05.2024 14:04:11 - 41069 - No nozzle on tool
	Description : A printing tool was configured without a nozzle.
	Time        : 15:08:05.22
	ActionType  : Undefined
	MachineMode : Config
	MachineState: Active
	Object      : Gesim.GsCartridgeDisp(Cartridge Dispenser (10ml))
	PLC Object  : UNDEFIEND
	PLC Action  : UNDEFIEND
	PLC AState  : 0

30.05.2024 14:04:15 - 41069 - No nozzle on tool
	Description : A printing tool was configured without a nozzle.
	Time        : 15:08:09.92
	ActionType  : Undefined
	MachineMode : Config
	MachineState: Active
	Object      : Gesim.GsCartridgeDisp(Cartridge Dispenser (10ml))
	PLC Object  : UNDEFIEND
	PLC Action  : UNDEFIEND
	PLC AState  : 0

30.05.2024 14:04:50 - 41069 - No nozzle on tool
	Description : A printing tool was configured without a nozzle.
	Time        : 15:08:09.92
	ActionType  : Undefined
	MachineMode : Config
	MachineState: Active
	Object      : Gesim.GsCartridgeDisp(Cartridge Dispenser (10ml))
	PLC Object  : UNDEFIEND
	PLC Action  : UNDEFIEND
	PLC AState  : 0

31.05.2024 07:38:09 - 41473 - Invalid mode
	Description : Command cannot be executed in this mode.
	Time        : 07:38:09.40
	Command     : EXECUTE_ACTION
	Object      : Gesim.GsHighVoltTray(HighVoltTray)
	Action      : Set Voltage->5 kV

31.05.2024 07:38:12 - 41473 - Invalid mode
	Description : Command cannot be executed in this mode.
	Time        : 07:38:12.39
	Command     : EXECUTE_ACTION
	Object      : Gesim.GsHighVoltTray(HighVoltTray)
	Action      : Switch Voltage

03.06.2024 11:28:06 - 41747 - Z-Sensor switch not found
	Description : Measurement: switching point not reached - Internal error (20)
	Time        : 12:32:04.17
	ActionType  : MoveZ
	MachineMode : Manu
	MachineState: Active
	Object      : Gesim.GsZSensor(ZSensor)
	PLC Object  : FB_MzTool
	PLC Action  : A_MoveZ
	PLC AState  : 0

03.06.2024 11:28:06 - 41747 - Z-Sensor switch not found
	Description : Measurement: switching point not reached - Internal error (20)
	Time        : 12:32:04.18
	ActionType  : CalibrateZSensor
	MachineMode : Manu
	MachineState: Active
	Object      : Gesim.GsZSensor(ZSensor)
	PLC Object  : FB_ComplexAction
	PLC Action  : A_CalibrateZSensor
	PLC AState  : 3

03.06.2024 11:50:03 - 41747 - Z-Sensor switch not found
	Description : Measurement: switching point not reached - Internal error (20)
	Time        : 12:54:01.33
	ActionType  : MoveZ
	MachineMode : Manu
	MachineState: Active
	Object      : Gesim.GsZSensor(ZSensor)
	PLC Object  : FB_MzTool
	PLC Action  : A_MoveZ
	PLC AState  : 0

03.06.2024 11:50:03 - 41747 - Z-Sensor switch not found
	Description : Measurement: switching point not reached - Internal error (20)
	Time        : 12:54:01.34
	ActionType  : Measure
	MachineMode : Manu
	MachineState: Active
	Object      : Gesim.GsZSensor(ZSensor)
	PLC Object  : FB_ComplexAction
	PLC Action  : A_MeasureTarget
	PLC AState  : 4

03.06.2024 11:52:07 - 41747 - Z-Sensor switch not found
	Description : Measurement: switching point not reached - Internal error (20)
	Time        : 12:56:05.63
	ActionType  : MoveZ
	MachineMode : Manu
	MachineState: Active
	Object      : Gesim.GsZSensor(ZSensor)
	PLC Object  : FB_MzTool
	PLC Action  : A_MoveZ
	PLC AState  : 0

03.06.2024 11:52:07 - 41747 - Z-Sensor switch not found
	Description : Measurement: switching point not reached - Internal error (20)
	Time        : 12:56:05.64
	ActionType  : Measure
	MachineMode : Manu
	MachineState: Active
	Object      : Gesim.GsZSensor(ZSensor)
	PLC Object  : FB_ComplexAction
	PLC Action  : A_MeasureTarget
	PLC AState  : 4

03.06.2024 11:52:14 - 41747 - Z-Sensor switch not found
	Description : Measurement: switching point not reached - Internal error (20)
	Time        : 12:56:12.23
	ActionType  : MoveZ
	MachineMode : Manu
	MachineState: Active
	Object      : Gesim.GsZSensor(ZSensor)
	PLC Object  : FB_MzTool
	PLC Action  : A_MoveZ
	PLC AState  : 0

03.06.2024 11:52:14 - 41747 - Z-Sensor switch not found
	Description : Measurement: switching point not reached - Internal error (20)
	Time        : 12:56:12.24
	ActionType  : Measure
	MachineMode : Manu
	MachineState: Active
	Object      : Gesim.GsZSensor(ZSensor)
	PLC Object  : FB_ComplexAction
	PLC Action  : A_MeasureTarget
	PLC AState  : 4

03.06.2024 11:58:44 - 50013 - Changed configuration
	Description : The current configuration has changed significantly. Some settings might have changed.
	Time        : 11:58:44.45

03.06.2024 14:37:57 - 41623 - Calibration point has an offset
	Description : 
	Time        : 14:37:57.37
	Command     : EXECUTE_ACTION
	Object      : Gesim.GsZSensor(ZSensor)
	Action      : Calibrate Z-Sensor

03.06.2024 14:38:24 - 41747 - Z-Sensor switch not found
	Description : Measurement: switching point not reached - Internal error (20)
	Time        : 15:42:22.62
	ActionType  : MoveZ
	MachineMode : Manu
	MachineState: Active
	Object      : Gesim.GsZSensor(ZSensor)
	PLC Object  : FB_MzTool
	PLC Action  : A_MoveZ
	PLC AState  : 0

03.06.2024 14:38:24 - 41747 - Z-Sensor switch not found
	Description : Measurement: switching point not reached - Internal error (20)
	Time        : 15:42:22.63
	ActionType  : CalibrateZSensor
	MachineMode : Manu
	MachineState: Active
	Object      : Gesim.GsZSensor(ZSensor)
	PLC Object  : FB_ComplexAction
	PLC Action  : A_CalibrateZSensor
	PLC AState  : 3

04.06.2024 07:14:42 - 50007 - Invalid configuration
	Description : A valid configuration has to include at least a head and workplate.
	Time        : 07:14:42.54

04.06.2024 07:17:50 - 41556 - Head not in free Z-pos.
	Description : 
	Time        : 08:21:48.91
	ActionType  : InitDevices
	MachineMode : Init
	MachineState: Active
	Object      : Gesim.GsHead(Head)
	PLC Object  : FB_MzHead
	PLC Action  : A_Init
	PLC AState  : 3

04.06.2024 07:22:36 - 41216 - Communication timeout
	Description : Communication timeout - diluter.
	Time        : 08:26:35.23
	ActionType  : InitDevices
	MachineMode : Init
	MachineState: Active
	PLC Object  : FB_Diluter
	PLC Action  : A_Init
	PLC AState  : 1

04.06.2024 07:22:48 - 41216 - Communication timeout
	Description : Communication timeout - diluter.
	Time        : 08:26:47.34
	ActionType  : InitDevices
	MachineMode : Init
	MachineState: Active
	PLC Object  : FB_Diluter
	PLC Action  : A_Init
	PLC AState  : 1

04.06.2024 07:23:04 - 41216 - Communication timeout
	Description : Communication timeout - diluter.
	Time        : 08:27:03.19
	ActionType  : InitDevices
	MachineMode : Init
	MachineState: Active
	PLC Object  : FB_Diluter
	PLC Action  : A_Init
	PLC AState  : 1

04.06.2024 07:27:54 - 41216 - Communication timeout
	Description : Communication timeout - diluter.
	Time        : 08:31:53.38
	ActionType  : InitDevices
	MachineMode : Init
	MachineState: Active
	PLC Object  : FB_Diluter
	PLC Action  : A_Init
	PLC AState  : 1

04.06.2024 07:27:59 - 41216 - Communication timeout
	Description : Communication timeout - diluter.
	Time        : 08:31:58.78
	ActionType  : InitDevices
	MachineMode : Init
	MachineState: Active
	PLC Object  : FB_Diluter
	PLC Action  : A_Init
	PLC AState  : 1

04.06.2024 07:39:13 - 50007 - Invalid configuration
	Description : A valid configuration has to include at least a head and workplate.
	Time        : 07:39:13.85

04.06.2024 07:39:33 - 41216 - Communication timeout
	Description : Communication timeout - diluter.
	Time        : 08:43:32.19
	ActionType  : InitDevices
	MachineMode : Init
	MachineState: Active
	PLC Object  : FB_Diluter
	PLC Action  : A_Init
	PLC AState  : 1

04.06.2024 07:40:16 - 41216 - Communication timeout
	Description : Communication timeout - diluter.
	Time        : 08:44:15.33
	ActionType  : InitDevices
	MachineMode : Init
	MachineState: Active
	PLC Object  : FB_Diluter
	PLC Action  : A_Init
	PLC AState  : 1

04.06.2024 07:43:39 - 41216 - Communication timeout
	Description : Communication timeout - diluter.
	Time        : 08:47:38.61
	ActionType  : InitDevices
	MachineMode : Init
	MachineState: Active
	PLC Object  : FB_Diluter
	PLC Action  : A_Init
	PLC AState  : 1

04.06.2024 07:45:31 - 41216 - Communication timeout
	Description : Communication timeout - diluter.
	Time        : 08:49:30.15
	ActionType  : InitDevices
	MachineMode : Init
	MachineState: Active
	PLC Object  : FB_Diluter
	PLC Action  : A_Init
	PLC AState  : 1

04.06.2024 07:54:11 - 41216 - Communication timeout
	Description : Communication timeout - diluter.
	Time        : 08:58:10.55
	ActionType  : InitDevices
	MachineMode : Init
	MachineState: Active
	PLC Object  : FB_Diluter
	PLC Action  : A_Init
	PLC AState  : 1

04.06.2024 07:54:18 - 41216 - Communication timeout
	Description : Communication timeout - diluter.
	Time        : 08:58:17.52
	ActionType  : InitDevices
	MachineMode : Init
	MachineState: Active
	PLC Object  : FB_Diluter
	PLC Action  : A_Init
	PLC AState  : 1

04.06.2024 08:02:51 - 41216 - Communication timeout
	Description : Communication timeout - diluter.
	Time        : 09:06:49.87
	ActionType  : InitDevices
	MachineMode : Init
	MachineState: Active
	PLC Object  : FB_Diluter
	PLC Action  : A_Init
	PLC AState  : 1

04.06.2024 08:02:55 - 41216 - Communication timeout
	Description : Communication timeout - diluter.
	Time        : 09:06:54.26
	ActionType  : InitDevices
	MachineMode : Init
	MachineState: Active
	PLC Object  : FB_Diluter
	PLC Action  : A_Init
	PLC AState  : 1

04.06.2024 08:24:31 - 41587 - HighVoltSupplyOff
	Description : High voltage supply not available or not switched on
	Time        : 08:24:31.19
	Command     : EXECUTE_ACTION
	Object      : Gesim.GsHighVoltTray(HighVoltTray)
	Action      : Switch Voltage

04.06.2024 08:55:40 - 41491 - Device not initialized
	Description : 
	Time        : 08:55:40.31
	Command     : EXECUTE_ACTION
	Object      : Gesim.GsCartridgeDisp(Cartridge Dispenser (10ml))
	Action      : Jog

04.06.2024 08:55:40 - 41491 - Device not initialized
	Description : 
	Time        : 08:55:40.32
	Command     : EXECUTE_ACTION
	Object      : Gesim.GsCartridgeDisp(Cartridge Dispenser (10ml))
	Action      : Jog

04.06.2024 09:11:11 - 41598 - RiskOfHighvoltFlashover
	Description : 
	Time        : 09:11:11.27
	Command     : EXECUTE_ACTION
	Object      : Gesim.GsZSensor(ZSensor)
	Action      : Measure Target->Point

04.06.2024 09:11:27 - 41598 - RiskOfHighvoltFlashover
	Description : 
	Time        : 09:11:27.22
	Command     : EXECUTE_ACTION
	Object      : Gesim.GsZSensor(ZSensor)
	Action      : Calibrate Z-Sensor

04.06.2024 10:17:01 - 41570 - Risk of crash: Jog
	Description : Can not jog fast in this area.
	Time        : 10:17:01.13
	Command     : EXECUTE_ACTION
	Object      : Gesim.GsCartridgeDisp(Cartridge Dispenser (10ml))
	Action      : Jog

04.06.2024 10:44:09 - 41995 - InvalidToolConfig
	Description : 
	Time        : 11:48:07.66
	ActionType  : Undefined
	MachineMode : Config
	MachineState: Active
	PLC Object  : FB_MultiZRef
	PLC Action  : A_SetConfig
	PLC AState  : 0

04.06.2024 10:44:09 - 41995 - InvalidToolConfig
	Description : 
	Time        : 11:48:07.67
	ActionType  : Undefined
	MachineMode : Config
	MachineState: Active
	PLC Object  : FB_Configuration
	PLC Action  : A_Activate
	PLC AState  : 0

04.06.2024 10:44:12 - 41995 - InvalidToolConfig
	Description : 
	Time        : 11:48:11.15
	ActionType  : Undefined
	MachineMode : Config
	MachineState: Active
	PLC Object  : FB_MultiZRef
	PLC Action  : A_SetConfig
	PLC AState  : 0

04.06.2024 10:44:12 - 41995 - InvalidToolConfig
	Description : 
	Time        : 11:48:11.16
	ActionType  : Undefined
	MachineMode : Config
	MachineState: Active
	PLC Object  : FB_Configuration
	PLC Action  : A_Activate
	PLC AState  : 0

04.06.2024 10:46:03 - 41995 - InvalidToolConfig
	Description : 
	Time        : 11:48:11.16
	ActionType  : Undefined
	MachineMode : Config
	MachineState: Active
	PLC Object  : FB_Configuration
	PLC Action  : A_Activate
	PLC AState  : 0

04.06.2024 10:46:12 - 41995 - InvalidToolConfig
	Description : 
	Time        : 11:48:11.16
	ActionType  : Undefined
	MachineMode : Config
	MachineState: Active
	PLC Object  : FB_Configuration
	PLC Action  : A_Activate
	PLC AState  : 0

05.06.2024 13:27:18 - 41473 - Invalid mode
	Description : Command cannot be executed in this mode.
	Time        : 13:27:18.49
	Command     : EXECUTE_ACTION
	Object      : Gesim.GsCartridgeHolder(CartridgeHolder (HV/Internal Heater))
	Action      : Heating->On->100°C

05.06.2024 13:45:00 - 50013 - Changed configuration
	Description : The current configuration has changed significantly. Some settings might have changed.
	Time        : 13:45:00.99

05.06.2024 13:59:54 - 50013 - Changed configuration
	Description : The current configuration has changed significantly. Some settings might have changed.
	Time        : 13:59:54.54

05.06.2024 14:06:04 - 41570 - Risk of crash: Jog
	Description : Can not jog fast in this area.
	Time        : 14:06:04.92
	Command     : EXECUTE_ACTION
	Object      : Gesim.GsZSensor(ZSensor)
	Action      : Jog

05.06.2024 14:06:09 - 41570 - Risk of crash: Jog
	Description : Can not jog fast in this area.
	Time        : 14:06:09.14
	Command     : EXECUTE_ACTION
	Object      : Gesim.GsZSensor(ZSensor)
	Action      : Jog

06.06.2024 06:50:45 - 41481 - Basic action active
	Description : Internal error
	Time        : 06:50:45.53
	Command     : EXECUTE_ACTION
	Object      : Gesim.GsCartridgeDisp(Cartridge Dispenser (10ml/High Voltage))
	Action      : Move Z->Home

06.06.2024 08:06:58 - 41069 - No nozzle on tool
	Description : A printing tool was configured without a nozzle.
	Time        : 09:10:58.81
	ActionType  : Undefined
	MachineMode : Config
	MachineState: Active
	Object      : Gesim.GsCartridgeDispStirrer(Cartridge Dispenser with Stirrer)
	PLC Object  : UNDEFIEND
	PLC Action  : UNDEFIEND
	PLC AState  : 0

06.06.2024 08:21:02 - 50013 - Changed configuration
	Description : The current configuration has changed significantly. Some settings might have changed.
	Time        : 08:21:02.24

06.06.2024 08:45:29 - 41610 - OverCurrentHighVoltTray
	Description : 
	Time        : 09:49:30.13
	ActionType  : Undefined
	MachineMode : Manu
	MachineState: Active
	Object      : Gesim.GsHighVoltTray(HighVoltTray)
	PLC Object  : FB_HighVoltTray
	PLC Action  : UNDEFIEND
	PLC AState  : 0

06.06.2024 08:56:55 - 41610 - OverCurrentHighVoltTray
	Description : 
	Time        : 10:00:56.12
	ActionType  : Undefined
	MachineMode : Manu
	MachineState: Active
	Object      : Gesim.GsHighVoltTray(HighVoltTray)
	PLC Object  : FB_HighVoltTray
	PLC Action  : UNDEFIEND
	PLC AState  : 0

06.06.2024 11:37:42 - 41995 - InvalidToolConfig
	Description : 
	Time        : 12:41:43.99
	ActionType  : Undefined
	MachineMode : Config
	MachineState: Active
	PLC Object  : FB_MultiZRef
	PLC Action  : A_SetConfig
	PLC AState  : 0

06.06.2024 11:37:43 - 41995 - InvalidToolConfig
	Description : 
	Time        : 12:41:44.00
	ActionType  : Undefined
	MachineMode : Config
	MachineState: Active
	PLC Object  : FB_Configuration
	PLC Action  : A_Activate
	PLC AState  : 0

06.06.2024 12:04:13 - 50013 - Changed configuration
	Description : The current configuration has changed significantly. Some settings might have changed.
	Time        : 12:04:13.44

06.06.2024 12:06:03 - 41597 - Device is not locked
	Description : 
	Time        : 13:10:04.99
	ActionType  : Undefined
	MachineMode : Auto
	MachineState: Running
	Object      : Gesim.GsExtruder(SyringeExtruder)
	PLC Object  : GCode
	PLC Action  : A_Start
	PLC AState  : 1

06.06.2024 12:06:17 - 42240 - InvalidToolNr
	Description : 
	Time        : 13:10:18.92
	ActionType  : Undefined
	MachineMode : Auto
	MachineState: Running
	PLC Object  : FB_HskMFunc
	PLC Action  : A_AssignRParamHeader
	PLC AState  : 1

06.06.2024 12:06:49 - 42247 - Scaffold Height Exceeded
	Description : Tool cannot move to all needed print positions (Z).
	Time        : 13:10:50.61
	ActionType  : Undefined
	MachineMode : Auto
	MachineState: Running
	Object      : Gesim.GsCartridgeDisp(Cartridge Dispenser (10ml))
	PLC Object  : FB_HskMFunc
	PLC Action  : A_AssignRParamHeader
	PLC AState  : 2

06.06.2024 12:08:12 - 41568 - Target position out of range - Z
	Description : Tool cannot move to target.
	Time        : 13:12:13.59
	ActionType  : Undefined
	MachineMode : Auto
	MachineState: Running
	PLC Object  : GCode
	PLC Action  : A_MoveZ
	PLC AState  : 0

06.06.2024 12:08:12 - 41568 - Target position out of range - Z
	Description : Tool cannot move to target.
	Time        : 13:12:13.59
	ActionType  : Undefined
	MachineMode : Auto
	MachineState: Running
	PLC Object  : GCode
	PLC Action  : A_MoveZ
	PLC AState  : 99

06.06.2024 12:49:57 - 41734 - Low position accuracy
	Description : Target not reached with required accuracy but motor has stopped - Internal error (7)
	Time        : 13:53:57.65
	ActionType  : MoveZ
	MachineMode : Auto
	MachineState: Running
	Object      : Gesim.GsExtruder(SyringeExtruder)
	PLC Object  : FB_MzTool
	PLC Action  : A_MoveZ
	PLC AState  : 0

06.06.2024 12:49:57 - 41734 - Low position accuracy
	Description : Target not reached with required accuracy but motor has stopped - Internal error (7)
	Time        : 13:53:57.65
	ActionType  : Undefined
	MachineMode : Auto
	MachineState: Running
	PLC Object  : GCode
	PLC Action  : A_MoveZ
	PLC AState  : 1

06.06.2024 12:56:25 - 41597 - Device is not locked
	Description : 
	Time        : 14:00:26.04
	ActionType  : Undefined
	MachineMode : Auto
	MachineState: Running
	Object      : Gesim.GsExtruder(SyringeExtruder)
	PLC Object  : GCode
	PLC Action  : A_Start
	PLC AState  : 1

06.06.2024 12:58:41 - 41749 - FollowingErrorZAxis
	Description : 
	Time        : 14:02:42.43
	ActionType  : MoveZ
	MachineMode : Auto
	MachineState: Running
	Object      : Gesim.GsExtruder(SyringeExtruder)
	PLC Object  : FB_MzTool
	PLC Action  : A_MoveZ
	PLC AState  : 0

06.06.2024 12:58:41 - 41749 - FollowingErrorZAxis
	Description : 
	Time        : 14:02:42.43
	ActionType  : Undefined
	MachineMode : Auto
	MachineState: Running
	PLC Object  : GCode
	PLC Action  : A_MoveZ
	PLC AState  : 1

06.06.2024 13:19:47 - 41749 - FollowingErrorZAxis
	Description : 
	Time        : 14:23:48.10
	ActionType  : MoveZ
	MachineMode : Auto
	MachineState: Running
	Object      : Gesim.GsExtruder(SyringeExtruder)
	PLC Object  : FB_MzTool
	PLC Action  : A_MoveZ
	PLC AState  : 0

06.06.2024 13:19:47 - 41749 - FollowingErrorZAxis
	Description : 
	Time        : 14:23:48.10
	ActionType  : Undefined
	MachineMode : Auto
	MachineState: Running
	PLC Object  : GCode
	PLC Action  : A_MoveZ
	PLC AState  : 1

06.06.2024 13:41:41 - 50013 - Changed configuration
	Description : The current configuration has changed significantly. Some settings might have changed.
	Time        : 13:41:41.32

06.06.2024 13:42:13 - 41749 - FollowingErrorZAxis
	Description : 
	Time        : 14:46:14.30
	ActionType  : MoveZ
	MachineMode : Auto
	MachineState: Running
	Object      : Gesim.GsTwinExtruder(Twin Syringe-Extruder)
	PLC Object  : FB_MzTool
	PLC Action  : A_MoveZ
	PLC AState  : 0

06.06.2024 13:42:13 - 41749 - FollowingErrorZAxis
	Description : 
	Time        : 14:46:14.30
	ActionType  : Undefined
	MachineMode : Auto
	MachineState: Running
	PLC Object  : GCode
	PLC Action  : A_MoveZ
	PLC AState  : 1

06.06.2024 13:42:48 - 41749 - FollowingErrorZAxis
	Description : 
	Time        : 14:46:48.59
	ActionType  : MoveZ
	MachineMode : Auto
	MachineState: Running
	Object      : Gesim.GsTwinExtruder(Twin Syringe-Extruder)
	PLC Object  : FB_MzTool
	PLC Action  : A_MoveZ
	PLC AState  : 0

06.06.2024 13:42:48 - 41749 - FollowingErrorZAxis
	Description : 
	Time        : 14:46:48.59
	ActionType  : Undefined
	MachineMode : Auto
	MachineState: Running
	PLC Object  : GCode
	PLC Action  : A_MoveZ
	PLC AState  : 1

06.06.2024 13:43:22 - 41734 - Low position accuracy
	Description : Target not reached with required accuracy but motor has stopped - Internal error (7)
	Time        : 14:47:23.18
	ActionType  : MoveZ
	MachineMode : Auto
	MachineState: Running
	Object      : Gesim.GsTwinExtruder(Twin Syringe-Extruder)
	PLC Object  : FB_MzTool
	PLC Action  : A_MoveZ
	PLC AState  : 0

06.06.2024 13:43:22 - 41734 - Low position accuracy
	Description : Target not reached with required accuracy but motor has stopped - Internal error (7)
	Time        : 14:47:23.18
	ActionType  : Undefined
	MachineMode : Auto
	MachineState: Running
	PLC Object  : GCode
	PLC Action  : A_MoveZ
	PLC AState  : 1

06.06.2024 13:44:16 - 41491 - Device not initialized
	Description : 
	Time        : 14:48:16.99
	ActionType  : MoveZ
	MachineMode : Manu
	MachineState: Active
	Object      : Gesim.GsHead(Head)
	PLC Object  : FB_MzHead
	PLC Action  : A_MoveZ
	PLC AState  : 80

06.06.2024 13:44:16 - 41491 - Device not initialized
	Description : 
	Time        : 14:48:16.99
	ActionType  : Undefined
	MachineMode : Manu
	MachineState: Active
	Object      : Gesim.GsHead(Head)
	PLC Object  : GCode
	PLC Action  : A_Start
	PLC AState  : 2

06.06.2024 13:44:22 - 41749 - FollowingErrorZAxis
	Description : 
	Time        : 14:48:22.72
	ActionType  : MoveZ
	MachineMode : Manu
	MachineState: Active
	Object      : Gesim.GsTwinExtruder(Twin Syringe-Extruder)
	PLC Object  : FB_MzTool
	PLC Action  : A_MoveZ
	PLC AState  : 0

06.06.2024 13:44:22 - 41749 - FollowingErrorZAxis
	Description : 
	Time        : 14:48:22.72
	ActionType  : Undefined
	MachineMode : Manu
	MachineState: Active
	PLC Object  : GCode
	PLC Action  : A_MoveZ
	PLC AState  : 1

06.06.2024 13:45:09 - 41478 - Invalid state
	Description : Command can not be executed in this state.
	Time        : 13:45:09.95
	Command     : EXECUTE_ACTION
	Object      : Gesim.GsTwinExtruder(Twin Syringe-Extruder)
	Action      : Jog

06.06.2024 13:45:09 - 41478 - Invalid state
	Description : Command can not be executed in this state.
	Time        : 13:45:09.96
	Command     : EXECUTE_ACTION
	Object      : Gesim.GsTwinExtruder(Twin Syringe-Extruder)
	Action      : Jog

06.06.2024 13:45:09 - 41749 - FollowingErrorZAxis
	Description : 
	Time        : 14:49:10.52
	ActionType  : Jog
	MachineMode : Manu
	MachineState: Active
	Object      : Gesim.GsTwinExtruder(Twin Syringe-Extruder)
	PLC Object  : FB_MzTool
	PLC Action  : A_JogZ
	PLC AState  : 80

06.06.2024 13:45:16 - 41734 - Low position accuracy
	Description : Target not reached with required accuracy but motor has stopped - Internal error (7)
	Time        : 14:49:16.69
	ActionType  : Jog
	MachineMode : Manu
	MachineState: Active
	Object      : Gesim.GsTwinExtruder(Twin Syringe-Extruder)
	PLC Object  : FB_MzTool
	PLC Action  : A_JogZ
	PLC AState  : 80

06.06.2024 13:45:16 - 41473 - Invalid mode
	Description : Command cannot be executed in this mode.
	Time        : 13:45:16.19
	Command     : EXECUTE_ACTION
	Object      : Gesim.GsTwinExtruder(Twin Syringe-Extruder)
	Action      : Jog

06.06.2024 13:48:20 - 41734 - Low position accuracy
	Description : Target not reached with required accuracy but motor has stopped - Internal error (7)
	Time        : 14:52:21.34
	ActionType  : Jog
	MachineMode : Manu
	MachineState: Active
	Object      : Gesim.GsTwinExtruder(Twin Syringe-Extruder)
	PLC Object  : FB_MzTool
	PLC Action  : A_JogZ
	PLC AState  : 80

06.06.2024 13:48:20 - 41473 - Invalid mode
	Description : Command cannot be executed in this mode.
	Time        : 13:48:20.80
	Command     : EXECUTE_ACTION
	Object      : Gesim.GsTwinExtruder(Twin Syringe-Extruder)
	Action      : Jog

06.06.2024 14:02:52 - 16657 - Syntax error during loading
	Description : The NC has found a syntax error when loading an NC program.
	Time        : 15:06:52.45
	ActionType  : Undefined
	MachineMode : Auto
	MachineState: Running
	Object      : Gesim.GsHead(Head)
	PLC Object  : GCode
	PLC Action  : A_Load
	PLC AState  : 2

06.06.2024 14:21:07 - 41474 - Mode change impossible
	Description : Mode can only be changed in state "idle".
	Time        : 14:21:07.23
	Command     : CHANGE_MODE

06.06.2024 14:21:10 - 41473 - Invalid mode
	Description : Command cannot be executed in this mode.
	Time        : 14:21:10.26
	Command     : WRITE_HW_PROP
	Comment     : ModulId: 65537 PropType: WorkplateDim Value: 754000

07.06.2024 11:20:16 - 50013 - Changed configuration
	Description : The current configuration has changed significantly. Some settings might have changed.
	Time        : 11:20:16.07

07.06.2024 11:20:49 - 41613 - PressureSupply
	Description : 
	Time        : 12:24:50.02
	ActionType  : Undefined
	MachineMode : Manu
	MachineState: Active
	Object      : Gesim.GsCartridgeDisp(Cartridge Dispenser (10ml))
	PLC Object  : FB_HskMFunc
	PLC Action  : A_SetPrintParams
	PLC AState  : 0

07.06.2024 13:24:36 - 50005 - Connection error
	Description : The connection to the device could not be established.
	Time        : 13:24:36.81
	Exception   : System.InvalidOperationException: Dieser BackgroundWorker ist derzeit ausgelastet und kann nicht mehrere Aufgaben gleichzeitig ausführen.
   bei Gesim.GsMachine.Connect(String routeName, Boolean record, Boolean withoutActivation)
   bei GesimRobotics.ViewModels.Dialogs.DebugMenuDialog.connect()

07.06.2024 14:30:03 - 41995 - InvalidToolConfig
	Description : 
	Time        : 15:34:06.16
	ActionType  : Undefined
	MachineMode : Config
	MachineState: Active
	PLC Object  : FB_MultiZRef
	PLC Action  : A_SetConfig
	PLC AState  : 0

07.06.2024 14:30:03 - 41995 - InvalidToolConfig
	Description : 
	Time        : 15:34:06.17
	ActionType  : Undefined
	MachineMode : Config
	MachineState: Active
	PLC Object  : FB_Configuration
	PLC Action  : A_Activate
	PLC AState  : 0

07.06.2024 14:30:22 - 41995 - InvalidToolConfig
	Description : 
	Time        : 15:34:06.17
	ActionType  : Undefined
	MachineMode : Config
	MachineState: Active
	PLC Object  : FB_Configuration
	PLC Action  : A_Activate
	PLC AState  : 0

11.06.2024 10:09:34 - 41473 - Invalid mode
	Description : Command cannot be executed in this mode.
	Time        : 10:09:34.28
	Command     : EXECUTE_ACTION
	Object      : Gesim.GsCartridgeHolder(CartridgeHolder (Internal Cooler))
	Action      : Tempering->On->4°C

11.06.2024 10:38:28 - 41995 - InvalidToolConfig
	Description : 
	Time        : 11:42:34.34
	ActionType  : Undefined
	MachineMode : Config
	MachineState: Active
	PLC Object  : FB_MultiZRef
	PLC Action  : A_SetConfig
	PLC AState  : 0

11.06.2024 10:38:28 - 41995 - InvalidToolConfig
	Description : 
	Time        : 11:42:34.35
	ActionType  : Undefined
	MachineMode : Config
	MachineState: Active
	PLC Object  : FB_Configuration
	PLC Action  : A_Activate
	PLC AState  : 0

11.06.2024 10:40:34 - 41596 - Device already unlocked
	Description : 
	Time        : 10:40:34.36
	Command     : EXECUTE_ACTION
	Object      : Gesim.GsExtruder(SyringeExtruder Right)
	Action      : Lock

11.06.2024 10:44:59 - 41473 - Invalid mode
	Description : Command cannot be executed in this mode.
	Time        : 10:44:59.24
	Command     : EXECUTE_ACTION
	Object      : Gesim.GsCartridgeHolder(CartridgeHolder (Internal Cooler))
	Action      : Tempering->On->80°C

11.06.2024 11:08:26 - 41596 - Device already unlocked
	Description : 
	Time        : 11:08:26.51
	Command     : EXECUTE_ACTION
	Object      : Gesim.GsExtruder(SyringeExtruder Right)
	Action      : Lock

11.06.2024 11:25:06 - 41734 - Low position accuracy
	Description : Target not reached with required accuracy but motor has stopped - Internal error (7)
	Time        : 12:29:11.68
	ActionType  : MoveZ
	MachineMode : Manu
	MachineState: Active
	Object      : Gesim.GsTwinExtruder(Twin Syringe-Extruder)
	PLC Object  : FB_MzTool
	PLC Action  : A_MoveZ
	PLC AState  : 0

11.06.2024 13:41:38 - 41503 - Configuration not activated
	Description : 
	Time        : 13:41:38.22
	Command     : CHANGE_MODE

11.06.2024 14:25:19 - 41995 - InvalidToolConfig
	Description : 
	Time        : 15:29:25.78
	ActionType  : Undefined
	MachineMode : Config
	MachineState: Active
	PLC Object  : FB_MultiZRef
	PLC Action  : A_SetConfig
	PLC AState  : 0

11.06.2024 14:25:19 - 41995 - InvalidToolConfig
	Description : 
	Time        : 15:29:25.79
	ActionType  : Undefined
	MachineMode : Config
	MachineState: Active
	PLC Object  : FB_Configuration
	PLC Action  : A_Activate
	PLC AState  : 0

11.06.2024 14:25:23 - 41995 - InvalidToolConfig
	Description : 
	Time        : 15:29:29.68
	ActionType  : Undefined
	MachineMode : Config
	MachineState: Active
	PLC Object  : FB_MultiZRef
	PLC Action  : A_SetConfig
	PLC AState  : 0

11.06.2024 14:25:23 - 41995 - InvalidToolConfig
	Description : 
	Time        : 15:29:29.69
	ActionType  : Undefined
	MachineMode : Config
	MachineState: Active
	PLC Object  : FB_Configuration
	PLC Action  : A_Activate
	PLC AState  : 0

11.06.2024 14:26:19 - 41995 - InvalidToolConfig
	Description : 
	Time        : 15:29:29.69
	ActionType  : Undefined
	MachineMode : Config
	MachineState: Active
	PLC Object  : FB_Configuration
	PLC Action  : A_Activate
	PLC AState  : 0

12.06.2024 12:16:43 - 50013 - Changed configuration
	Description : The current configuration has changed significantly. Some settings might have changed.
	Time        : 12:16:43.40

13.06.2024 12:13:46 - 42497 - Node not found
	Description : The CANopen node could not be found.
	Time        : 13:17:25.40
	ActionType  : Undefined
	MachineMode : Config
	MachineState: Idle
	PLC Object  : ScanHwModules
	PLC Action  : UNDEFIEND
	PLC AState  : 11

13.06.2024 12:17:27 - 41728 - No Z-axis
	Description : Z-axis is not available - Internal error (1)
	Time        : 13:21:35.57
	ActionType  : Undefined
	MachineMode : Config
	MachineState: Active
	PLC Object  : FB_MultiZRef
	PLC Action  : A_SetConfig
	PLC AState  : 0

13.06.2024 12:17:27 - 41728 - No Z-axis
	Description : Z-axis is not available - Internal error (1)
	Time        : 13:21:35.58
	ActionType  : Undefined
	MachineMode : Config
	MachineState: Active
	PLC Object  : FB_Configuration
	PLC Action  : A_Activate
	PLC AState  : 0

13.06.2024 12:17:39 - 41728 - No Z-axis
	Description : Z-axis is not available - Internal error (1)
	Time        : 13:21:47.52
	ActionType  : Undefined
	MachineMode : Config
	MachineState: Active
	PLC Object  : FB_MultiZRef
	PLC Action  : A_SetConfig
	PLC AState  : 0

13.06.2024 12:17:39 - 41728 - No Z-axis
	Description : Z-axis is not available - Internal error (1)
	Time        : 13:21:47.53
	ActionType  : Undefined
	MachineMode : Config
	MachineState: Active
	PLC Object  : FB_Configuration
	PLC Action  : A_Activate
	PLC AState  : 0

13.06.2024 12:21:30 - 41728 - No Z-axis
	Description : Z-axis is not available - Internal error (1)
	Time        : 13:25:38.36
	ActionType  : Undefined
	MachineMode : Config
	MachineState: Active
	PLC Object  : FB_Configuration
	PLC Action  : A_Activate
	PLC AState  : 0

13.06.2024 13:30:24 - 41556 - Head not in free Z-pos.
	Description : 
	Time        : 14:34:32.82
	ActionType  : InitDevices
	MachineMode : Init
	MachineState: Active
	Object      : Gesim.GsHead(Head)
	PLC Object  : FB_MzHead
	PLC Action  : A_Init
	PLC AState  : 3

13.06.2024 13:30:32 - 41556 - Head not in free Z-pos.
	Description : 
	Time        : 14:34:40.70
	ActionType  : InitDevices
	MachineMode : Init
	MachineState: Active
	Object      : Gesim.GsHead(Head)
	PLC Object  : FB_MzHead
	PLC Action  : A_Init
	PLC AState  : 3

13.06.2024 13:43:19 - 19209 - Unexpected error
	Description : An unexpected error has occurred.
	Time        : 14:47:27.60
	ActionType  : Undefined
	MachineMode : Init
	MachineState: Active
	PLC Object  : UNDEFIEND
	PLC Action  : UNDEFIEND
	PLC AState  : 0

13.06.2024 13:43:19 - 19209 - Unexpected error
	Description : An unexpected error has occurred.
	Time        : 14:47:27.74
	ActionType  : InitDevices
	MachineMode : Init
	MachineState: Active
	Object      : Gesim.GsHead(Head)
	PLC Object  : FB_MzHead
	PLC Action  : A_Init
	PLC AState  : 40

13.06.2024 13:43:53 - 50005 - Connection error
	Description : The connection to the device could not be established.
	Time        : 13:43:53.06
	Exception   : System.InvalidOperationException: Dieser BackgroundWorker ist derzeit ausgelastet und kann nicht mehrere Aufgaben gleichzeitig ausführen.
   bei Gesim.GsMachine.Connect(String routeName, Boolean record, Boolean withoutActivation)
   bei GesimRobotics.ViewModels.Dialogs.DebugMenuDialog.connect()

30.07.2024 08:45:18 - 41519 - Timeout
	Description : Internal error
	Time        : 09:48:21.46
	ActionType  : InitDevices
	MachineMode : Init
	MachineState: Active
	Object      : Gesim.GsStampSupport(StampSupport_Gen2)
	PLC Object  : FB_StampSupport
	PLC Action  : A_InitSpec
	PLC AState  : 2

30.07.2024 10:06:46 - 41519 - Timeout
	Description : Internal error
	Time        : 11:09:48.66
	ActionType  : InitDevices
	MachineMode : Init
	MachineState: Active
	Object      : Gesim.GsStampSupport(StampSupport_Gen2)
	PLC Object  : FB_StampSupport
	PLC Action  : A_InitSpec
	PLC AState  : 2

30.07.2024 10:36:15 -  1864 - ADS port not opened
	Description : Internal error
	Time        : 10:36:15.61
	Command     : CHANGE_MODE

30.07.2024 10:47:09 - 41473 - Invalid mode
	Description : Command cannot be executed in this mode.
	Time        : 10:47:09.48
	Command     : EXECUTE_ACTION
	Object      : Gesim.GsSubstHolder(SingleSubstrateHeater)
	Action      : Heating->On->100°C

30.07.2024 10:58:16 - 41503 - Configuration not activated
	Description : 
	Time        : 10:58:16.04
	Command     : CHANGE_MODE

30.07.2024 10:58:39 - 50005 - Connection error
	Description : The connection to the device could not be established.
	Time        : 10:58:39.26
	Exception   : System.InvalidOperationException: Dieser BackgroundWorker ist derzeit ausgelastet und kann nicht mehrere Aufgaben gleichzeitig ausführen.
   bei Gesim.GsMachine.Connect(String routeName, Boolean record, Boolean withoutActivation)
   bei GesimRobotics.ViewModels.Dialogs.DebugMenuDialog.connect()

30.07.2024 12:03:01 - 41617 - Sensor already switched
	Description : 
	Time        : 12:03:01.49
	Command     : EXECUTE_ACTION
	Object      : Gesim.GsStampSupport(StampSupport_Gen2)
	Action      : MeasureTool->Rack Stamp (3x)

30.07.2024 12:04:58 - 41617 - Sensor already switched
	Description : 
	Time        : 12:04:58.83
	Command     : EXECUTE_ACTION
	Object      : Gesim.GsStampSupport(StampSupport_Gen2)
	Action      : MeasureTool->Rack Stamp (3x)

30.07.2024 12:17:24 - 41473 - Invalid mode
	Description : Command cannot be executed in this mode.
	Time        : 12:17:24.51
	Command     : EXECUTE_ACTION
	Object      : Gesim.GsStampSupport(StampSupport_Gen2)
	Action      : MeasureTool->Rack Stamp (3x)

30.07.2024 12:19:53 - 41617 - Sensor already switched
	Description : 
	Time        : 12:19:53.63
	Command     : EXECUTE_ACTION
	Object      : Gesim.GsStampSupport(StampSupport_Gen2)
	Action      : MeasureTool->Rack Stamp (3x)

30.07.2024 12:20:01 - 41617 - Sensor already switched
	Description : 
	Time        : 12:20:01.65
	Command     : EXECUTE_ACTION
	Object      : Gesim.GsStampSupport(StampSupport_Gen2)
	Action      : MeasureTool->Rack Stamp (3x)

30.07.2024 13:05:58 - 41617 - Sensor already switched
	Description : 
	Time        : 13:05:58.99
	Command     : EXECUTE_ACTION
	Object      : Gesim.GsStampSupport(StampSupport_Gen2)
	Action      : MeasureTool->SRack Stamp (3x)

30.07.2024 13:06:11 - 41617 - Sensor already switched
	Description : 
	Time        : 13:06:11.41
	Command     : EXECUTE_ACTION
	Object      : Gesim.GsStampSupport(StampSupport_Gen2)
	Action      : MeasureTool->SRack Stamp (3x)

30.07.2024 13:11:53 - 41473 - Invalid mode
	Description : Command cannot be executed in this mode.
	Time        : 13:11:53.37
	Command     : EXECUTE_ACTION
	Object      : Gesim.GsStampSupport(StampSupport_Gen2)
	Action      : MeasureTool->SRack Stamp (3x)

30.07.2024 13:14:38 - 41536 - No piece on tool
	Description : 
	Time        : 13:14:38.26
	Command     : EXECUTE_ACTION
	Object      : Gesim.GsStampSupport(StampSupport_Gen2)
	Action      : MeasureTool->SRack Stamp (3x)

31.07.2024 11:38:36 - 50017 - Could not edit configuration
	Description : The configuration could not be edited.
	Time        : 11:38:36.21
	Exception   : Gesim.ConfigException: Object: Point-Invalid mode
   bei Gesim.GsMachine.createGsObject(GsObject gsObject)
   bei Gesim.GsObjectDirectory.pasteObject(GsObject gsObject, GsObject parent, GsSlot slot, Int32 index)
   bei GesimRobotics.ViewModels.Objects.DisplayObject.addChild(GsObject obj)

31.07.2024 11:39:04 - 41535 - Z-Sensor not calibrated
	Description : 
	Time        : 12:42:08.48
	ActionType  : Measure
	MachineMode : Manu
	MachineState: Active
	Object      : Gesim.GsZSensor(ZSensor)
	PLC Object  : FB_ComplexAction
	PLC Action  : A_MeasureTarget
	PLC AState  : 0

31.07.2024 11:46:41 - 41539 - Piece already in slot
	Description : 
	Time        : 12:49:45.29
	ActionType  : ExchangePiece
	MachineMode : Manu
	MachineState: Active
	Object      : Gesim.GsStampSupport(StampSupport_Gen2)
	PLC Object  : FB_ComplexAction
	PLC Action  : A_ExchangeStamp
	PLC AState  : 3

31.07.2024 11:47:01 - 41734 - Low position accuracy
	Description : Target not reached with required accuracy but motor has stopped - Internal error (7)
	Time        : 12:50:04.88
	ActionType  : MoveZ
	MachineMode : Manu
	MachineState: Active
	Object      : Gesim.GsStampSupport(StampSupport_Gen2)
	PLC Object  : FB_MzTool
	PLC Action  : A_MoveZ
	PLC AState  : 0

31.07.2024 11:47:01 - 41734 - Low position accuracy
	Description : Target not reached with required accuracy but motor has stopped - Internal error (7)
	Time        : 12:50:04.89
	ActionType  : ExchangePiece
	MachineMode : Manu
	MachineState: Active
	Object      : Gesim.GsStampSupport(StampSupport_Gen2)
	PLC Object  : FB_ComplexAction
	PLC Action  : A_ExchangeStamp
	PLC AState  : 3

31.07.2024 11:48:39 - 41539 - Piece already in slot
	Description : 
	Time        : 12:51:43.18
	ActionType  : ExchangePiece
	MachineMode : Manu
	MachineState: Active
	Object      : Gesim.GsStampSupport(StampSupport_Gen2)
	PLC Object  : FB_ComplexAction
	PLC Action  : A_ExchangeStamp
	PLC AState  : 3

31.07.2024 11:53:17 - 41539 - Piece already in slot
	Description : 
	Time        : 12:56:21.49
	ActionType  : ExchangePiece
	MachineMode : Manu
	MachineState: Active
	Object      : Gesim.GsStampSupport(StampSupport_Gen2)
	PLC Object  : FB_ComplexAction
	PLC Action  : A_ExchangeStamp
	PLC AState  : 3

31.07.2024 11:53:27 - 41539 - Piece already in slot
	Description : 
	Time        : 12:56:31.09
	ActionType  : ExchangePiece
	MachineMode : Manu
	MachineState: Active
	Object      : Gesim.GsStampSupport(StampSupport_Gen2)
	PLC Object  : FB_ComplexAction
	PLC Action  : A_ExchangeStamp
	PLC AState  : 3

31.07.2024 11:59:25 - 41539 - Piece already in slot
	Description : 
	Time        : 13:02:29.11
	ActionType  : ExchangePiece
	MachineMode : Manu
	MachineState: Active
	Object      : Gesim.GsStampSupport(StampSupport_Gen2)
	PLC Object  : FB_ComplexAction
	PLC Action  : A_ExchangeStamp
	PLC AState  : 3

01.08.2024 10:40:44 - 41473 - Invalid mode
	Description : Command cannot be executed in this mode.
	Time        : 10:40:44.64
	Command     : EXECUTE_ACTION
	Object      : Gesim.GsCartridgeDisp(Cartridge Dispenser (10ml))
	Action      : Set Pressure->600 kPa

01.08.2024 13:38:57 - 41500 - Target position out of range - X
	Description : Tool cannot move to target.
	Time        : 13:38:57.79
	Command     : EXECUTE_ACTION
	Object      : Gesim.GsPiezoPip(PiezoPipette Nano (Heatable))
	Action      : Move to Target->7Point->Center

01.08.2024 13:40:24 - 41540 - Invalid stamp assignment
	Description : 
	Time        : 13:40:24.39
	Command     : EXECUTE_ACTION
	Object      : Gesim.GsStampSupport(StampSupport_Gen2)
	Action      : MoveToTarget->Rack Stamp (3x)->Slot 3

01.08.2024 13:40:51 - 41540 - Invalid stamp assignment
	Description : 
	Time        : 13:40:51.76
	Command     : EXECUTE_ACTION
	Object      : Gesim.GsStampSupport(StampSupport_Gen2)
	Action      : MoveToTarget->Rack Stamp (3x)->Slot 3

01.08.2024 13:41:01 - 41540 - Invalid stamp assignment
	Description : 
	Time        : 13:41:01.70
	Command     : EXECUTE_ACTION
	Object      : Gesim.GsStampSupport(StampSupport_Gen2)
	Action      : MoveToTarget->Rack Stamp (3x)->Slot 2

01.08.2024 13:41:12 - 41500 - Target position out of range - X
	Description : Tool cannot move to target.
	Time        : 13:41:12.87
	Command     : EXECUTE_ACTION
	Object      : Gesim.GsPiezoPip(PiezoPipette Nano (Heatable))
	Action      : Move to Target->7Point->Center

01.08.2024 13:41:30 - 41570 - Risk of crash: Jog
	Description : Can not jog fast in this area.
	Time        : 13:41:30.98
	Command     : EXECUTE_ACTION
	Object      : Gesim.GsHead(Head)
	Action      : Jog

01.08.2024 13:50:54 - 41500 - Target position out of range - X
	Description : Tool cannot move to target.
	Time        : 13:50:54.21
	Command     : EXECUTE_ACTION
	Object      : Gesim.GsPiezoPip(PiezoPipette Nano (Heatable))
	Action      : Move to Target->8Point->Center

01.08.2024 13:58:14 - 41478 - Invalid state
	Description : Command can not be executed in this state.
	Time        : 13:58:14.05
	Command     : EXECUTE_ACTION
	Object      : Gesim.GsStampSupport(StampSupport_Gen2)
	Action      : Set Vacuum->0 kPa

01.08.2024 13:59:05 - 41500 - Target position out of range - X
	Description : Tool cannot move to target.
	Time        : 13:59:05.25
	Command     : EXECUTE_ACTION
	Object      : Gesim.GsHead(Collimator)
	Action      : Move to Target->1Point->Center

01.08.2024 14:19:59 - 41547 - NoPieceDetermined
	Description : 
	Time        : 15:23:03.54
	ActionType  : Undefined
	MachineMode : Auto
	MachineState: Running
	PLC Object  : FB_Sequence
	PLC Action  : UNDEFIEND
	PLC AState  : 2

01.08.2024 14:29:47 - 41500 - Target position out of range - X
	Description : Tool cannot move to target.
	Time        : 15:32:50.94
	ActionType  : ActionOnArray
	MachineMode : Manu
	MachineState: Active
	Object      : Gesim.GsPiezoPip(PiezoPipette Nano (Heatable))
	PLC Object  : FB_ComplexAction
	PLC Action  : A_ActionOnArray
	PLC AState  : 2

02.08.2024 08:40:13 - 41568 - Target position out of range - Z
	Description : Tool cannot move to target.
	Time        : 09:43:14.07
	ActionType  : MoveZ
	MachineMode : Manu
	MachineState: Active
	Object      : Gesim.GsCartridgeDisp(Cartridge Dispenser (10ml))
	PLC Object  : FB_MzTool
	PLC Action  : A_MoveZ
	PLC AState  : 0

02.08.2024 08:40:43 - 41556 - Head not in free Z-pos.
	Description : 
	Time        : 09:43:44.52
	ActionType  : InitDevices
	MachineMode : Init
	MachineState: Active
	Object      : Gesim.GsHead(Head)
	PLC Object  : FB_MzHead
	PLC Action  : A_Init
	PLC AState  : 3

02.08.2024 08:40:53 - 41556 - Head not in free Z-pos.
	Description : 
	Time        : 09:43:54.36
	ActionType  : InitDevices
	MachineMode : Init
	MachineState: Active
	Object      : Gesim.GsHead(Head)
	PLC Object  : FB_MzHead
	PLC Action  : A_Init
	PLC AState  : 3

02.08.2024 08:40:56 - 41556 - Head not in free Z-pos.
	Description : 
	Time        : 09:43:57.56
	ActionType  : InitDevices
	MachineMode : Init
	MachineState: Active
	Object      : Gesim.GsHead(Head)
	PLC Object  : FB_MzHead
	PLC Action  : A_Init
	PLC AState  : 3

02.08.2024 08:41:09 - 41556 - Head not in free Z-pos.
	Description : 
	Time        : 09:44:09.78
	ActionType  : InitDevices
	MachineMode : Init
	MachineState: Active
	Object      : Gesim.GsHead(Head)
	PLC Object  : FB_MzHead
	PLC Action  : A_Init
	PLC AState  : 3

02.08.2024 08:41:38 - 41556 - Head not in free Z-pos.
	Description : 
	Time        : 09:44:38.88
	ActionType  : InitDevices
	MachineMode : Init
	MachineState: Active
	Object      : Gesim.GsHead(Head)
	PLC Object  : FB_MzHead
	PLC Action  : A_Init
	PLC AState  : 3

02.08.2024 08:42:55 - 41985 - TimeoutWaitSetpointAck
	Description : Internal error
	Time        : 09:45:55.76
	ActionType  : MoveZ
	MachineMode : Manu
	MachineState: Active
	Object      : Gesim.GsZSensor(ZSensor)
	PLC Object  : FB_MzTool
	PLC Action  : A_MoveZ
	PLC AState  : 0

02.08.2024 08:42:55 - 41985 - TimeoutWaitSetpointAck
	Description : Internal error
	Time        : 09:45:55.77
	ActionType  : CalibrateZSensor
	MachineMode : Manu
	MachineState: Active
	Object      : Gesim.GsZSensor(ZSensor)
	PLC Object  : FB_ComplexAction
	PLC Action  : A_CalibrateZSensor
	PLC AState  : 2

02.08.2024 08:47:20 - 41568 - Target position out of range - Z
	Description : Tool cannot move to target.
	Time        : 09:50:25.02
	ActionType  : MoveZ
	MachineMode : Manu
	MachineState: Active
	Object      : Gesim.GsCartridgeDisp(Cartridge Dispenser (10ml))
	PLC Object  : FB_MzTool
	PLC Action  : A_MoveZ
	PLC AState  : 0

02.08.2024 08:48:23 - 41568 - Target position out of range - Z
	Description : Tool cannot move to target.
	Time        : 09:51:27.51
	ActionType  : MoveZ
	MachineMode : Manu
	MachineState: Active
	Object      : Gesim.GsCartridgeDisp(Cartridge Dispenser (10ml))
	PLC Object  : FB_MzTool
	PLC Action  : A_MoveZ
	PLC AState  : 0

02.08.2024 09:45:42 - 41568 - Target position out of range - Z
	Description : Tool cannot move to target.
	Time        : 10:48:46.42
	ActionType  : MoveZ
	MachineMode : Manu
	MachineState: Active
	Object      : Gesim.GsCartridgeDisp(Cartridge Dispenser (10ml))
	PLC Object  : FB_MzTool
	PLC Action  : A_MoveZ
	PLC AState  : 0

02.08.2024 09:46:20 - 41069 - No nozzle on tool
	Description : A printing tool was configured without a nozzle.
	Time        : 10:49:24.69
	ActionType  : Undefined
	MachineMode : Config
	MachineState: Active
	Object      : Gesim.GsCartridgeDisp(Cartridge Dispenser (10ml))
	PLC Object  : UNDEFIEND
	PLC Action  : UNDEFIEND
	PLC AState  : 0

02.08.2024 09:46:25 - 41069 - No nozzle on tool
	Description : A printing tool was configured without a nozzle.
	Time        : 10:49:29.75
	ActionType  : Undefined
	MachineMode : Config
	MachineState: Active
	Object      : Gesim.GsCartridgeDisp(Cartridge Dispenser (10ml))
	PLC Object  : UNDEFIEND
	PLC Action  : UNDEFIEND
	PLC AState  : 0

02.08.2024 09:46:28 - 41069 - No nozzle on tool
	Description : A printing tool was configured without a nozzle.
	Time        : 10:49:33.01
	ActionType  : Undefined
	MachineMode : Config
	MachineState: Active
	Object      : Gesim.GsCartridgeDisp(Cartridge Dispenser (10ml))
	PLC Object  : UNDEFIEND
	PLC Action  : UNDEFIEND
	PLC AState  : 0

02.08.2024 09:47:02 - 41069 - No nozzle on tool
	Description : A printing tool was configured without a nozzle.
	Time        : 10:49:33.01
	ActionType  : Undefined
	MachineMode : Config
	MachineState: Active
	Object      : Gesim.GsCartridgeDisp()
	PLC Object  : UNDEFIEND
	PLC Action  : UNDEFIEND
	PLC AState  : 0

02.08.2024 10:38:06 - 41568 - Target position out of range - Z
	Description : Tool cannot move to target.
	Time        : 11:41:10.14
	ActionType  : MoveZ
	MachineMode : Manu
	MachineState: Active
	Object      : Gesim.GsCartridgeDisp(Cartridge Dispenser (10ml))
	PLC Object  : FB_MzTool
	PLC Action  : A_MoveZ
	PLC AState  : 0

02.08.2024 11:50:35 - 41556 - Head not in free Z-pos.
	Description : 
	Time        : 12:53:40.30
	ActionType  : InitDevices
	MachineMode : Init
	MachineState: Active
	Object      : Gesim.GsHead(Head)
	PLC Object  : FB_MzHead
	PLC Action  : A_Init
	PLC AState  : 3

02.08.2024 12:06:51 - 41491 - Device not initialized
	Description : 
	Time        : 13:09:55.78
	ActionType  : MoveZ
	MachineMode : Auto
	MachineState: Running
	Object      : Gesim.GsHead(Head)
	PLC Object  : FB_MzHead
	PLC Action  : A_MoveZ
	PLC AState  : 80

02.08.2024 12:06:51 - 41491 - Device not initialized
	Description : 
	Time        : 13:09:55.78
	ActionType  : Undefined
	MachineMode : Auto
	MachineState: Running
	Object      : Gesim.GsHead(Head)
	PLC Object  : GCode
	PLC Action  : A_Start
	PLC AState  : 2

02.08.2024 12:07:01 - 42240 - InvalidToolNr
	Description : 
	Time        : 13:10:05.65
	ActionType  : Undefined
	MachineMode : Auto
	MachineState: Running
	PLC Object  : FB_HskMFunc
	PLC Action  : A_AssignRParamHeader
	PLC AState  : 1

02.08.2024 12:07:53 - 42247 - Scaffold Height Exceeded
	Description : Tool cannot move to all needed print positions (Z).
	Time        : 13:10:57.63
	ActionType  : Undefined
	MachineMode : Auto
	MachineState: Running
	Object      : Gesim.GsCartridgeDisp(Cartridge Dispenser (10ml))
	PLC Object  : FB_HskMFunc
	PLC Action  : A_AssignRParamHeader
	PLC AState  : 2

02.08.2024 12:08:22 - 42240 - InvalidToolNr
	Description : 
	Time        : 13:11:27.25
	ActionType  : Undefined
	MachineMode : Auto
	MachineState: Running
	Object      : Gesim.GsCartridgeDisp(Cartridge Dispenser (10ml))
	PLC Object  : FB_HskMFunc
	PLC Action  : A_SelectTool
	PLC AState  : 0

02.08.2024 12:08:37 - 42240 - InvalidToolNr
	Description : 
	Time        : 13:11:41.92
	ActionType  : Undefined
	MachineMode : Auto
	MachineState: Running
	Object      : Gesim.GsCartridgeDisp(Cartridge Dispenser (10ml))
	PLC Object  : FB_HskMFunc
	PLC Action  : A_SelectTool
	PLC AState  : 0

02.08.2024 12:09:57 - 17085 - Limit exceeded
	Description : NC-Block violates software limit switches of the group.
	Time        : 13:13:01.94
	ActionType  : Undefined
	MachineMode : Auto
	MachineState: Running
	Object      : Gesim.GsHead(Head)
	PLC Object  : GCode
	PLC Action  : A_Run
	PLC AState  : 20

02.08.2024 12:11:30 - 17085 - Limit exceeded
	Description : NC-Block violates software limit switches of the group.
	Time        : 13:14:35.53
	ActionType  : Undefined
	MachineMode : Auto
	MachineState: Running
	Object      : Gesim.GsHead(Head)
	PLC Object  : GCode
	PLC Action  : A_Run
	PLC AState  : 20

02.08.2024 13:05:59 - 41525 - System fluid bottle empty
	Description : 
	Time        : 13:05:59.43
	Command     : EXECUTE_ACTION
	Object      : Gesim.GsPiezoPip(PiezoPipette Nano)
	Action      : Dispense->10 µl->10 µl/s

02.08.2024 13:06:05 - 41525 - System fluid bottle empty
	Description : 
	Time        : 13:06:05.41
	Command     : EXECUTE_ACTION
	Object      : Gesim.GsPiezoPip(PiezoPipette Nano)
	Action      : Aspirate->10 µl->10 µl/s

02.08.2024 13:44:40 - 41568 - Target position out of range - Z
	Description : Tool cannot move to target.
	Time        : 14:47:44.63
	ActionType  : MoveZ
	MachineMode : Manu
	MachineState: Active
	Object      : Gesim.GsPassivePip(PassivePipette (LuerLock))
	PLC Object  : FB_MzTool
	PLC Action  : A_MoveZ
	PLC AState  : 0

02.08.2024 13:44:40 - 41568 - Target position out of range - Z
	Description : Tool cannot move to target.
	Time        : 14:47:44.64
	ActionType  : WashTool
	MachineMode : Manu
	MachineState: Active
	Object      : Gesim.GsPassivePip(PassivePipette (LuerLock))
	PLC Object  : FB_ComplexAction
	PLC Action  : A_WashTool
	PLC AState  : 1

02.08.2024 13:45:24 - 41568 - Target position out of range - Z
	Description : Tool cannot move to target.
	Time        : 14:48:28.29
	ActionType  : MoveZ
	MachineMode : Manu
	MachineState: Active
	Object      : Gesim.GsPassivePip(PassivePipette (LuerLock))
	PLC Object  : FB_MzTool
	PLC Action  : A_MoveZ
	PLC AState  : 0

02.08.2024 13:45:24 - 41568 - Target position out of range - Z
	Description : Tool cannot move to target.
	Time        : 14:48:28.30
	ActionType  : Measure
	MachineMode : Manu
	MachineState: Active
	Object      : Gesim.GsPassivePip(PassivePipette (LuerLock))
	PLC Object  : FB_ComplexAction
	PLC Action  : A_MeasureTool
	PLC AState  : 21

02.08.2024 13:46:04 - 41568 - Target position out of range - Z
	Description : Tool cannot move to target.
	Time        : 14:49:08.49
	ActionType  : MoveZ
	MachineMode : Manu
	MachineState: Active
	Object      : Gesim.GsPassivePip(PassivePipette (LuerLock))
	PLC Object  : FB_MzTool
	PLC Action  : A_MoveZ
	PLC AState  : 0

02.08.2024 13:46:04 - 41568 - Target position out of range - Z
	Description : Tool cannot move to target.
	Time        : 14:49:08.50
	ActionType  : Measure
	MachineMode : Manu
	MachineState: Active
	Object      : Gesim.GsPassivePip(PassivePipette (LuerLock))
	PLC Object  : FB_ComplexAction
	PLC Action  : A_MeasureTool
	PLC AState  : 21

02.08.2024 13:46:59 - 41568 - Target position out of range - Z
	Description : Tool cannot move to target.
	Time        : 14:50:03.62
	ActionType  : MoveZ
	MachineMode : Manu
	MachineState: Active
	Object      : Gesim.GsPassivePip(PassivePipette (LuerLock))
	PLC Object  : FB_MzTool
	PLC Action  : A_MoveZ
	PLC AState  : 0

02.08.2024 13:46:59 - 41568 - Target position out of range - Z
	Description : Tool cannot move to target.
	Time        : 14:50:03.63
	ActionType  : MoveToTarget
	MachineMode : Manu
	MachineState: Active
	Object      : Gesim.GsPassivePip(PassivePipette (LuerLock))
	PLC Object  : FB_ComplexAction
	PLC Action  : A_MoveToTarget
	PLC AState  : 0

02.08.2024 13:47:26 - 41568 - Target position out of range - Z
	Description : Tool cannot move to target.
	Time        : 14:50:30.28
	ActionType  : MoveZ
	MachineMode : Manu
	MachineState: Active
	Object      : Gesim.GsPassivePip(PassivePipette (LuerLock))
	PLC Object  : FB_MzTool
	PLC Action  : A_MoveZ
	PLC AState  : 0

02.08.2024 13:47:26 - 41568 - Target position out of range - Z
	Description : Tool cannot move to target.
	Time        : 14:50:30.29
	ActionType  : MoveToTarget
	MachineMode : Manu
	MachineState: Active
	Object      : Gesim.GsPassivePip(PassivePipette (LuerLock))
	PLC Object  : FB_ComplexAction
	PLC Action  : A_MoveToTarget
	PLC AState  : 0

02.08.2024 13:47:44 - 41568 - Target position out of range - Z
	Description : Tool cannot move to target.
	Time        : 14:50:48.85
	ActionType  : MoveZ
	MachineMode : Manu
	MachineState: Active
	Object      : Gesim.GsPassivePip(PassivePipette (LuerLock))
	PLC Object  : FB_MzTool
	PLC Action  : A_MoveZ
	PLC AState  : 0

02.08.2024 13:47:44 - 41568 - Target position out of range - Z
	Description : Tool cannot move to target.
	Time        : 14:50:48.86
	ActionType  : MoveToTarget
	MachineMode : Manu
	MachineState: Active
	Object      : Gesim.GsPassivePip(PassivePipette (LuerLock))
	PLC Object  : FB_ComplexAction
	PLC Action  : A_MoveToTarget
	PLC AState  : 0

02.08.2024 13:51:03 - 41526 - Waste bottle full
	Description : 
	Time        : 13:51:03.22
	Command     : EXECUTE_ACTION
	Object      : Gesim.GsPassivePip(PassivePipette)
	Action      : Wash->Washpoint 1->WashOutside->1 s

02.08.2024 13:51:16 - 41519 - Timeout
	Description : Internal error
	Time        : 14:54:20.77
	ActionType  : Rinse
	MachineMode : Manu
	MachineState: Active
	Object      : Gesim.GsTipCalibrator(TipCalibrator)
	PLC Object  : FB_WashStation
	PLC Action  : A_Rinse
	PLC AState  : 2

02.08.2024 13:51:28 - 41473 - Invalid mode
	Description : Command cannot be executed in this mode.
	Time        : 13:51:28.96
	Command     : EXECUTE_ACTION
	Object      : Gesim.GsPassivePip(PassivePipette)
	Action      : Wash->Washpoint 1->WashOutside->1 s

02.08.2024 13:51:59 - 41519 - Timeout
	Description : Internal error
	Time        : 14:55:03.52
	ActionType  : Rinse
	MachineMode : Manu
	MachineState: Active
	Object      : Gesim.GsTipCalibrator(TipCalibrator)
	PLC Object  : FB_WashStation
	PLC Action  : A_Rinse
	PLC AState  : 2

02.08.2024 13:54:11 - 41511 - Z-Sensor not mounted
	Description : A measurement was attempted without mounted Z-Sensor.
	Time        : 13:54:11.03
	Command     : EXECUTE_ACTION
	Object      : Gesim.GsZSensor(ZSensor)
	Action      : Calibrate Z-Sensor

02.08.2024 13:54:26 - 41623 - Calibration point has an offset
	Description : 
	Time        : 13:54:26.49
	Command     : EXECUTE_ACTION
	Object      : Gesim.GsZSensor(ZSensor)
	Action      : Calibrate Z-Sensor

02.08.2024 13:55:12 - 41568 - Target position out of range - Z
	Description : Tool cannot move to target.
	Time        : 14:58:16.30
	ActionType  : MoveZ
	MachineMode : Manu
	MachineState: Active
	Object      : Gesim.GsCartridgeDisp(Cartridge Dispenser (10ml))
	PLC Object  : FB_MzTool
	PLC Action  : A_MoveZ
	PLC AState  : 0

06.08.2024 09:41:34 - 41473 - Invalid mode
	Description : Command cannot be executed in this mode.
	Time        : 09:41:34.06
	Command     : EXECUTE_ACTION
	Object      : Gesim.GsSubstHolder(SingleSubstrateHolder)
	Action      : Heating->On->20°C

06.08.2024 11:30:31 - 41568 - Target position out of range - Z
	Description : Tool cannot move to target.
	Time        : 12:33:38.86
	ActionType  : MoveZ
	MachineMode : Manu
	MachineState: Active
	Object      : Gesim.GsCartridgeDisp(Cartridge Dispenser (10ml))
	PLC Object  : FB_MzTool
	PLC Action  : A_MoveZ
	PLC AState  : 0

06.08.2024 11:56:30 - 41473 - Invalid mode
	Description : Command cannot be executed in this mode.
	Time        : 11:56:30.04
	Command     : EXECUTE_ACTION
	Object      : Gesim.GsPassivePip(PassivePipette)
	Action      : Wash->Washpoint 2->WashOutside->5 s

06.08.2024 11:56:38 - 41473 - Invalid mode
	Description : Command cannot be executed in this mode.
	Time        : 11:56:38.92
	Command     : EXECUTE_ACTION
	Object      : Gesim.GsPassivePip(PassivePipette)
	Action      : Wash->Washpoint 1->WashOutside->5 s

06.08.2024 11:56:56 - 41473 - Invalid mode
	Description : Command cannot be executed in this mode.
	Time        : 11:56:56.14
	Command     : EXECUTE_ACTION
	Object      : Gesim.GsPassivePip(PassivePipette)
	Action      : Wash->Washpoint 1->WashInOutside->10 µl->10 µl/s->5 s

06.08.2024 11:59:37 - 41502 - Pipet move with Z-Sensor
	Description : The pipet cannot move with Z-Sensor mounted.
	Time        : 13:02:44.94
	ActionType  : WashTool
	MachineMode : Manu
	MachineState: Active
	PLC Object  : FB_ComplexAction
	PLC Action  : A_WashTool
	PLC AState  : 1

06.08.2024 12:00:06 - 41502 - Pipet move with Z-Sensor
	Description : The pipet cannot move with Z-Sensor mounted.
	Time        : 13:03:13.88
	ActionType  : WashTool
	MachineMode : Manu
	MachineState: Active
	PLC Object  : FB_ComplexAction
	PLC Action  : A_WashTool
	PLC AState  : 1

07.08.2024 11:37:06 - 41995 - InvalidToolConfig
	Description : 
	Time        : 12:40:13.75
	ActionType  : Undefined
	MachineMode : Config
	MachineState: Active
	PLC Object  : FB_MultiZRef
	PLC Action  : A_SetConfig
	PLC AState  : 0

07.08.2024 11:37:06 - 41995 - InvalidToolConfig
	Description : 
	Time        : 12:40:13.76
	ActionType  : Undefined
	MachineMode : Config
	MachineState: Active
	PLC Object  : FB_Configuration
	PLC Action  : A_Activate
	PLC AState  : 0

07.08.2024 11:37:11 - 41995 - InvalidToolConfig
	Description : 
	Time        : 12:40:18.16
	ActionType  : Undefined
	MachineMode : Config
	MachineState: Active
	PLC Object  : FB_MultiZRef
	PLC Action  : A_SetConfig
	PLC AState  : 0

07.08.2024 11:37:11 - 41995 - InvalidToolConfig
	Description : 
	Time        : 12:40:18.17
	ActionType  : Undefined
	MachineMode : Config
	MachineState: Active
	PLC Object  : FB_Configuration
	PLC Action  : A_Activate
	PLC AState  : 0

07.08.2024 11:37:18 - 41995 - InvalidToolConfig
	Description : 
	Time        : 12:40:18.17
	ActionType  : Undefined
	MachineMode : Config
	MachineState: Active
	PLC Object  : FB_Configuration
	PLC Action  : A_Activate
	PLC AState  : 0

08.08.2024 13:13:14 - 40996 - Not a device
	Description : 
	Time        : 13:13:14.04
	Command     : EXECUTE_ACTION
	Object      : Gesim.GsHead(Head)
	Action      : Jog

08.08.2024 13:13:14 - 40996 - Not a device
	Description : 
	Time        : 13:13:14.06
	Command     : EXECUTE_ACTION
	Object      : Gesim.GsHead(Head)
	Action      : Jog

08.08.2024 13:13:27 - 41473 - Invalid mode
	Description : Command cannot be executed in this mode.
	Time        : 13:13:27.21
	Command     : EXECUTE_ACTION
	Object      : Gesim.GsHead(Head)
	Action      : Jog

08.08.2024 13:13:27 - 41473 - Invalid mode
	Description : Command cannot be executed in this mode.
	Time        : 13:13:27.22
	Command     : EXECUTE_ACTION
	Object      : Gesim.GsHead(Head)
	Action      : Jog

15.08.2024 06:41:46 - 41539 - Piece already in slot
	Description : 
	Time        : 07:45:00.42
	ActionType  : ExchangePiece
	MachineMode : Manu
	MachineState: Active
	Object      : Gesim.GsStampSupport(StampSupport_Gen2)
	PLC Object  : FB_ComplexAction
	PLC Action  : A_ExchangeStamp
	PLC AState  : 3

15.08.2024 06:42:04 - 41539 - Piece already in slot
	Description : 
	Time        : 07:45:17.67
	ActionType  : ExchangePiece
	MachineMode : Manu
	MachineState: Active
	Object      : Gesim.GsStampSupport(StampSupport_Gen2)
	PLC Object  : FB_ComplexAction
	PLC Action  : A_ExchangeStamp
	PLC AState  : 3

05.12.2024 13:21:25 - 41532 - InvalidHWItem
	Description : 
	Time        : 13:21:25.34
	Command     : READ_HW_PROP

05.12.2024 13:21:54 - 41532 - InvalidHWItem
	Description : 
	Time        : 13:21:54.62
	Command     : WRITE_HW_PROP
	Comment     : ModulId: 131330 PropType: WorkplateDim Value: 498000

05.12.2024 13:22:05 - 41532 - InvalidHWItem
	Description : 
	Time        : 13:22:05.11
	Command     : READ_HW_PROP

05.12.2024 13:22:10 - 50005 - Connection error
	Description : The connection to the device could not be established.
	Time        : 13:22:10.71
	Exception   : System.InvalidOperationException: Dieser BackgroundWorker ist derzeit ausgelastet und kann nicht mehrere Aufgaben gleichzeitig ausführen.
   bei Gesim.GsMachine.Connect(String routeName, Boolean record, Boolean withoutActivation)
   bei GesimRobotics.ViewModels.Dialogs.DebugMenuDialog.connect()

05.12.2024 13:22:14 - 41532 - InvalidHWItem
	Description : 
	Time        : 13:22:13.77
	Command     : READ_HW_PROP

05.12.2024 13:22:47 - 41532 - InvalidHWItem
	Description : 
	Time        : 13:22:46.58
	Command     : READ_HW_PROP

06.12.2024 11:26:15 - 41995 - InvalidToolConfig
	Description : 
	Time        : 12:26:11.18
	ActionType  : Undefined
	MachineMode : Config
	MachineState: Active
	PLC Object  : FB_MultiZRef
	PLC Action  : A_SetConfig
	PLC AState  : 0

06.12.2024 11:26:15 - 41995 - InvalidToolConfig
	Description : 
	Time        : 12:26:11.19
	ActionType  : Undefined
	MachineMode : Config
	MachineState: Active
	PLC Object  : FB_Configuration
	PLC Action  : A_Activate
	PLC AState  : 0

06.12.2024 11:26:19 - 41995 - InvalidToolConfig
	Description : 
	Time        : 12:26:14.92
	ActionType  : Undefined
	MachineMode : Config
	MachineState: Active
	PLC Object  : FB_MultiZRef
	PLC Action  : A_SetConfig
	PLC AState  : 0

06.12.2024 11:26:19 - 41995 - InvalidToolConfig
	Description : 
	Time        : 12:26:14.93
	ActionType  : Undefined
	MachineMode : Config
	MachineState: Active
	PLC Object  : FB_Configuration
	PLC Action  : A_Activate
	PLC AState  : 0

06.12.2024 11:26:50 - 41995 - InvalidToolConfig
	Description : 
	Time        : 12:26:14.93
	ActionType  : Undefined
	MachineMode : Config
	MachineState: Active
	PLC Object  : FB_Configuration
	PLC Action  : A_Activate
	PLC AState  : 0

06.12.2024 11:34:08 - 41575 - StopButtonNotReleased
	Description : 
	Time        : 11:34:08.74
	Command     : EXECUTE_ACTION
	Object      : Gesim.GsHighVoltTray(HighVoltTray)
	Action      : Set Voltage->30 kV

06.12.2024 11:45:27 - 41575 - StopButtonNotReleased
	Description : 
	Time        : 11:45:27.81
	Command     : EXECUTE_ACTION
	Object      : Gesim.GsHighVoltTray(HighVoltTray)
	Action      : Set Voltage->30 kV

16.12.2024 12:17:39 - 41995 - InvalidToolConfig
	Description : 
	Time        : 13:17:35.44
	ActionType  : Undefined
	MachineMode : Config
	MachineState: Active
	PLC Object  : FB_MultiZRef
	PLC Action  : A_SetConfig
	PLC AState  : 0

16.12.2024 12:17:39 - 41995 - InvalidToolConfig
	Description : 
	Time        : 13:17:35.45
	ActionType  : Undefined
	MachineMode : Config
	MachineState: Active
	PLC Object  : FB_Configuration
	PLC Action  : A_Activate
	PLC AState  : 0

18.12.2024 06:33:39 - 50013 - Changed configuration
	Description : The current configuration has changed significantly. Some settings might have changed.
	Time        : 06:33:39.57

18.12.2024 06:33:52 - 41503 - Configuration not activated
	Description : 
	Time        : 06:33:52.13
	Command     : CHANGE_MODE

18.12.2024 06:47:47 - 41525 - System fluid bottle empty
	Description : 
	Time        : 07:47:44.05
	ActionType  : Undefined
	MachineMode : Manu
	MachineState: Idle
	PLC Object  : FB_DeviceBase
	PLC Action  : UNDEFIEND
	PLC AState  : 0

18.12.2024 06:48:54 - 41527 - Timeout while filling PCV
	Description : A timeout occurred while filling the pressure compensation vessel.
	Time        : 07:48:50.78
	ActionType  : Undefined
	MachineMode : Manu
	MachineState: Idle
	PLC Object  : FB_DeviceBase
	PLC Action  : UNDEFIEND
	PLC AState  : 0

18.12.2024 06:51:19 - 41526 - Waste bottle full
	Description : 
	Time        : 06:51:19.92
	Command     : EXECUTE_ACTION
	Object      : Gesim.GsPiezoPip(PiezoPipette Nano (Heatable))
	Action      : Wash->Washpoint 1->WashOutside->1 s

18.12.2024 08:09:03 - 41575 - StopButtonNotReleased
	Description : 
	Time        : 08:09:03.54
	Command     : EXECUTE_ACTION
	Object      : Gesim.GsHead(Head)
	Action      : Jog

18.12.2024 08:09:03 - 41575 - StopButtonNotReleased
	Description : 
	Time        : 08:09:03.56
	Command     : EXECUTE_ACTION
	Object      : Gesim.GsHead(Head)
	Action      : Jog

18.12.2024 08:09:08 - 41575 - StopButtonNotReleased
	Description : 
	Time        : 08:09:08.27
	Command     : EXECUTE_ACTION
	Object      : Gesim.GsHead(Head)
	Action      : Jog

18.12.2024 10:19:28 - 41069 - No nozzle on tool
	Description : A printing tool was configured without a nozzle.
	Time        : 11:19:24.68
	ActionType  : Undefined
	MachineMode : Config
	MachineState: Active
	Object      : Gesim.GsMultiCartHolder(CoreShellHolder)
	PLC Object  : UNDEFIEND
	PLC Action  : UNDEFIEND
	PLC AState  : 0

18.12.2024 10:20:00 - 41069 - No nozzle on tool
	Description : A printing tool was configured without a nozzle.
	Time        : 11:19:56.64
	ActionType  : Undefined
	MachineMode : Config
	MachineState: Active
	Object      : Gesim.GsMultiCartHolder(CoreShellHolder)
	PLC Object  : UNDEFIEND
	PLC Action  : UNDEFIEND
	PLC AState  : 0

18.12.2024 10:21:27 - 41575 - StopButtonNotReleased
	Description : 
	Time        : 10:21:27.07
	Command     : EXECUTE_ACTION
	Object      : Gesim.GsHighVoltTray(HighVoltTray)
	Action      : Set Voltage->30 kV

18.12.2024 13:28:42 - 41476 - Object does not exist
	Description : 
	Time        : 13:28:42.22
	Command     : WRITE_ALL_PROPS
	Object      : Gesim.GsDiluter(Diluter 3-Way)

10.01.2025 07:31:18 - 50007 - Invalid configuration
	Description : A valid configuration has to include at least a head and workplate.
	Time        : 07:31:18.79

10.01.2025 07:31:27 -  1810 - server is in invalid state
	Description : 
	Time        : 07:29:19.67
	ActionType  : Undefined
	MachineMode : Config
	MachineState: Idle
	PLC Object  : ScanHwModules
	PLC Action  : UNDEFIEND
	PLC AState  : 8

10.01.2025 07:38:25 -  1810 - server is in invalid state
	Description : 
	Time        : 07:36:10.68
	ActionType  : Undefined
	MachineMode : Config
	MachineState: Idle
	PLC Object  : ScanHwModules
	PLC Action  : UNDEFIEND
	PLC AState  : 8

10.01.2025 07:40:24 -  1810 - server is in invalid state
	Description : 
	Time        : 07:36:10.68
	ActionType  : Undefined
	MachineMode : Config
	MachineState: Idle
	PLC Object  : ScanHwModules
	PLC Action  : UNDEFIEND
	PLC AState  : 8

10.01.2025 08:07:22 - 50005 - Connection error
	Description : The connection to the device could not be established.
	Time        : 08:07:22.94
	Exception   : System.InvalidOperationException: Dieser BackgroundWorker ist derzeit ausgelastet und kann nicht mehrere Aufgaben gleichzeitig ausführen.
   bei Gesim.GsMachine.Connect(String routeName, Boolean record, Boolean withoutActivation)
   bei GesimRobotics.ViewModels.Dialogs.DebugMenuDialog.connect()

10.01.2025 08:07:27 -  1810 - server is in invalid state
	Description : 
	Time        : 07:36:10.68
	ActionType  : Undefined
	MachineMode : Config
	MachineState: Idle
	PLC Object  : ScanHwModules
	PLC Action  : UNDEFIEND
	PLC AState  : 8

10.01.2025 08:15:46 -  1864 - ADS port not opened
	Description : Internal error
	Time        : 08:15:46.14
	Command     : INTERACT_RESPONSE

10.01.2025 08:27:48 - 41995 - InvalidToolConfig
	Description : 
	Time        : 08:27:47.66
	ActionType  : Undefined
	MachineMode : Config
	MachineState: Active
	PLC Object  : FB_MultiZRef
	PLC Action  : A_SetConfig
	PLC AState  : 0

10.01.2025 08:27:48 - 41995 - InvalidToolConfig
	Description : 
	Time        : 08:27:47.67
	ActionType  : Undefined
	MachineMode : Config
	MachineState: Active
	PLC Object  : FB_Configuration
	PLC Action  : A_Activate
	PLC AState  : 0

13.01.2025 08:20:30 - 41474 - Mode change impossible
	Description : Mode can only be changed in state "idle".
	Time        : 08:20:30.98
	Command     : CHANGE_MODE

13.01.2025 08:21:06 - 41478 - Invalid state
	Description : Command can not be executed in this state.
	Time        : 08:21:06.74
	Command     : SETUP_AXIS

13.01.2025 08:42:47 - 50005 - Connection error
	Description : The connection to the device could not be established.
	Time        : 08:42:47.69
	Exception   : System.InvalidOperationException: Dieser BackgroundWorker ist derzeit ausgelastet und kann nicht mehrere Aufgaben gleichzeitig ausführen.
   bei Gesim.GsMachine.Connect(String routeName, Boolean record, Boolean withoutActivation)
   bei GesimRobotics.ViewModels.Dialogs.DebugMenuDialog.connect()

13.01.2025 08:43:39 - 50005 - Connection error
	Description : The connection to the device could not be established.
	Time        : 08:43:39.93
	Exception   : System.InvalidOperationException: Dieser BackgroundWorker ist derzeit ausgelastet und kann nicht mehrere Aufgaben gleichzeitig ausführen.
   bei Gesim.GsMachine.Connect(String routeName, Boolean record, Boolean withoutActivation)
   bei GesimRobotics.ViewModels.Dialogs.DebugMenuDialog.connect()

13.01.2025 08:45:52 - 41216 - Communication timeout
	Description : Communication timeout - diluter.
	Time        : 08:45:47.24
	ActionType  : InitDevices
	MachineMode : Init
	MachineState: Active
	PLC Object  : FB_Diluter
	PLC Action  : A_Init
	PLC AState  : 1

14.01.2025 06:19:21 - 50005 - Connection error
	Description : The connection to the device could not be established.
	Time        : 06:19:21.62
	Exception   : System.Exception: Missing route: CP-909983
   bei Gesim.GsMachine.Connect(String routeName, Boolean record, Boolean withoutActivation)
   bei GesimRobotics.ViewModels.Dialogs.DebugMenuDialog.connect()

14.01.2025 06:19:52 - 50005 - Connection error
	Description : The connection to the device could not be established.
	Time        : 06:19:52.49
	Exception   : System.Exception: Missing route: CP-909983
   bei Gesim.GsMachine.Connect(String routeName, Boolean record, Boolean withoutActivation)
   bei GesimRobotics.ViewModels.ConnectionManager.Connect(String routeName)

14.01.2025 08:24:25 -  1864 - ADS port not opened
	Description : Internal error
	Time        : 08:24:25.63
	Command     : INTERACT_RESPONSE

14.01.2025 13:41:23 - 41503 - Configuration not activated
	Description : 
	Time        : 13:41:23.57
	Command     : CHANGE_MODE

14.01.2025 14:00:16 - 41491 - Device not initialized
	Description : 
	Time        : 14:00:09.93
	ActionType  : MoveZ
	MachineMode : Auto
	MachineState: Running
	Object      : Gesim.GsHead(Head)
	PLC Object  : FB_MzHead
	PLC Action  : A_MoveZ
	PLC AState  : 80

14.01.2025 14:00:16 - 41491 - Device not initialized
	Description : 
	Time        : 14:00:09.93
	ActionType  : Undefined
	MachineMode : Auto
	MachineState: Running
	Object      : Gesim.GsHead(Head)
	PLC Object  : GCode
	PLC Action  : A_Start
	PLC AState  : 2

14.01.2025 14:00:22 - 17085 - Limit exceeded
	Description : NC-Block violates software limit switches of the group.
	Time        : 14:00:16.44
	ActionType  : Undefined
	MachineMode : Auto
	MachineState: Running
	Object      : Gesim.GsHead(Head)
	PLC Object  : GCode
	PLC Action  : A_Run
	PLC AState  : 20

14.01.2025 14:01:47 - 17085 - Limit exceeded
	Description : NC-Block violates software limit switches of the group.
	Time        : 14:01:41.13
	ActionType  : Undefined
	MachineMode : Auto
	MachineState: Running
	Object      : Gesim.GsHead(Head)
	PLC Object  : GCode
	PLC Action  : A_Run
	PLC AState  : 20

14.01.2025 14:02:34 - 17085 - Limit exceeded
	Description : NC-Block violates software limit switches of the group.
	Time        : 14:02:28.79
	ActionType  : Undefined
	MachineMode : Auto
	MachineState: Running
	Object      : Gesim.GsHead(Head)
	PLC Object  : GCode
	PLC Action  : A_Run
	PLC AState  : 20

14.01.2025 14:05:06 - 17085 - Limit exceeded
	Description : NC-Block violates software limit switches of the group.
	Time        : 14:05:00.44
	ActionType  : Undefined
	MachineMode : Auto
	MachineState: Running
	Object      : Gesim.GsHead(Head)
	PLC Object  : GCode
	PLC Action  : A_Run
	PLC AState  : 20

14.01.2025 14:06:03 - 17085 - Limit exceeded
	Description : NC-Block violates software limit switches of the group.
	Time        : 14:05:57.19
	ActionType  : Undefined
	MachineMode : Auto
	MachineState: Running
	Object      : Gesim.GsHead(Head)
	PLC Object  : GCode
	PLC Action  : A_Run
	PLC AState  : 20

14.01.2025 14:06:20 - 17085 - Limit exceeded
	Description : NC-Block violates software limit switches of the group.
	Time        : 14:06:14.87
	ActionType  : Undefined
	MachineMode : Auto
	MachineState: Running
	Object      : Gesim.GsHead(Head)
	PLC Object  : GCode
	PLC Action  : A_Run
	PLC AState  : 20

14.01.2025 14:13:13 - 17085 - Limit exceeded
	Description : NC-Block violates software limit switches of the group.
	Time        : 14:13:07.34
	ActionType  : Undefined
	MachineMode : Auto
	MachineState: Running
	Object      : Gesim.GsHead(Head)
	PLC Object  : GCode
	PLC Action  : A_Run
	PLC AState  : 20

14.01.2025 14:13:29 - 17085 - Limit exceeded
	Description : NC-Block violates software limit switches of the group.
	Time        : 14:13:22.89
	ActionType  : Undefined
	MachineMode : Auto
	MachineState: Running
	Object      : Gesim.GsHead(Head)
	PLC Object  : GCode
	PLC Action  : A_Run
	PLC AState  : 20

14.01.2025 14:14:07 - 17085 - Limit exceeded
	Description : NC-Block violates software limit switches of the group.
	Time        : 14:14:01.13
	ActionType  : Undefined
	MachineMode : Auto
	MachineState: Running
	Object      : Gesim.GsHead(Head)
	PLC Object  : GCode
	PLC Action  : A_Run
	PLC AState  : 20

14.01.2025 14:14:21 - 17085 - Limit exceeded
	Description : NC-Block violates software limit switches of the group.
	Time        : 14:14:15.04
	ActionType  : Undefined
	MachineMode : Auto
	MachineState: Running
	Object      : Gesim.GsHead(Head)
	PLC Object  : GCode
	PLC Action  : A_Run
	PLC AState  : 20

14.01.2025 14:14:39 - 17085 - Limit exceeded
	Description : NC-Block violates software limit switches of the group.
	Time        : 14:14:33.73
	ActionType  : Undefined
	MachineMode : Auto
	MachineState: Running
	Object      : Gesim.GsHead(Head)
	PLC Object  : GCode
	PLC Action  : A_Run
	PLC AState  : 20

14.01.2025 14:15:09 - 17085 - Limit exceeded
	Description : NC-Block violates software limit switches of the group.
	Time        : 14:15:03.62
	ActionType  : Undefined
	MachineMode : Auto
	MachineState: Running
	Object      : Gesim.GsHead(Head)
	PLC Object  : GCode
	PLC Action  : A_Run
	PLC AState  : 20

14.01.2025 14:15:35 - 17085 - Limit exceeded
	Description : NC-Block violates software limit switches of the group.
	Time        : 14:15:29.09
	ActionType  : Undefined
	MachineMode : Auto
	MachineState: Running
	Object      : Gesim.GsHead(Head)
	PLC Object  : GCode
	PLC Action  : A_Run
	PLC AState  : 20

14.01.2025 14:16:03 - 17085 - Limit exceeded
	Description : NC-Block violates software limit switches of the group.
	Time        : 14:15:56.90
	ActionType  : Undefined
	MachineMode : Auto
	MachineState: Running
	Object      : Gesim.GsHead(Head)
	PLC Object  : GCode
	PLC Action  : A_Run
	PLC AState  : 20

14.01.2025 14:18:31 - 17085 - Limit exceeded
	Description : NC-Block violates software limit switches of the group.
	Time        : 14:18:25.62
	ActionType  : Undefined
	MachineMode : Auto
	MachineState: Running
	Object      : Gesim.GsHead(Head)
	PLC Object  : GCode
	PLC Action  : A_Run
	PLC AState  : 20

14.01.2025 14:18:57 - 17085 - Limit exceeded
	Description : NC-Block violates software limit switches of the group.
	Time        : 14:18:50.95
	ActionType  : Undefined
	MachineMode : Auto
	MachineState: Running
	Object      : Gesim.GsHead(Head)
	PLC Object  : GCode
	PLC Action  : A_Run
	PLC AState  : 20

14.01.2025 14:20:24 - 17085 - Limit exceeded
	Description : NC-Block violates software limit switches of the group.
	Time        : 14:20:17.75
	ActionType  : Undefined
	MachineMode : Auto
	MachineState: Running
	Object      : Gesim.GsHead(Head)
	PLC Object  : GCode
	PLC Action  : A_Run
	PLC AState  : 20

14.01.2025 14:22:56 - 17085 - Limit exceeded
	Description : NC-Block violates software limit switches of the group.
	Time        : 14:22:50.57
	ActionType  : Undefined
	MachineMode : Auto
	MachineState: Running
	Object      : Gesim.GsHead(Head)
	PLC Object  : GCode
	PLC Action  : A_Run
	PLC AState  : 20

14.01.2025 14:36:40 - 17085 - Limit exceeded
	Description : NC-Block violates software limit switches of the group.
	Time        : 14:36:35.30
	ActionType  : Undefined
	MachineMode : Auto
	MachineState: Running
	PLC Object  : GCode
	PLC Action  : A_Run
	PLC AState  : 20

14.01.2025 14:41:17 - 17085 - Limit exceeded
	Description : NC-Block violates software limit switches of the group.
	Time        : 14:41:12.13
	ActionType  : Undefined
	MachineMode : Auto
	MachineState: Running
	PLC Object  : GCode
	PLC Action  : A_Run
	PLC AState  : 20

14.01.2025 14:41:34 - 17085 - Limit exceeded
	Description : NC-Block violates software limit switches of the group.
	Time        : 14:41:29.21
	ActionType  : Undefined
	MachineMode : Auto
	MachineState: Running
	PLC Object  : GCode
	PLC Action  : A_Run
	PLC AState  : 20

14.01.2025 14:41:58 - 17085 - Limit exceeded
	Description : NC-Block violates software limit switches of the group.
	Time        : 14:41:52.68
	ActionType  : Undefined
	MachineMode : Auto
	MachineState: Running
	PLC Object  : GCode
	PLC Action  : A_Run
	PLC AState  : 20

14.01.2025 14:44:18 - 41568 - Target position out of range - Z
	Description : Tool cannot move to target.
	Time        : 14:44:12.51
	ActionType  : Undefined
	MachineMode : Auto
	MachineState: Running
	PLC Object  : GCode
	PLC Action  : A_MoveZ
	PLC AState  : 0

14.01.2025 14:44:18 - 41568 - Target position out of range - Z
	Description : Tool cannot move to target.
	Time        : 14:44:12.51
	ActionType  : Undefined
	MachineMode : Auto
	MachineState: Running
	PLC Object  : GCode
	PLC Action  : A_MoveZ
	PLC AState  : 99

15.01.2025 10:02:29 - 50005 - Connection error
	Description : The connection to the device could not be established.
	Time        : 10:02:29.02
	Exception   : System.InvalidOperationException: Dieser BackgroundWorker ist derzeit ausgelastet und kann nicht mehrere Aufgaben gleichzeitig ausführen.
   bei Gesim.GsMachine.Connect(String routeName, Boolean record, Boolean withoutActivation)
   bei GesimRobotics.ViewModels.Dialogs.DebugMenuDialog.connect()

15.01.2025 10:59:59 - 41747 - Z-Sensor switch not found
	Description : Measurement: switching point not reached - Internal error (20)
	Time        : 10:59:58.71
	ActionType  : MoveZ
	MachineMode : Manu
	MachineState: Active
	Object      : Gesim.GsZSensor(ZSensor)
	PLC Object  : FB_MzTool
	PLC Action  : A_MoveZ
	PLC AState  : 0

15.01.2025 10:59:59 - 41747 - Z-Sensor switch not found
	Description : Measurement: switching point not reached - Internal error (20)
	Time        : 10:59:58.72
	ActionType  : Measure
	MachineMode : Manu
	MachineState: Active
	Object      : Gesim.GsZSensor(ZSensor)
	PLC Object  : FB_ComplexAction
	PLC Action  : A_MeasureTarget
	PLC AState  : 4

15.01.2025 11:51:03 - 41747 - Z-Sensor switch not found
	Description : Measurement: switching point not reached - Internal error (20)
	Time        : 11:51:02.64
	ActionType  : MoveZ
	MachineMode : Auto
	MachineState: Running
	Object      : Gesim.GsZSensor(ZSensor)
	PLC Object  : FB_MzTool
	PLC Action  : A_MoveZ
	PLC AState  : 0

15.01.2025 11:51:04 - 41747 - Z-Sensor switch not found
	Description : Measurement: switching point not reached - Internal error (20)
	Time        : 11:51:02.65
	ActionType  : Measure
	MachineMode : Auto
	MachineState: Running
	Object      : Gesim.GsZSensor(ZSensor)
	PLC Object  : FB_ComplexAction
	PLC Action  : A_MeasureTarget
	PLC AState  : 4

15.01.2025 11:52:25 - 41986 - TimeoutWaitTargetReached
	Description : Internal error
	Time        : 11:52:23.89
	ActionType  : MoveZ
	MachineMode : Auto
	MachineState: Running
	Object      : Gesim.GsZSensor(ZSensor)
	PLC Object  : FB_MzTool
	PLC Action  : A_MoveZ
	PLC AState  : 0

15.01.2025 11:52:25 - 41986 - TimeoutWaitTargetReached
	Description : Internal error
	Time        : 11:52:23.90
	ActionType  : Measure
	MachineMode : Auto
	MachineState: Running
	Object      : Gesim.GsZSensor(ZSensor)
	PLC Object  : FB_ComplexAction
	PLC Action  : A_MeasureTarget
	PLC AState  : 4

15.01.2025 11:53:04 - 41567 - Target position out of range - Y
	Description : Tool cannot move to target.
	Time        : 11:53:03.50
	ActionType  : Measure
	MachineMode : Manu
	MachineState: Active
	Object      : Gesim.GsZSensor(ZSensor)
	PLC Object  : FB_ComplexAction
	PLC Action  : A_MeasureTarget
	PLC AState  : 1

15.01.2025 13:31:22 - 41575 - StopButtonNotReleased
	Description : 
	Time        : 13:31:22.36
	Command     : EXECUTE_ACTION
	Object      : Gesim.GsHead(Head)
	Action      : Jog

15.01.2025 13:31:22 - 41575 - StopButtonNotReleased
	Description : 
	Time        : 13:31:22.37
	Command     : EXECUTE_ACTION
	Object      : Gesim.GsHead(Head)
	Action      : Jog

15.01.2025 13:33:36 - 41570 - Risk of crash: Jog
	Description : Can not jog fast in this area.
	Time        : 13:33:36.44
	Command     : EXECUTE_ACTION
	Object      : Gesim.GsHead(Head)
	Action      : Jog

15.01.2025 13:42:50 -  1817 - device has a timeout
	Description : 
	Time        : 13:42:35.09
	ActionType  : Undefined
	MachineMode : Config
	MachineState: Idle
	PLC Object  : ScanHwModules
	PLC Action  : UNDEFIEND
	PLC AState  : 11

15.01.2025 13:55:12 - 50013 - Changed configuration
	Description : The current configuration has changed significantly. Some settings might have changed.
	Time        : 13:55:12.05

15.01.2025 13:56:08 - 41511 - Z-Sensor not mounted
	Description : A measurement was attempted without mounted Z-Sensor.
	Time        : 13:56:07.28
	ActionType  : Undefined
	MachineMode : Auto
	MachineState: Running
	PLC Object  : FB_Sequence
	PLC Action  : UNDEFIEND
	PLC AState  : 2

15.01.2025 13:56:20 - 42247 - Scaffold Height Exceeded
	Description : Tool cannot move to all needed print positions (Z).
	Time        : 13:56:19.08
	ActionType  : Undefined
	MachineMode : Auto
	MachineState: Running
	PLC Object  : FB_HskMFunc
	PLC Action  : A_AssignRParamHeader
	PLC AState  : 2

15.01.2025 14:43:03 - 41597 - Device is not locked
	Description : 
	Time        : 14:43:03.03
	Command     : EXECUTE_ACTION
	Object      : Gesim.GsExtruder(HT-Extruder)
	Action      : Extrude->Extruder Off

15.01.2025 14:43:15 - 41998 - TimeoutLock
	Description : 
	Time        : 14:43:14.87
	ActionType  : LockUnlock
	MachineMode : Manu
	MachineState: Active
	Object      : Gesim.GsExtruder(HT-Extruder)
	PLC Object  : FB_Extruder
	PLC Action  : A_Reload
	PLC AState  : 80

16.01.2025 06:37:18 - 17744 - Following error monitoring (position).
	Description : With active following error monitoring (position) a following error exceedance has occurred, whose magnitude is greater than the following error window, and whose duration is longer than the parameterised following error filter time.
	Time        : 06:37:18.69
	ActionType  : Undefined
	MachineMode : Manu
	MachineState: Active
	PLC Object  : UNDEFIEND
	PLC Action  : UNDEFIEND
	PLC AState  : 0

16.01.2025 06:37:18 - 17744 - Following error monitoring (position).
	Description : With active following error monitoring (position) a following error exceedance has occurred, whose magnitude is greater than the following error window, and whose duration is longer than the parameterised following error filter time.
	Time        : 06:37:18.70
	ActionType  : MoveXY
	MachineMode : Manu
	MachineState: Active
	Object      : Gesim.GsHead(Head)
	PLC Object  : FB_MzBase
	PLC Action  : A_MoveXY
	PLC AState  : 3

16.01.2025 06:37:18 - 17744 - Following error monitoring (position).
	Description : With active following error monitoring (position) a following error exceedance has occurred, whose magnitude is greater than the following error window, and whose duration is longer than the parameterised following error filter time.
	Time        : 06:37:18.71
	ActionType  : MoveAllHome
	MachineMode : Manu
	MachineState: Active
	PLC Object  : FB_ComplexAction
	PLC Action  : A_MoveAllHome
	PLC AState  : 3

16.01.2025 06:38:00 - 41473 - Invalid mode
	Description : Command cannot be executed in this mode.
	Time        : 06:38:00.42
	Command     : EXECUTE_ACTION
	Object      : Gesim.GsCartridgeHolder(CartridgeHolder (HV/Internal Heater))
	Action      : Heating->On->20°C

16.01.2025 06:39:25 - 17505 - Unexpected error
	Description : An unexpected error has occurred.
	Time        : 06:39:25.86
	ActionType  : Undefined
	MachineMode : Manu
	MachineState: Active
	PLC Object  : UNDEFIEND
	PLC Action  : UNDEFIEND
	PLC AState  : 0

16.01.2025 06:39:25 - 17505 - Unexpected error
	Description : An unexpected error has occurred.
	Time        : 06:39:25.87
	ActionType  : MoveXY
	MachineMode : Manu
	MachineState: Active
	Object      : Gesim.GsHead(Head)
	PLC Object  : FB_MzBase
	PLC Action  : A_MoveXY
	PLC AState  : 3

16.01.2025 06:39:25 - 17505 - Unexpected error
	Description : An unexpected error has occurred.
	Time        : 06:39:25.88
	ActionType  : MoveAllHome
	MachineMode : Manu
	MachineState: Active
	PLC Object  : FB_ComplexAction
	PLC Action  : A_MoveAllHome
	PLC AState  : 3

16.01.2025 06:39:34 - 17505 - Unexpected error
	Description : An unexpected error has occurred.
	Time        : 06:39:34.83
	ActionType  : Undefined
	MachineMode : Manu
	MachineState: Active
	PLC Object  : UNDEFIEND
	PLC Action  : UNDEFIEND
	PLC AState  : 0

16.01.2025 06:39:34 - 17505 - Unexpected error
	Description : An unexpected error has occurred.
	Time        : 06:39:34.84
	ActionType  : MoveXY
	MachineMode : Manu
	MachineState: Active
	Object      : Gesim.GsHead(Head)
	PLC Object  : FB_MzBase
	PLC Action  : A_MoveXY
	PLC AState  : 3

16.01.2025 06:39:34 - 17505 - Unexpected error
	Description : An unexpected error has occurred.
	Time        : 06:39:34.85
	ActionType  : MoveAllHome
	MachineMode : Manu
	MachineState: Active
	PLC Object  : FB_ComplexAction
	PLC Action  : A_MoveAllHome
	PLC AState  : 3

16.01.2025 06:39:56 - 17505 - Unexpected error
	Description : An unexpected error has occurred.
	Time        : 06:39:57.23
	ActionType  : Undefined
	MachineMode : Manu
	MachineState: Active
	PLC Object  : UNDEFIEND
	PLC Action  : UNDEFIEND
	PLC AState  : 0

16.01.2025 06:39:56 - 17505 - Unexpected error
	Description : An unexpected error has occurred.
	Time        : 06:39:57.24
	ActionType  : MoveXY
	MachineMode : Manu
	MachineState: Active
	Object      : Gesim.GsHead(Head)
	PLC Object  : FB_MzBase
	PLC Action  : A_MoveXY
	PLC AState  : 3

16.01.2025 06:39:56 - 17505 - Unexpected error
	Description : An unexpected error has occurred.
	Time        : 06:39:57.25
	ActionType  : MoveAllHome
	MachineMode : Manu
	MachineState: Active
	PLC Object  : FB_ComplexAction
	PLC Action  : A_MoveAllHome
	PLC AState  : 3

16.01.2025 06:46:55 - 41995 - InvalidToolConfig
	Description : 
	Time        : 06:46:55.31
	ActionType  : Undefined
	MachineMode : Config
	MachineState: Active
	PLC Object  : FB_MultiZRef
	PLC Action  : A_SetConfig
	PLC AState  : 0

16.01.2025 06:46:56 - 41995 - InvalidToolConfig
	Description : 
	Time        : 06:46:55.32
	ActionType  : Undefined
	MachineMode : Config
	MachineState: Active
	PLC Object  : FB_Configuration
	PLC Action  : A_Activate
	PLC AState  : 0

16.01.2025 06:47:25 - 41995 - InvalidToolConfig
	Description : 
	Time        : 06:46:55.32
	ActionType  : Undefined
	MachineMode : Config
	MachineState: Active
	PLC Object  : FB_Configuration
	PLC Action  : A_Activate
	PLC AState  : 0

16.01.2025 06:59:48 - 41567 - Target position out of range - Y
	Description : Tool cannot move to target.
	Time        : 06:59:48.11
	ActionType  : Measure
	MachineMode : Manu
	MachineState: Active
	Object      : Gesim.GsZSensor(ZSensor)
	PLC Object  : FB_ComplexAction
	PLC Action  : A_MeasureTarget
	PLC AState  : 1

16.01.2025 07:01:00 - 41502 - Pipet move with Z-Sensor
	Description : The pipet cannot move with Z-Sensor mounted.
	Time        : 07:01:00.76
	ActionType  : MoveToTarget
	MachineMode : Manu
	MachineState: Active
	Object      : Gesim.GsZSensor(ZSensor)
	PLC Object  : FB_ComplexAction
	PLC Action  : A_MoveToTarget
	PLC AState  : 0

16.01.2025 07:01:38 - 41598 - RiskOfHighvoltFlashover
	Description : 
	Time        : 07:01:38.59
	Command     : EXECUTE_ACTION
	Object      : Gesim.GsPiezoPip(PiezoPipette Nano (Heatable))
	Action      : Move to Target->Point->Center

16.01.2025 07:01:54 - 41598 - RiskOfHighvoltFlashover
	Description : 
	Time        : 07:01:54.86
	Command     : EXECUTE_ACTION
	Object      : Gesim.GsPiezoPip(PiezoPipette Nano (Heatable))
	Action      : Move to Target->Point->Center

16.01.2025 07:02:44 - 41598 - RiskOfHighvoltFlashover
	Description : 
	Time        : 07:02:44.36
	Command     : EXECUTE_ACTION
	Object      : Gesim.GsZSensor(ZSensor)
	Action      : Measure Target->Point

16.01.2025 07:53:48 - 41995 - InvalidToolConfig
	Description : 
	Time        : 07:53:48.47
	ActionType  : Undefined
	MachineMode : Config
	MachineState: Active
	PLC Object  : FB_MultiZRef
	PLC Action  : A_SetConfig
	PLC AState  : 0

16.01.2025 07:53:49 - 41995 - InvalidToolConfig
	Description : 
	Time        : 07:53:48.48
	ActionType  : Undefined
	MachineMode : Config
	MachineState: Active
	PLC Object  : FB_Configuration
	PLC Action  : A_Activate
	PLC AState  : 0

16.01.2025 08:02:20 - 41527 - Timeout while filling PCV
	Description : A timeout occurred while filling the pressure compensation vessel.
	Time        : 08:02:19.53
	ActionType  : Undefined
	MachineMode : Manu
	MachineState: Idle
	PLC Object  : FB_DeviceBase
	PLC Action  : UNDEFIEND
	PLC AState  : 0

16.01.2025 08:17:46 - 41527 - Timeout while filling PCV
	Description : A timeout occurred while filling the pressure compensation vessel.
	Time        : 08:17:45.68
	ActionType  : Undefined
	MachineMode : Manu
	MachineState: Idle
	PLC Object  : FB_DeviceBase
	PLC Action  : UNDEFIEND
	PLC AState  : 0

16.01.2025 08:18:28 - 41525 - System fluid bottle empty
	Description : 
	Time        : 08:18:28.02
	ActionType  : Undefined
	MachineMode : Manu
	MachineState: Idle
	PLC Object  : FB_DeviceBase
	PLC Action  : UNDEFIEND
	PLC AState  : 0

16.01.2025 08:18:32 - 41525 - System fluid bottle empty
	Description : 
	Time        : 08:18:31.69
	ActionType  : Undefined
	MachineMode : Manu
	MachineState: Idle
	PLC Object  : FB_DeviceBase
	PLC Action  : UNDEFIEND
	PLC AState  : 0

16.01.2025 08:19:27 - 41526 - Waste bottle full
	Description : 
	Time        : 08:19:27.13
	Command     : EXECUTE_ACTION
	Object      : Gesim.GsPiezoPip(PiezoPipette Nano (Heatable))
	Action      : Wash->Washpoint 1->WashOutside->30 s

16.01.2025 08:19:37 - 41526 - Waste bottle full
	Description : 
	Time        : 08:19:37.75
	Command     : EXECUTE_ACTION
	Object      : Gesim.GsPiezoPip(PiezoPipette Nano (Heatable))
	Action      : Wash->Washpoint 1->WashOutside->30 s

16.01.2025 08:20:13 - 41526 - Waste bottle full
	Description : 
	Time        : 08:20:13.07
	ActionType  : Rinse
	MachineMode : Manu
	MachineState: Active
	Object      : Gesim.GsWashStation(WashStation)
	PLC Object  : FB_WashStation
	PLC Action  : A_Rinse
	PLC AState  : 1

16.01.2025 08:33:49 - 41747 - Z-Sensor switch not found
	Description : Measurement: switching point not reached - Internal error (20)
	Time        : 08:33:48.86
	ActionType  : MoveZ
	MachineMode : Manu
	MachineState: Active
	Object      : Gesim.GsZSensor(ZSensor)
	PLC Object  : FB_MzTool
	PLC Action  : A_MoveZ
	PLC AState  : 0

16.01.2025 08:33:49 - 41747 - Z-Sensor switch not found
	Description : Measurement: switching point not reached - Internal error (20)
	Time        : 08:33:48.87
	ActionType  : Measure
	MachineMode : Manu
	MachineState: Active
	Object      : Gesim.GsZSensor(ZSensor)
	PLC Object  : FB_ComplexAction
	PLC Action  : A_MeasureTarget
	PLC AState  : 4

16.01.2025 09:14:38 - 41502 - Pipet move with Z-Sensor
	Description : The pipet cannot move with Z-Sensor mounted.
	Time        : 09:14:37.31
	ActionType  : GetPipSample
	MachineMode : Manu
	MachineState: Active
	Object      : Gesim.GsPiezoPip(PiezoPipette Nano (Heatable))
	PLC Object  : FB_ComplexAction
	PLC Action  : A_GetPipSample
	PLC AState  : 1

16.01.2025 09:14:45 - 41502 - Pipet move with Z-Sensor
	Description : The pipet cannot move with Z-Sensor mounted.
	Time        : 09:14:44.31
	ActionType  : WashTool
	MachineMode : Manu
	MachineState: Active
	Object      : Gesim.GsPiezoPip(PiezoPipette Nano (Heatable))
	PLC Object  : FB_ComplexAction
	PLC Action  : A_WashTool
	PLC AState  : 1

16.01.2025 09:14:51 - 41502 - Pipet move with Z-Sensor
	Description : The pipet cannot move with Z-Sensor mounted.
	Time        : 09:14:50.03
	ActionType  : TeachTarget
	MachineMode : Manu
	MachineState: Active
	Object      : Gesim.GsPiezoPip(PiezoPipette Nano (Heatable))
	PLC Object  : FB_ComplexAction
	PLC Action  : A_TeachTarget
	PLC AState  : 1

16.01.2025 09:15:00 - 41502 - Pipet move with Z-Sensor
	Description : The pipet cannot move with Z-Sensor mounted.
	Time        : 09:14:58.78
	ActionType  : Measure
	MachineMode : Manu
	MachineState: Active
	Object      : Gesim.GsPiezoPip(PiezoPipette Nano (Heatable))
	PLC Object  : FB_ComplexAction
	PLC Action  : A_MeasureTool
	PLC AState  : 2

16.01.2025 09:15:07 - 41502 - Pipet move with Z-Sensor
	Description : The pipet cannot move with Z-Sensor mounted.
	Time        : 09:15:05.96
	ActionType  : DryPip
	MachineMode : Manu
	MachineState: Active
	Object      : Gesim.GsPiezoPip(PiezoPipette Nano (Heatable))
	PLC Object  : FB_ComplexAction
	PLC Action  : A_DryPip
	PLC AState  : 1

16.01.2025 09:15:12 - 41502 - Pipet move with Z-Sensor
	Description : The pipet cannot move with Z-Sensor mounted.
	Time        : 09:15:11.50
	ActionType  : MoveToTarget
	MachineMode : Manu
	MachineState: Active
	Object      : Gesim.GsPiezoPip(PiezoPipette Nano (Heatable))
	PLC Object  : FB_ComplexAction
	PLC Action  : A_MoveToTarget
	PLC AState  : 0

16.01.2025 11:11:13 - 41473 - Invalid mode
	Description : Command cannot be executed in this mode.
	Time        : 11:11:13.07
	Command     : EXECUTE_ACTION
	Object      : Gesim.GsHighVoltTray(HighVoltTray)
	Action      : Set Voltage->5 kV

16.01.2025 11:40:55 - 50005 - Connection error
	Description : The connection to the device could not be established.
	Time        : 11:40:55.48
	Exception   : System.InvalidOperationException: Dieser BackgroundWorker ist derzeit ausgelastet und kann nicht mehrere Aufgaben gleichzeitig ausführen.
   bei Gesim.GsMachine.Connect(String routeName, Boolean record, Boolean withoutActivation)
   bei GesimRobotics.ViewModels.Dialogs.DebugMenuDialog.connect()

16.01.2025 11:40:57 - 41503 - Configuration not activated
	Description : 
	Time        : 11:40:57.65
	Command     : CHANGE_MODE

16.01.2025 11:47:22 - 41503 - Configuration not activated
	Description : 
	Time        : 11:47:22.26
	Command     : CHANGE_MODE

16.01.2025 11:52:48 - 50005 - Connection error
	Description : The connection to the device could not be established.
	Time        : 11:52:48.87
	Exception   : System.InvalidOperationException: Dieser BackgroundWorker ist derzeit ausgelastet und kann nicht mehrere Aufgaben gleichzeitig ausführen.
   bei Gesim.GsMachine.Connect(String routeName, Boolean record, Boolean withoutActivation)
   bei GesimRobotics.ViewModels.Dialogs.DebugMenuDialog.connect()

17.01.2025 06:36:54 - 50005 - Connection error
	Description : The connection to the device could not be established.
	Time        : 06:36:54.24
	Exception   : System.InvalidOperationException: Dieser BackgroundWorker ist derzeit ausgelastet und kann nicht mehrere Aufgaben gleichzeitig ausführen.
   bei Gesim.GsMachine.Connect(String routeName, Boolean record, Boolean withoutActivation)
   bei GesimRobotics.ViewModels.Dialogs.DebugMenuDialog.connect()

17.01.2025 06:40:16 -  1864 - ADS port not opened
	Description : Internal error
	Time        : 06:40:16.01
	Command     : CHANGE_MODE

17.01.2025 06:40:17 -  1864 - ADS port not opened
	Description : Internal error
	Time        : 06:40:17.76
	Command     : SETUP_AXIS

17.01.2025 06:40:20 -  1864 - ADS port not opened
	Description : Internal error
	Time        : 06:40:20.84
	Command     : STOP

17.01.2025 06:46:57 - 41216 - Communication timeout
	Description : Communication timeout - diluter.
	Time        : 06:46:58.08
	ActionType  : InitDevices
	MachineMode : Init
	MachineState: Active
	PLC Object  : FB_Diluter
	PLC Action  : A_Init
	PLC AState  : 1

17.01.2025 08:30:03 - 41556 - Head not in free Z-pos.
	Description : 
	Time        : 08:30:02.17
	ActionType  : InitDevices
	MachineMode : Init
	MachineState: Active
	Object      : Gesim.GsHead(Head)
	PLC Object  : FB_MzHead
	PLC Action  : A_Init
	PLC AState  : 3

17.01.2025 08:30:41 - 41556 - Head not in free Z-pos.
	Description : 
	Time        : 08:30:40.60
	ActionType  : InitDevices
	MachineMode : Init
	MachineState: Active
	Object      : Gesim.GsHead(Head)
	PLC Object  : FB_MzHead
	PLC Action  : A_Init
	PLC AState  : 3

17.01.2025 08:33:16 - 41556 - Head not in free Z-pos.
	Description : 
	Time        : 08:33:15.51
	ActionType  : InitDevices
	MachineMode : Init
	MachineState: Active
	Object      : Gesim.GsHead(Head)
	PLC Object  : FB_MzHead
	PLC Action  : A_Init
	PLC AState  : 3

17.01.2025 08:34:02 - 41556 - Head not in free Z-pos.
	Description : 
	Time        : 08:34:02.23
	ActionType  : InitDevices
	MachineMode : Init
	MachineState: Active
	Object      : Gesim.GsHead(Head)
	PLC Object  : FB_MzHead
	PLC Action  : A_Init
	PLC AState  : 3

17.01.2025 08:34:24 - 41556 - Head not in free Z-pos.
	Description : 
	Time        : 08:34:23.61
	ActionType  : InitDevices
	MachineMode : Init
	MachineState: Active
	Object      : Gesim.GsHead(Head)
	PLC Object  : FB_MzHead
	PLC Action  : A_Init
	PLC AState  : 3

17.01.2025 08:44:36 - 41556 - Head not in free Z-pos.
	Description : 
	Time        : 08:44:35.79
	ActionType  : InitDevices
	MachineMode : Init
	MachineState: Active
	Object      : Gesim.GsHead(Head)
	PLC Object  : FB_MzHead
	PLC Action  : A_Init
	PLC AState  : 3

17.01.2025 08:44:44 - 50005 - Connection error
	Description : The connection to the device could not be established.
	Time        : 08:44:44.58
	Exception   : System.InvalidOperationException: Dieser BackgroundWorker ist derzeit ausgelastet und kann nicht mehrere Aufgaben gleichzeitig ausführen.
   bei Gesim.GsMachine.Connect(String routeName, Boolean record, Boolean withoutActivation)
   bei GesimRobotics.ViewModels.Dialogs.DebugMenuDialog.connect()

17.01.2025 08:51:57 - 41478 - Invalid state
	Description : Command can not be executed in this state.
	Time        : 08:51:57.51
	Command     : SETUP_AXIS

17.01.2025 09:12:52 - 50005 - Connection error
	Description : The connection to the device could not be established.
	Time        : 09:12:52.93
	Exception   : System.InvalidOperationException: Dieser BackgroundWorker ist derzeit ausgelastet und kann nicht mehrere Aufgaben gleichzeitig ausführen.
   bei Gesim.GsMachine.Connect(String routeName, Boolean record, Boolean withoutActivation)
   bei GesimRobotics.ViewModels.Dialogs.DebugMenuDialog.connect()

17.01.2025 10:10:50 - 41478 - Invalid state
	Description : Command can not be executed in this state.
	Time        : 10:10:50.23
	Command     : SETUP_AXIS

17.01.2025 10:37:26 - 50005 - Connection error
	Description : The connection to the device could not be established.
	Time        : 10:37:26.48
	Exception   : System.InvalidOperationException: Dieser BackgroundWorker ist derzeit ausgelastet und kann nicht mehrere Aufgaben gleichzeitig ausführen.
   bei Gesim.GsMachine.Connect(String routeName, Boolean record, Boolean withoutActivation)
   bei GesimRobotics.ViewModels.Dialogs.DebugMenuDialog.connect()

17.01.2025 10:40:01 - 41473 - Invalid mode
	Description : Command cannot be executed in this mode.
	Time        : 10:40:01.77
	Command     : DELETE_CONFIG_ON_PLC

17.01.2025 10:40:30 - 41473 - Invalid mode
	Description : Command cannot be executed in this mode.
	Time        : 10:40:30.36
	Command     : DELETE_CONFIG_ON_PLC

17.01.2025 10:40:33 - 41473 - Invalid mode
	Description : Command cannot be executed in this mode.
	Time        : 10:40:33.25
	Command     : SAVE_CONFIG_ON_PLC

17.01.2025 10:42:21 - 41473 - Invalid mode
	Description : Command cannot be executed in this mode.
	Time        : 10:42:21.56
	Command     : DELETE_CONFIG_ON_PLC

17.01.2025 10:42:26 - 41473 - Invalid mode
	Description : Command cannot be executed in this mode.
	Time        : 10:42:26.14
	Command     : SAVE_CONFIG_ON_PLC

17.01.2025 10:42:37 - 41473 - Invalid mode
	Description : Command cannot be executed in this mode.
	Time        : 10:42:37.03
	Command     : SAVE_CONFIG_ON_PLC

17.01.2025 10:42:38 - 41473 - Invalid mode
	Description : Command cannot be executed in this mode.
	Time        : 10:42:38.60
	Command     : DELETE_CONFIG_ON_PLC

17.01.2025 10:42:56 - 41473 - Invalid mode
	Description : Command cannot be executed in this mode.
	Time        : 10:42:56.19
	Command     : EXECUTE_ACTION

17.01.2025 10:47:54 -  1864 - ADS port not opened
	Description : Internal error
	Time        : 10:47:54.87
	Command     : DELETE_CONFIG_ON_PLC

17.01.2025 11:26:35 - 41478 - Invalid state
	Description : Command can not be executed in this state.
	Time        : 11:26:35.72
	Command     : SETUP_AXIS

17.01.2025 12:12:57 -  1864 - ADS port not opened
	Description : Internal error
	Time        : 12:12:57.56
	Command     : STOP

17.01.2025 13:31:03 - 50005 - Connection error
	Description : The connection to the device could not be established.
	Time        : 13:31:03.00
	Exception   : System.InvalidOperationException: Dieser BackgroundWorker ist derzeit ausgelastet und kann nicht mehrere Aufgaben gleichzeitig ausführen.
   bei Gesim.GsMachine.Connect(String routeName, Boolean record, Boolean withoutActivation)
   bei GesimRobotics.ViewModels.Dialogs.DebugMenuDialog.connect()

17.01.2025 13:31:26 - 41473 - Invalid mode
	Description : Command cannot be executed in this mode.
	Time        : 13:31:26.07
	Command     : DELETE_CONFIG_ON_PLC

17.01.2025 13:31:38 - 41473 - Invalid mode
	Description : Command cannot be executed in this mode.
	Time        : 13:31:38.90
	Command     : SAVE_CONFIG_ON_PLC

17.01.2025 15:00:15 - 50005 - Connection error
	Description : The connection to the device could not be established.
	Time        : 15:00:15.02
	Exception   : System.Exception: Missing route: CP-909983
   bei Gesim.GsMachine.Connect(String routeName, Boolean record, Boolean withoutActivation)
   bei GesimRobotics.ViewModels.ConnectionManager.Connect(String routeName)

17.01.2025 15:00:35 - 41556 - Head not in free Z-pos.
	Description : 
	Time        : 15:00:34.29
	ActionType  : InitDevices
	MachineMode : Init
	MachineState: Active
	Object      : Gesim.GsHead(Head)
	PLC Object  : FB_MzHead
	PLC Action  : A_Init
	PLC AState  : 3

20.01.2025 06:39:38 - 50005 - Connection error
	Description : The connection to the device could not be established.
	Time        : 06:39:37.97
	Exception   : System.InvalidOperationException: Dieser BackgroundWorker ist derzeit ausgelastet und kann nicht mehrere Aufgaben gleichzeitig ausführen.
   bei Gesim.GsMachine.Connect(String routeName, Boolean record, Boolean withoutActivation)
   bei GesimRobotics.ViewModels.Dialogs.DebugMenuDialog.connect()

20.01.2025 06:48:35 - 50005 - Connection error
	Description : The connection to the device could not be established.
	Time        : 06:48:35.90
	Exception   : System.InvalidOperationException: Dieser BackgroundWorker ist derzeit ausgelastet und kann nicht mehrere Aufgaben gleichzeitig ausführen.
   bei Gesim.GsMachine.Connect(String routeName, Boolean record, Boolean withoutActivation)
   bei GesimRobotics.ViewModels.Dialogs.DebugMenuDialog.connect()

23.01.2025 07:24:49 - 50013 - Changed configuration
	Description : The current configuration has changed significantly. Some settings might have changed.
	Time        : 07:24:49.49

23.01.2025 07:25:46 - 41613 - PressureSupply
	Description : 
	Time        : 07:25:45.34
	ActionType  : Undefined
	MachineMode : Manu
	MachineState: Active
	Object      : Gesim.GsCartridgeDisp(Cartridge Dispenser (10ml))
	PLC Object  : FB_HskMFunc
	PLC Action  : A_SetPrintParams
	PLC AState  : 0

24.02.2025 13:06:51 - 41478 - Invalid state
	Description : Command can not be executed in this state.
	Time        : 13:06:51.21
	Command     : SETUP_AXIS

24.02.2025 13:34:44 - 41478 - Invalid state
	Description : Command can not be executed in this state.
	Time        : 13:34:44.49
	Command     : SETUP_AXIS

24.02.2025 13:36:45 - 41054 - NoHeadCreated
	Description : 
	Time        : 13:36:45.57
	ActionType  : Undefined
	MachineMode : Config
	MachineState: Active
	PLC Object  : UNDEFIEND
	PLC Action  : UNDEFIEND
	PLC AState  : 0

24.02.2025 13:37:23 - 41054 - NoHeadCreated
	Description : 
	Time        : 13:37:22.89
	ActionType  : Undefined
	MachineMode : Config
	MachineState: Active
	PLC Object  : UNDEFIEND
	PLC Action  : UNDEFIEND
	PLC AState  : 0

24.02.2025 13:38:01 - 41216 - Communication timeout
	Description : Communication timeout - diluter.
	Time        : 13:38:01.78
	ActionType  : InitDevices
	MachineMode : Init
	MachineState: Active
	PLC Object  : FB_Diluter
	PLC Action  : A_Init
	PLC AState  : 1

24.02.2025 13:41:01 - 41055 - NoWorkplateCreated
	Description : 
	Time        : 13:40:54.86
	ActionType  : Undefined
	MachineMode : Config
	MachineState: Active
	PLC Object  : UNDEFIEND
	PLC Action  : UNDEFIEND
	PLC AState  : 0

24.02.2025 13:42:32 - 41055 - NoWorkplateCreated
	Description : 
	Time        : 13:41:55.16
	ActionType  : Undefined
	MachineMode : Config
	MachineState: Active
	PLC Object  : UNDEFIEND
	PLC Action  : UNDEFIEND
	PLC AState  : 0

24.02.2025 13:43:53 - 41473 - Invalid mode
	Description : Command cannot be executed in this mode.
	Time        : 13:43:53.44
	Command     : DELETE_CONFIG_ON_PLC

24.02.2025 13:43:57 - 41473 - Invalid mode
	Description : Command cannot be executed in this mode.
	Time        : 13:43:57.73
	Command     : DELETE_CONFIG_ON_PLC

24.02.2025 13:44:11 - 41473 - Invalid mode
	Description : Command cannot be executed in this mode.
	Time        : 13:44:11.29
	Command     : DELETE_CONFIG_ON_PLC

24.02.2025 13:46:04 - 41473 - Invalid mode
	Description : Command cannot be executed in this mode.
	Time        : 13:46:04.92
	Command     : DELETE_CONFIG_ON_PLC

24.02.2025 13:46:08 - 41473 - Invalid mode
	Description : Command cannot be executed in this mode.
	Time        : 13:46:08.06
	Command     : DELETE_CONFIG_ON_PLC

24.02.2025 13:49:43 - 41473 - Invalid mode
	Description : Command cannot be executed in this mode.
	Time        : 13:49:43.69
	Command     : DELETE_CONFIG_ON_PLC

24.02.2025 13:49:47 - 41473 - Invalid mode
	Description : Command cannot be executed in this mode.
	Time        : 13:49:47.26
	Command     : SAVE_CONFIG_ON_PLC

24.02.2025 13:49:50 - 41473 - Invalid mode
	Description : Command cannot be executed in this mode.
	Time        : 13:49:50.23
	Command     : DELETE_CONFIG_ON_PLC

24.02.2025 14:18:06 - 41473 - Invalid mode
	Description : Command cannot be executed in this mode.
	Time        : 14:18:06.01
	Command     : SAVE_CONFIG_ON_PLC

24.02.2025 14:18:08 - 41473 - Invalid mode
	Description : Command cannot be executed in this mode.
	Time        : 14:18:08.02
	Command     : DELETE_CONFIG_ON_PLC

24.02.2025 14:19:06 - 41478 - Invalid state
	Description : Command can not be executed in this state.
	Time        : 14:19:06.20
	Command     : SAVE_CONFIG_ON_PLC

24.02.2025 14:19:35 - 41473 - Invalid mode
	Description : Command cannot be executed in this mode.
	Time        : 14:19:35.64
	Command     : SAVE_CONFIG_ON_PLC

24.02.2025 14:19:38 - 41473 - Invalid mode
	Description : Command cannot be executed in this mode.
	Time        : 14:19:38.17
	Command     : SAVE_CONFIG_ON_PLC

24.02.2025 14:19:40 - 41473 - Invalid mode
	Description : Command cannot be executed in this mode.
	Time        : 14:19:40.07
	Command     : DELETE_CONFIG_ON_PLC

24.02.2025 14:19:42 - 41473 - Invalid mode
	Description : Command cannot be executed in this mode.
	Time        : 14:19:42.18
	Command     : DELETE_CONFIG_ON_PLC

24.02.2025 14:19:44 - 41473 - Invalid mode
	Description : Command cannot be executed in this mode.
	Time        : 14:19:44.03
	Command     : SAVE_CONFIG_ON_PLC

24.02.2025 14:19:45 - 41473 - Invalid mode
	Description : Command cannot be executed in this mode.
	Time        : 14:19:45.44
	Command     : DELETE_CONFIG_ON_PLC

24.02.2025 14:20:27 - 41478 - Invalid state
	Description : Command can not be executed in this state.
	Time        : 14:20:27.00
	Command     : SETUP_AXIS

24.02.2025 14:20:42 - 41473 - Invalid mode
	Description : Command cannot be executed in this mode.
	Time        : 14:20:42.16
	Command     : DELETE_CONFIG_ON_PLC

24.02.2025 14:20:44 - 41473 - Invalid mode
	Description : Command cannot be executed in this mode.
	Time        : 14:20:44.52
	Command     : DELETE_CONFIG_ON_PLC

24.02.2025 14:20:46 - 41473 - Invalid mode
	Description : Command cannot be executed in this mode.
	Time        : 14:20:46.20
	Command     : SAVE_CONFIG_ON_PLC

24.02.2025 14:20:48 - 41473 - Invalid mode
	Description : Command cannot be executed in this mode.
	Time        : 14:20:48.07
	Command     : DELETE_CONFIG_ON_PLC

24.02.2025 14:20:51 - 41473 - Invalid mode
	Description : Command cannot be executed in this mode.
	Time        : 14:20:51.74
	Command     : DELETE_CONFIG_ON_PLC

24.02.2025 14:21:08 - 41478 - Invalid state
	Description : Command can not be executed in this state.
	Time        : 14:21:08.72
	Command     : SAVE_CONFIG_ON_PLC

24.02.2025 14:22:35 - 41055 - NoWorkplateCreated
	Description : 
	Time        : 14:22:28.53
	ActionType  : Undefined
	MachineMode : Config
	MachineState: Active
	PLC Object  : UNDEFIEND
	PLC Action  : UNDEFIEND
	PLC AState  : 0

24.02.2025 14:23:04 - 41473 - Invalid mode
	Description : Command cannot be executed in this mode.
	Time        : 14:23:04.19
	Command     : DELETE_CONFIG_ON_PLC

24.02.2025 14:23:26 - 41473 - Invalid mode
	Description : Command cannot be executed in this mode.
	Time        : 14:23:26.62
	Command     : DELETE_CONFIG_ON_PLC

24.02.2025 14:23:29 - 41473 - Invalid mode
	Description : Command cannot be executed in this mode.
	Time        : 14:23:29.03
	Command     : DELETE_CONFIG_ON_PLC

24.02.2025 14:23:30 - 41473 - Invalid mode
	Description : Command cannot be executed in this mode.
	Time        : 14:23:30.50
	Command     : SAVE_CONFIG_ON_PLC

24.02.2025 14:23:32 - 41473 - Invalid mode
	Description : Command cannot be executed in this mode.
	Time        : 14:23:32.06
	Command     : DELETE_CONFIG_ON_PLC

24.02.2025 14:36:10 - 41478 - Invalid state
	Description : Command can not be executed in this state.
	Time        : 14:36:10.78
	Command     : SETUP_AXIS

24.02.2025 14:36:29 - 41478 - Invalid state
	Description : Command can not be executed in this state.
	Time        : 14:36:29.27
	Command     : SETUP_AXIS

24.02.2025 14:36:37 - 41473 - Invalid mode
	Description : Command cannot be executed in this mode.
	Time        : 14:36:37.61
	Command     : SAVE_CONFIG_ON_PLC

24.02.2025 14:36:40 - 41473 - Invalid mode
	Description : Command cannot be executed in this mode.
	Time        : 14:36:40.77
	Command     : DELETE_CONFIG_ON_PLC

24.02.2025 14:37:05 - 41478 - Invalid state
	Description : Command can not be executed in this state.
	Time        : 14:37:05.91
	Command     : SETUP_AXIS

24.02.2025 14:37:50 - 41478 - Invalid state
	Description : Command can not be executed in this state.
	Time        : 14:37:50.61
	Command     : SETUP_AXIS

25.02.2025 08:25:34 - 50005 - Connection error
	Description : The connection to the device could not be established.
	Time        : 08:25:34.11
	Exception   : System.Exception: Missing route: SN2484
   bei Gesim.GsMachine.Connect(String routeName, Boolean record, Boolean withoutActivation)
   bei GesimRobotics.ViewModels.ConnectionManager.Connect(String routeName)

25.02.2025 08:25:39 - 50005 - Connection error
	Description : The connection to the device could not be established.
	Time        : 08:25:39.37
	Exception   : System.Exception: Missing route: CP-96F278
   bei Gesim.GsMachine.Connect(String routeName, Boolean record, Boolean withoutActivation)
   bei GesimRobotics.ViewModels.ConnectionManager.Connect(String routeName)

25.02.2025 08:30:38 -  1864 - ADS port not opened
	Description : Internal error
	Time        : 08:30:38.35
	Command     : SAVE_CONFIG_ON_PLC

25.02.2025 08:31:28 -  1864 - ADS port not opened
	Description : Internal error
	Time        : 08:31:28.10
	Command     : SAVE_CONFIG_ON_PLC

25.02.2025 12:58:18 - 41995 - InvalidToolConfig
	Description : 
	Time        : 12:58:16.35
	ActionType  : Undefined
	MachineMode : Config
	MachineState: Active
	PLC Object  : FB_MultiZRef
	PLC Action  : A_SetConfig
	PLC AState  : 0

25.02.2025 12:58:18 - 41995 - InvalidToolConfig
	Description : 
	Time        : 12:58:16.36
	ActionType  : Undefined
	MachineMode : Config
	MachineState: Active
	PLC Object  : FB_Configuration
	PLC Action  : A_Activate
	PLC AState  : 0

25.02.2025 13:11:02 - 41473 - Invalid mode
	Description : Command cannot be executed in this mode.
	Time        : 13:11:02.54
	Command     : EXECUTE_ACTION
	Object      : Gesim.GsHead(Head)
	Action      : Jog

25.02.2025 13:11:02 - 41473 - Invalid mode
	Description : Command cannot be executed in this mode.
	Time        : 13:11:02.55
	Command     : EXECUTE_ACTION
	Object      : Gesim.GsHead(Head)
	Action      : Jog

25.02.2025 13:12:58 - 41473 - Invalid mode
	Description : Command cannot be executed in this mode.
	Time        : 13:12:58.40
	Command     : EXECUTE_ACTION
	Object      : Gesim.GsZSensor(ZSensor)
	Action      : Jog

25.02.2025 13:12:58 - 41473 - Invalid mode
	Description : Command cannot be executed in this mode.
	Time        : 13:12:58.41
	Command     : EXECUTE_ACTION
	Object      : Gesim.GsZSensor(ZSensor)
	Action      : Jog

25.02.2025 14:11:13 - 41525 - System fluid bottle empty
	Description : 
	Time        : 14:11:13.38
	Command     : EXECUTE_ACTION
	Object      : Gesim.GsPiezoPip(PiezoPipette Nano (Heatable))
	Action      : Wash->Washpoint 1->WashOutside->1 s

05.03.2025 13:55:46 - 41556 - Head not in free Z-pos.
	Description : 
	Time        : 13:55:45.42
	ActionType  : InitDevices
	MachineMode : Init
	MachineState: Active
	Object      : Gesim.GsHead(Head)
	PLC Object  : FB_MzHead
	PLC Action  : A_Init
	PLC AState  : 3

05.03.2025 13:56:00 - 41556 - Head not in free Z-pos.
	Description : 
	Time        : 13:55:59.43
	ActionType  : InitDevices
	MachineMode : Init
	MachineState: Active
	Object      : Gesim.GsHead(Head)
	PLC Object  : FB_MzHead
	PLC Action  : A_Init
	PLC AState  : 3

05.03.2025 13:56:32 - 41556 - Head not in free Z-pos.
	Description : 
	Time        : 13:56:31.56
	ActionType  : InitDevices
	MachineMode : Init
	MachineState: Active
	Object      : Gesim.GsHead(Head)
	PLC Object  : FB_MzHead
	PLC Action  : A_Init
	PLC AState  : 3

05.03.2025 13:57:08 - 50005 - Connection error
	Description : The connection to the device could not be established.
	Time        : 13:57:08.53
	Exception   : System.InvalidOperationException: Dieser BackgroundWorker ist derzeit ausgelastet und kann nicht mehrere Aufgaben gleichzeitig ausführen.
   bei Gesim.GsMachine.Connect(String routeName, Boolean record, Boolean withoutActivation)
   bei GesimRobotics.ViewModels.Dialogs.DebugMenuDialog.connect()

05.03.2025 13:58:08 - 41556 - Head not in free Z-pos.
	Description : 
	Time        : 13:58:08.06
	ActionType  : InitDevices
	MachineMode : Init
	MachineState: Active
	Object      : Gesim.GsHead(Head)
	PLC Object  : FB_MzHead
	PLC Action  : A_Init
	PLC AState  : 3

05.03.2025 13:58:38 - 41556 - Head not in free Z-pos.
	Description : 
	Time        : 13:58:37.80
	ActionType  : InitDevices
	MachineMode : Init
	MachineState: Active
	Object      : Gesim.GsHead(Head)
	PLC Object  : FB_MzHead
	PLC Action  : A_Init
	PLC AState  : 3

05.03.2025 13:58:55 - 17744 - Following error monitoring (position).
	Description : With active following error monitoring (position) a following error exceedance has occurred, whose magnitude is greater than the following error window, and whose duration is longer than the parameterised following error filter time.
	Time        : 13:58:54.61
	ActionType  : Undefined
	MachineMode : Init
	MachineState: Active
	PLC Object  : UNDEFIEND
	PLC Action  : UNDEFIEND
	PLC AState  : 0

05.03.2025 13:58:55 - 17744 - Following error monitoring (position).
	Description : With active following error monitoring (position) a following error exceedance has occurred, whose magnitude is greater than the following error window, and whose duration is longer than the parameterised following error filter time.
	Time        : 13:58:54.76
	ActionType  : InitDevices
	MachineMode : Init
	MachineState: Active
	Object      : Gesim.GsHead(Head)
	PLC Object  : FB_MzHead
	PLC Action  : A_Init
	PLC AState  : 40

05.03.2025 14:10:43 - 41503 - Configuration not activated
	Description : 
	Time        : 14:10:43.31
	Command     : CHANGE_MODE

05.03.2025 14:10:45 - 41503 - Configuration not activated
	Description : 
	Time        : 14:10:45.47
	Command     : CHANGE_MODE

05.03.2025 14:12:56 - 41474 - Mode change impossible
	Description : Mode can only be changed in state "idle".
	Time        : 14:12:56.49
	Command     : CHANGE_MODE

05.03.2025 14:12:58 - 41473 - Invalid mode
	Description : Command cannot be executed in this mode.
	Time        : 14:12:58.73
	Command     : WRITE_HW_PROP
	Comment     : ModulId: 65537 PropType: WorkplateDim Value: 588000

05.03.2025 14:22:59 - 41473 - Invalid mode
	Description : Command cannot be executed in this mode.
	Time        : 14:22:59.13
	Command     : SAVE_CONFIG_ON_PLC

05.03.2025 14:23:04 - 41473 - Invalid mode
	Description : Command cannot be executed in this mode.
	Time        : 14:23:04.49
	Command     : DELETE_CONFIG_ON_PLC

05.03.2025 14:23:42 - 41473 - Invalid mode
	Description : Command cannot be executed in this mode.
	Time        : 14:23:42.59
	Command     : SAVE_CONFIG_ON_PLC

05.03.2025 14:27:04 - 41473 - Invalid mode
	Description : Command cannot be executed in this mode.
	Time        : 14:27:04.79
	Command     : DELETE_CONFIG_ON_PLC

05.03.2025 14:28:51 - 41054 - NoHeadCreated
	Description : 
	Time        : 14:28:42.22
	ActionType  : Undefined
	MachineMode : Config
	MachineState: Active
	PLC Object  : UNDEFIEND
	PLC Action  : UNDEFIEND
	PLC AState  : 0

05.03.2025 14:41:20 - 41478 - Invalid state
	Description : Command can not be executed in this state.
	Time        : 14:41:20.03
	Command     : SAVE_CONFIG_ON_PLC

05.03.2025 14:41:52 - 41473 - Invalid mode
	Description : Command cannot be executed in this mode.
	Time        : 14:41:52.45
	Command     : SAVE_CONFIG_ON_PLC

05.03.2025 14:42:10 -  1864 - ADS port not opened
	Description : Internal error
	Time        : 14:42:10.42
	Command     : SAVE_CONFIG_ON_PLC

07.03.2025 12:17:04 - 41476 - Object does not exist
	Description : 
	Time        : 12:17:04.92
	Command     : WRITE_ALL_PROPS
	Object      : Gesim.GsDiluter(Diluter 3-Way)

07.03.2025 14:46:50 - 41570 - Risk of crash: Jog
	Description : Can not jog fast in this area.
	Time        : 14:46:50.54
	Command     : EXECUTE_ACTION
	Object      : Gesim.GsZSensor(ZSensor)
	Action      : Jog

07.03.2025 14:47:35 - 41749 - FollowingErrorZAxis
	Description : 
	Time        : 14:47:33.65
	ActionType  : Undefined
	MachineMode : Manu
	MachineState: Idle
	PLC Object  : FB_MultiZRef
	PLC Action  : A_Monitor
	PLC AState  : 0

11.03.2025 12:48:50 - 41069 - No nozzle on tool
	Description : A printing tool was configured without a nozzle.
	Time        : 12:48:50.66
	ActionType  : Undefined
	MachineMode : Config
	MachineState: Active
	Object      : Gesim.GsCartridgeDisp(Cartridge Dispenser (10ml))
	PLC Object  : UNDEFIEND
	PLC Action  : UNDEFIEND
	PLC AState  : 0

11.03.2025 13:30:28 - 41539 - Piece already in slot
	Description : 
	Time        : 13:30:27.67
	ActionType  : ExchangePiece
	MachineMode : Manu
	MachineState: Active
	Object      : Gesim.GsStampSupport(StampSupport_Gen2)
	PLC Object  : FB_ComplexAction
	PLC Action  : A_ExchangeStamp
	PLC AState  : 3

11.03.2025 13:30:35 - 41539 - Piece already in slot
	Description : 
	Time        : 13:30:34.58
	ActionType  : ExchangePiece
	MachineMode : Manu
	MachineState: Active
	Object      : Gesim.GsStampSupport(StampSupport_Gen2)
	PLC Object  : FB_ComplexAction
	PLC Action  : A_ExchangeStamp
	PLC AState  : 3

11.03.2025 13:42:38 - 41547 - NoPieceDetermined
	Description : 
	Time        : 13:42:38.60
	Command     : EXECUTE_ACTION
	Object      : Gesim.GsStampSupport(StampSupport_Gen2)
	Action      : Take Piece->Rack Stamp (5x)->Slot 4

11.03.2025 13:43:08 - 41547 - NoPieceDetermined
	Description : 
	Time        : 13:43:08.76
	Command     : EXECUTE_ACTION
	Object      : Gesim.GsStampSupport(StampSupport_Gen2)
	Action      : Drop Piece->Rack Stamp (5x)->Slot 4

11.03.2025 13:44:19 - 41547 - NoPieceDetermined
	Description : 
	Time        : 13:44:19.22
	Command     : EXECUTE_ACTION
	Object      : Gesim.GsStampSupport(StampSupport_Gen2)
	Action      : Take Piece->Rack Stamp (5x)->Slot 2

11.03.2025 13:46:56 - 41547 - NoPieceDetermined
	Description : 
	Time        : 13:46:56.91
	Command     : EXECUTE_ACTION
	Object      : Gesim.GsStampSupport(StampSupport_Gen2)
	Action      : Take Piece->Rack Stamp (5x)->Slot 4

11.03.2025 14:04:45 - 41617 - Sensor already switched
	Description : 
	Time        : 14:04:45.84
	Command     : EXECUTE_ACTION
	Object      : Gesim.GsStampSupport(StampSupport_Gen2)
	Action      : MeasureTool->Z-Sensor

11.03.2025 14:22:26 - 41617 - Sensor already switched
	Description : 
	Time        : 14:22:26.68
	Command     : EXECUTE_ACTION
	Object      : Gesim.GsStampSupport(StampSupport_Gen2)
	Action      : MeasureTool->Z-Sensor

11.03.2025 14:22:33 - 41617 - Sensor already switched
	Description : 
	Time        : 14:22:33.68
	Command     : EXECUTE_ACTION
	Object      : Gesim.GsStampSupport(StampSupport_Gen2)
	Action      : MeasureTool->Z-Sensor

12.03.2025 10:33:00 - 41526 - Waste bottle full
	Description : 
	Time        : 10:33:00.77
	Command     : EXECUTE_ACTION
	Object      : Gesim.GsPiezoPip(PiezoPipette Nano (Heatable))
	Action      : Dispense->10 µl->10 µl/s

12.03.2025 11:15:44 - 41525 - System fluid bottle empty
	Description : 
	Time        : 11:15:42.76
	ActionType  : Undefined
	MachineMode : Manu
	MachineState: Idle
	PLC Object  : FB_DeviceBase
	PLC Action  : UNDEFIEND
	PLC AState  : 0

12.03.2025 11:26:26 - 41527 - Timeout while filling PCV
	Description : A timeout occurred while filling the pressure compensation vessel.
	Time        : 11:26:24.83
	ActionType  : Undefined
	MachineMode : Manu
	MachineState: Idle
	PLC Object  : FB_DeviceBase
	PLC Action  : UNDEFIEND
	PLC AState  : 0

12.03.2025 12:08:14 -  1817 - device has a timeout
	Description : 
	Time        : 12:07:42.54
	ActionType  : Undefined
	MachineMode : Config
	MachineState: Idle
	PLC Object  : ScanHwModules
	PLC Action  : UNDEFIEND
	PLC AState  : 11

12.03.2025 13:10:22 - 41502 - Pipet move with Z-Sensor
	Description : The pipet cannot move with Z-Sensor mounted.
	Time        : 13:10:22.12
	ActionType  : WashTool
	MachineMode : Manu
	MachineState: Active
	PLC Object  : FB_ComplexAction
	PLC Action  : A_WashTool
	PLC AState  : 1

12.03.2025 13:52:14 - 41525 - System fluid bottle empty
	Description : 
	Time        : 13:52:13.37
	ActionType  : GetPipSample
	MachineMode : Manu
	MachineState: Active
	Object      : Gesim.GsPiezoPip(PiezoPipette Nano (Heatable))
	PLC Object  : FB_ComplexAction
	PLC Action  : A_GetPipSample
	PLC AState  : 6

12.03.2025 13:52:25 - 41525 - System fluid bottle empty
	Description : 
	Time        : 13:52:24.01
	ActionType  : GetPipSample
	MachineMode : Manu
	MachineState: Active
	Object      : Gesim.GsPiezoPip(PiezoPipette Nano (Heatable))
	PLC Object  : FB_ComplexAction
	PLC Action  : A_GetPipSample
	PLC AState  : 6

12.03.2025 13:52:34 - 41525 - System fluid bottle empty
	Description : 
	Time        : 13:52:33.48
	ActionType  : GetPipSample
	MachineMode : Manu
	MachineState: Active
	Object      : Gesim.GsPiezoPip(PiezoPipette Nano (Heatable))
	PLC Object  : FB_ComplexAction
	PLC Action  : A_GetPipSample
	PLC AState  : 6

12.03.2025 13:52:44 - 41525 - System fluid bottle empty
	Description : 
	Time        : 13:52:43.87
	ActionType  : GetPipSample
	MachineMode : Manu
	MachineState: Active
	Object      : Gesim.GsPiezoPip(PiezoPipette Nano (Heatable))
	PLC Object  : FB_ComplexAction
	PLC Action  : A_GetPipSample
	PLC AState  : 6

12.03.2025 13:56:49 - 41567 - Target position out of range - Y
	Description : Tool cannot move to target.
	Time        : 13:56:48.06
	ActionType  : Measure
	MachineMode : Manu
	MachineState: Active
	Object      : Gesim.GsZSensor(ZSensor)
	PLC Object  : FB_ComplexAction
	PLC Action  : A_MeasureTarget
	PLC AState  : 1

12.03.2025 13:57:28 - 41500 - Target position out of range - X
	Description : Tool cannot move to target.
	Time        : 13:57:27.88
	ActionType  : Measure
	MachineMode : Manu
	MachineState: Active
	Object      : Gesim.GsZSensor(ZSensor)
	PLC Object  : FB_ComplexAction
	PLC Action  : A_MeasureTarget
	PLC AState  : 1

12.03.2025 13:59:59 - 41567 - Target position out of range - Y
	Description : Tool cannot move to target.
	Time        : 13:59:58.06
	ActionType  : Measure
	MachineMode : Manu
	MachineState: Active
	Object      : Gesim.GsZSensor(ZSensor)
	PLC Object  : FB_ComplexAction
	PLC Action  : A_MeasureTarget
	PLC AState  : 1

12.03.2025 14:08:28 - 42240 - InvalidToolNr
	Description : 
	Time        : 14:08:27.47
	ActionType  : Undefined
	MachineMode : Auto
	MachineState: Running
	PLC Object  : FB_HskMFunc
	PLC Action  : A_AssignRParamHeader
	PLC AState  : 1

12.03.2025 14:11:12 - 42247 - Scaffold Height Exceeded
	Description : Tool cannot move to all needed print positions (Z).
	Time        : 14:11:10.99
	ActionType  : Undefined
	MachineMode : Auto
	MachineState: Running
	Object      : Gesim.GsPiezoPip(PiezoPipette Nano (Heatable))
	PLC Object  : FB_HskMFunc
	PLC Action  : A_AssignRParamHeader
	PLC AState  : 2

12.03.2025 14:58:51 - 41069 - No nozzle on tool
	Description : A printing tool was configured without a nozzle.
	Time        : 14:58:50.14
	ActionType  : Undefined
	MachineMode : Config
	MachineState: Active
	Object      : Gesim.GsCartridgeDisp(Cartridge Dispenser (10ml))
	PLC Object  : UNDEFIEND
	PLC Action  : UNDEFIEND
	PLC AState  : 0

12.03.2025 14:58:55 - 41069 - No nozzle on tool
	Description : A printing tool was configured without a nozzle.
	Time        : 14:58:54.17
	ActionType  : Undefined
	MachineMode : Config
	MachineState: Active
	Object      : Gesim.GsCartridgeDisp(Cartridge Dispenser (10ml))
	PLC Object  : UNDEFIEND
	PLC Action  : UNDEFIEND
	PLC AState  : 0

12.03.2025 14:59:01 - 41069 - No nozzle on tool
	Description : A printing tool was configured without a nozzle.
	Time        : 14:58:54.17
	ActionType  : Undefined
	MachineMode : Config
	MachineState: Active
	Object      : Gesim.GsCartridgeDisp(Cartridge Dispenser (10ml))
	PLC Object  : UNDEFIEND
	PLC Action  : UNDEFIEND
	PLC AState  : 0

12.03.2025 15:04:55 - 41536 - No piece on tool
	Description : 
	Time        : 15:04:55.87
	Command     : EXECUTE_ACTION
	Object      : Gesim.GsStampSupport(StampSupport_Gen2)
	Action      : MeasureTool->Z-Sensor

12.03.2025 15:21:39 - 41476 - Object does not exist
	Description : 
	Time        : 15:21:38.99
	Command     : WRITE_ALL_PROPS
	Object      : Gesim.GsDiluter(Diluter 3-Way)

12.03.2025 15:21:48 - 41476 - Object does not exist
	Description : 
	Time        : 15:21:48.55
	Command     : READ_ALL_PROPS
	Object      : Gesim.GsDiluter(Diluter 3-Way)

12.03.2025 15:22:05 - 41491 - Device not initialized
	Description : 
	Time        : 15:22:04.58
	ActionType  : MoveZ
	MachineMode : Manu
	MachineState: Active
	Object      : Gesim.GsHead(Head)
	PLC Object  : FB_MzHead
	PLC Action  : A_MoveZ
	PLC AState  : 80

13.03.2025 06:52:38 - 42240 - InvalidToolNr
	Description : 
	Time        : 06:52:38.01
	ActionType  : Undefined
	MachineMode : Auto
	MachineState: Running
	PLC Object  : FB_HskMFunc
	PLC Action  : A_AssignRParamHeader
	PLC AState  : 1

13.03.2025 07:01:25 - 50013 - Changed configuration
	Description : The current configuration has changed significantly. Some settings might have changed.
	Time        : 07:01:25.30

13.03.2025 07:05:18 - 41491 - Device not initialized
	Description : 
	Time        : 07:05:18.00
	ActionType  : MoveZ
	MachineMode : Auto
	MachineState: Running
	Object      : Gesim.GsHead(Head)
	PLC Object  : FB_MzHead
	PLC Action  : A_MoveZ
	PLC AState  : 80

13.03.2025 07:05:18 - 41491 - Device not initialized
	Description : 
	Time        : 07:05:18.00
	ActionType  : Undefined
	MachineMode : Auto
	MachineState: Running
	Object      : Gesim.GsHead(Head)
	PLC Object  : GCode
	PLC Action  : A_Start
	PLC AState  : 2

13.03.2025 07:05:32 - 41568 - Target position out of range - Z
	Description : Tool cannot move to target.
	Time        : 07:05:31.98
	ActionType  : Undefined
	MachineMode : Auto
	MachineState: Running
	PLC Object  : GCode
	PLC Action  : A_MoveZ
	PLC AState  : 0

13.03.2025 07:05:32 - 41568 - Target position out of range - Z
	Description : Tool cannot move to target.
	Time        : 07:05:31.98
	ActionType  : Undefined
	MachineMode : Auto
	MachineState: Running
	PLC Object  : GCode
	PLC Action  : A_MoveZ
	PLC AState  : 99

13.03.2025 07:06:54 - 41568 - Target position out of range - Z
	Description : Tool cannot move to target.
	Time        : 07:06:53.74
	ActionType  : Undefined
	MachineMode : Auto
	MachineState: Running
	PLC Object  : GCode
	PLC Action  : A_MoveZ
	PLC AState  : 0

13.03.2025 07:06:54 - 41568 - Target position out of range - Z
	Description : Tool cannot move to target.
	Time        : 07:06:53.74
	ActionType  : Undefined
	MachineMode : Auto
	MachineState: Running
	PLC Object  : GCode
	PLC Action  : A_MoveZ
	PLC AState  : 99

13.03.2025 07:09:02 - 41568 - Target position out of range - Z
	Description : Tool cannot move to target.
	Time        : 07:09:02.09
	ActionType  : Undefined
	MachineMode : Auto
	MachineState: Running
	PLC Object  : GCode
	PLC Action  : A_MoveZ
	PLC AState  : 0

13.03.2025 07:09:02 - 41568 - Target position out of range - Z
	Description : Tool cannot move to target.
	Time        : 07:09:02.10
	ActionType  : Undefined
	MachineMode : Auto
	MachineState: Running
	PLC Object  : GCode
	PLC Action  : A_MoveZ
	PLC AState  : 99

27.03.2025 09:04:08 - 41617 - Sensor already switched
	Description : 
	Time        : 09:04:08.50
	Command     : EXECUTE_ACTION
	Object      : Gesim.GsStampSupport(StampSupport_Gen2)
	Action      : MeasureTool->Z-Sensor

27.03.2025 09:56:11 -  1817 - device has a timeout
	Description : 
	Time        : 09:55:48.88
	ActionType  : Undefined
	MachineMode : Config
	MachineState: Idle
	PLC Object  : ScanHwModules
	PLC Action  : UNDEFIEND
	PLC AState  : 11

27.03.2025 09:57:11 -  1817 - device has a timeout
	Description : 
	Time        : 09:57:04.60
	ActionType  : Undefined
	MachineMode : Config
	MachineState: Idle
	PLC Object  : ScanHwModules
	PLC Action  : UNDEFIEND
	PLC AState  : 11

27.03.2025 09:58:12 -  1817 - device has a timeout
	Description : 
	Time        : 09:58:09.92
	ActionType  : Undefined
	MachineMode : Config
	MachineState: Idle
	PLC Object  : ScanHwModules
	PLC Action  : UNDEFIEND
	PLC AState  : 11

28.03.2025 07:16:03 -  1810 - server is in invalid state
	Description : 
	Time        : 07:14:26.96
	ActionType  : Undefined
	MachineMode : Config
	MachineState: Idle
	PLC Object  : ScanHwModules
	PLC Action  : UNDEFIEND
	PLC AState  : 8

28.03.2025 07:16:31 -  1810 - server is in invalid state
	Description : 
	Time        : 07:14:26.96
	ActionType  : Undefined
	MachineMode : Config
	MachineState: Idle
	PLC Object  : ScanHwModules
	PLC Action  : UNDEFIEND
	PLC AState  : 8

28.03.2025 07:22:39 - 41478 - Invalid state
	Description : Command can not be executed in this state.
	Time        : 07:22:39.40
	Command     : SETUP_AXIS

28.03.2025 07:34:04 - 41474 - Mode change impossible
	Description : Mode can only be changed in state "idle".
	Time        : 07:34:04.56
	Command     : CHANGE_MODE

28.03.2025 07:35:25 - 50005 - Connection error
	Description : The connection to the device could not be established.
	Time        : 07:35:25.93
	Exception   : System.InvalidOperationException: Dieser BackgroundWorker ist derzeit ausgelastet und kann nicht mehrere Aufgaben gleichzeitig ausführen.
   bei Gesim.GsMachine.Connect(String routeName, Boolean record, Boolean withoutActivation)
   bei GesimRobotics.ViewModels.Dialogs.DebugMenuDialog.connect()

28.03.2025 07:39:36 - 41216 - Communication timeout
	Description : Communication timeout - diluter.
	Time        : 07:39:36.33
	ActionType  : InitDevices
	MachineMode : Init
	MachineState: Active
	PLC Object  : FB_Diluter
	PLC Action  : A_Init
	PLC AState  : 1

28.03.2025 07:53:58 - 41503 - Configuration not activated
	Description : 
	Time        : 07:53:58.06
	Command     : CHANGE_MODE

28.03.2025 08:11:36 - 41503 - Configuration not activated
	Description : 
	Time        : 08:11:36.69
	Command     : CHANGE_MODE

28.03.2025 10:11:50 -  1817 - device has a timeout
	Description : 
	Time        : 10:08:32.13
	ActionType  : Undefined
	MachineMode : Config
	MachineState: Idle
	PLC Object  : ScanHwModules
	PLC Action  : UNDEFIEND
	PLC AState  : 11

28.03.2025 10:12:47 -  1817 - device has a timeout
	Description : 
	Time        : 10:12:41.59
	ActionType  : Undefined
	MachineMode : Config
	MachineState: Idle
	PLC Object  : ScanHwModules
	PLC Action  : UNDEFIEND
	PLC AState  : 11

28.03.2025 10:13:03 -  1817 - device has a timeout
	Description : 
	Time        : 10:12:54.94
	ActionType  : Undefined
	MachineMode : Config
	MachineState: Idle
	PLC Object  : ScanHwModules
	PLC Action  : UNDEFIEND
	PLC AState  : 11

28.03.2025 10:51:50 - 41525 - System fluid bottle empty
	Description : 
	Time        : 10:51:50.07
	Command     : EXECUTE_ACTION
	Object      : Gesim.GsPiezoPip(PiezoPipette Nano (Heatable))
	Action      : Aspirate->10 µl->10 µl/s

28.03.2025 10:52:25 - 41526 - Waste bottle full
	Description : 
	Time        : 10:52:25.53
	Command     : EXECUTE_ACTION
	Object      : Gesim.GsPiezoPip(PiezoPipette Nano (Heatable))
	Action      : Aspirate->10 µl->10 µl/s

28.03.2025 10:53:48 - 41527 - Timeout while filling PCV
	Description : A timeout occurred while filling the pressure compensation vessel.
	Time        : 10:53:46.87
	ActionType  : Undefined
	MachineMode : Manu
	MachineState: Idle
	PLC Object  : FB_DeviceBase
	PLC Action  : UNDEFIEND
	PLC AState  : 0

28.03.2025 11:01:21 - 41519 - Timeout
	Description : Internal error
	Time        : 11:01:20.21
	ActionType  : Rinse
	MachineMode : Manu
	MachineState: Active
	Object      : Gesim.GsStamp(Stamp_1Inch)
	PLC Object  : FB_WashStation
	PLC Action  : A_Rinse
	PLC AState  : 2

28.03.2025 11:14:28 - 41473 - Invalid mode
	Description : Command cannot be executed in this mode.
	Time        : 11:14:28.64
	Command     : EXECUTE_ACTION
	Object      : Gesim.GsSubstHolder(SingleSubstrateHeater)
	Action      : SwitchVacuum->Off

28.03.2025 11:30:05 - 41216 - Communication timeout
	Description : Communication timeout - diluter.
	Time        : 11:30:04.57
	ActionType  : InitDevices
	MachineMode : Init
	MachineState: Active
	PLC Object  : FB_Diluter
	PLC Action  : A_Init
	PLC AState  : 1

28.03.2025 11:47:06 - 41503 - Configuration not activated
	Description : 
	Time        : 11:47:06.43
	Command     : CHANGE_MODE

31.03.2025 08:52:38 - 50013 - Changed configuration
	Description : The current configuration has changed significantly. Some settings might have changed.
	Time        : 08:52:38.35

31.03.2025 08:53:59 - 50013 - Changed configuration
	Description : The current configuration has changed significantly. Some settings might have changed.
	Time        : 08:53:59.09

31.03.2025 08:54:34 - 50013 - Changed configuration
	Description : The current configuration has changed significantly. Some settings might have changed.
	Time        : 08:54:34.96

31.03.2025 13:21:03 - 50013 - Changed configuration
	Description : The current configuration has changed significantly. Some settings might have changed.
	Time        : 13:21:03.87

31.03.2025 14:09:23 - 41491 - Device not initialized
	Description : 
	Time        : 14:09:21.94
	ActionType  : MoveZ
	MachineMode : Manu
	MachineState: Active
	Object      : Gesim.GsHead(Head)
	PLC Object  : FB_MzHead
	PLC Action  : A_MoveZ
	PLC AState  : 80

31.03.2025 14:09:23 - 41491 - Device not initialized
	Description : 
	Time        : 14:09:21.94
	ActionType  : Undefined
	MachineMode : Manu
	MachineState: Active
	Object      : Gesim.GsHead(Head)
	PLC Object  : GCode
	PLC Action  : A_Start
	PLC AState  : 2

07.04.2025 09:11:51 - 42497 - Node not found
	Description : The CANopen node could not be found.
	Time        : 09:11:36.00
	ActionType  : Undefined
	MachineMode : Config
	MachineState: Idle
	PLC Object  : ScanHwModules
	PLC Action  : UNDEFIEND
	PLC AState  : 11

07.04.2025 09:14:35 - 42497 - Node not found
	Description : The CANopen node could not be found.
	Time        : 09:13:53.69
	ActionType  : Undefined
	MachineMode : Config
	MachineState: Idle
	PLC Object  : ScanHwModules
	PLC Action  : UNDEFIEND
	PLC AState  : 11

07.04.2025 14:11:42 - 41532 - InvalidHWItem
	Description : 
	Time        : 14:11:42.69
	Command     : READ_HW_PROP

07.04.2025 14:11:55 - 41532 - InvalidHWItem
	Description : 
	Time        : 14:11:55.71
	Command     : READ_HW_PROP

07.04.2025 14:17:28 - 17744 - Following error monitoring (position).
	Description : With active following error monitoring (position) a following error exceedance has occurred, whose magnitude is greater than the following error window, and whose duration is longer than the parameterised following error filter time.
	Time        : 14:17:28.73
	ActionType  : Undefined
	MachineMode : Maintenance
	MachineState: Active
	PLC Object  : UNDEFIEND
	PLC Action  : UNDEFIEND
	PLC AState  : 0

07.04.2025 14:17:28 - 17744 - Following error monitoring (position).
	Description : With active following error monitoring (position) a following error exceedance has occurred, whose magnitude is greater than the following error window, and whose duration is longer than the parameterised following error filter time.
	Time        : 14:17:28.74
	ActionType  : Undefined
	MachineMode : Maintenance
	MachineState: Active
	PLC Object  : UNDEFIEND
	PLC Action  : UNDEFIEND
	PLC AState  : 0

07.04.2025 14:18:10 - 17744 - Following error monitoring (position).
	Description : With active following error monitoring (position) a following error exceedance has occurred, whose magnitude is greater than the following error window, and whose duration is longer than the parameterised following error filter time.
	Time        : 14:18:10.09
	ActionType  : Undefined
	MachineMode : Maintenance
	MachineState: Active
	PLC Object  : UNDEFIEND
	PLC Action  : UNDEFIEND
	PLC AState  : 0

08.04.2025 13:12:07 - 41568 - Target position out of range - Z
	Description : Tool cannot move to target.
	Time        : 13:12:07.10
	ActionType  : Undefined
	MachineMode : Auto
	MachineState: Running
	PLC Object  : GCode
	PLC Action  : A_MoveZ
	PLC AState  : 0

08.04.2025 13:12:08 - 41568 - Target position out of range - Z
	Description : Tool cannot move to target.
	Time        : 13:12:07.10
	ActionType  : Undefined
	MachineMode : Auto
	MachineState: Running
	PLC Object  : GCode
	PLC Action  : A_MoveZ
	PLC AState  : 99

08.04.2025 13:12:25 - 42247 - Scaffold Height Exceeded
	Description : Tool cannot move to all needed print positions (Z).
	Time        : 13:12:24.54
	ActionType  : Undefined
	MachineMode : Auto
	MachineState: Running
	Object      : Gesim.GsCartridgeDisp(Cartridge Dispenser (10ml))
	PLC Object  : FB_HskMFunc
	PLC Action  : A_AssignRParamHeader
	PLC AState  : 2

08.04.2025 13:22:21 - 41568 - Target position out of range - Z
	Description : Tool cannot move to target.
	Time        : 13:22:20.23
	ActionType  : Undefined
	MachineMode : Auto
	MachineState: Running
	PLC Object  : GCode
	PLC Action  : A_MoveZ
	PLC AState  : 0

08.04.2025 13:22:21 - 41568 - Target position out of range - Z
	Description : Tool cannot move to target.
	Time        : 13:22:20.23
	ActionType  : Undefined
	MachineMode : Auto
	MachineState: Running
	PLC Object  : GCode
	PLC Action  : A_MoveZ
	PLC AState  : 99

08.04.2025 13:22:43 - 41568 - Target position out of range - Z
	Description : Tool cannot move to target.
	Time        : 13:22:42.31
	ActionType  : Undefined
	MachineMode : Auto
	MachineState: Running
	PLC Object  : GCode
	PLC Action  : A_MoveZ
	PLC AState  : 0

08.04.2025 13:22:43 - 41568 - Target position out of range - Z
	Description : Tool cannot move to target.
	Time        : 13:22:42.31
	ActionType  : Undefined
	MachineMode : Auto
	MachineState: Running
	PLC Object  : GCode
	PLC Action  : A_MoveZ
	PLC AState  : 99

08.04.2025 13:22:54 - 42247 - Scaffold Height Exceeded
	Description : Tool cannot move to all needed print positions (Z).
	Time        : 13:22:53.94
	ActionType  : Undefined
	MachineMode : Auto
	MachineState: Running
	Object      : Gesim.GsCartridgeDisp(Cartridge Dispenser (10ml))
	PLC Object  : FB_HskMFunc
	PLC Action  : A_AssignRParamHeader
	PLC AState  : 2

08.04.2025 13:23:08 - 41568 - Target position out of range - Z
	Description : Tool cannot move to target.
	Time        : 13:23:07.36
	ActionType  : Undefined
	MachineMode : Auto
	MachineState: Running
	PLC Object  : GCode
	PLC Action  : A_MoveZ
	PLC AState  : 0

08.04.2025 13:23:08 - 41568 - Target position out of range - Z
	Description : Tool cannot move to target.
	Time        : 13:23:07.36
	ActionType  : Undefined
	MachineMode : Auto
	MachineState: Running
	PLC Object  : GCode
	PLC Action  : A_MoveZ
	PLC AState  : 99

08.04.2025 13:23:22 - 41568 - Target position out of range - Z
	Description : Tool cannot move to target.
	Time        : 13:23:21.64
	ActionType  : Undefined
	MachineMode : Auto
	MachineState: Running
	PLC Object  : GCode
	PLC Action  : A_MoveZ
	PLC AState  : 0

08.04.2025 13:23:22 - 41568 - Target position out of range - Z
	Description : Tool cannot move to target.
	Time        : 13:23:21.64
	ActionType  : Undefined
	MachineMode : Auto
	MachineState: Running
	PLC Object  : GCode
	PLC Action  : A_MoveZ
	PLC AState  : 99

08.04.2025 13:23:28 - 41568 - Target position out of range - Z
	Description : Tool cannot move to target.
	Time        : 13:23:28.01
	ActionType  : Undefined
	MachineMode : Auto
	MachineState: Running
	PLC Object  : GCode
	PLC Action  : A_MoveZ
	PLC AState  : 0

08.04.2025 13:23:28 - 41568 - Target position out of range - Z
	Description : Tool cannot move to target.
	Time        : 13:23:28.01
	ActionType  : Undefined
	MachineMode : Auto
	MachineState: Running
	PLC Object  : GCode
	PLC Action  : A_MoveZ
	PLC AState  : 99

08.04.2025 13:26:14 - 41568 - Target position out of range - Z
	Description : Tool cannot move to target.
	Time        : 13:26:13.49
	ActionType  : Undefined
	MachineMode : Auto
	MachineState: Running
	PLC Object  : GCode
	PLC Action  : A_MoveZ
	PLC AState  : 0

08.04.2025 13:26:14 - 41568 - Target position out of range - Z
	Description : Tool cannot move to target.
	Time        : 13:26:13.49
	ActionType  : Undefined
	MachineMode : Auto
	MachineState: Running
	PLC Object  : GCode
	PLC Action  : A_MoveZ
	PLC AState  : 99

08.04.2025 13:26:31 - 42247 - Scaffold Height Exceeded
	Description : Tool cannot move to all needed print positions (Z).
	Time        : 13:26:30.55
	ActionType  : Undefined
	MachineMode : Auto
	MachineState: Running
	Object      : Gesim.GsCartridgeDisp(Cartridge Dispenser (10ml))
	PLC Object  : FB_HskMFunc
	PLC Action  : A_AssignRParamHeader
	PLC AState  : 2

08.04.2025 13:26:34 - 42247 - Scaffold Height Exceeded
	Description : Tool cannot move to all needed print positions (Z).
	Time        : 13:26:33.86
	ActionType  : Undefined
	MachineMode : Auto
	MachineState: Running
	Object      : Gesim.GsCartridgeDisp(Cartridge Dispenser (10ml))
	PLC Object  : FB_HskMFunc
	PLC Action  : A_AssignRParamHeader
	PLC AState  : 2

08.04.2025 13:26:52 - 41568 - Target position out of range - Z
	Description : Tool cannot move to target.
	Time        : 13:26:51.51
	ActionType  : Undefined
	MachineMode : Auto
	MachineState: Running
	PLC Object  : GCode
	PLC Action  : A_MoveZ
	PLC AState  : 0

08.04.2025 13:26:52 - 41568 - Target position out of range - Z
	Description : Tool cannot move to target.
	Time        : 13:26:51.51
	ActionType  : Undefined
	MachineMode : Auto
	MachineState: Running
	PLC Object  : GCode
	PLC Action  : A_MoveZ
	PLC AState  : 99

08.04.2025 13:27:13 - 41568 - Target position out of range - Z
	Description : Tool cannot move to target.
	Time        : 13:27:12.31
	ActionType  : Undefined
	MachineMode : Auto
	MachineState: Running
	PLC Object  : GCode
	PLC Action  : A_MoveZ
	PLC AState  : 0

08.04.2025 13:27:13 - 41568 - Target position out of range - Z
	Description : Tool cannot move to target.
	Time        : 13:27:12.31
	ActionType  : Undefined
	MachineMode : Auto
	MachineState: Running
	PLC Object  : GCode
	PLC Action  : A_MoveZ
	PLC AState  : 99

08.04.2025 13:27:27 - 41568 - Target position out of range - Z
	Description : Tool cannot move to target.
	Time        : 13:27:26.87
	ActionType  : Undefined
	MachineMode : Auto
	MachineState: Running
	PLC Object  : GCode
	PLC Action  : A_MoveZ
	PLC AState  : 0

08.04.2025 13:27:27 - 41568 - Target position out of range - Z
	Description : Tool cannot move to target.
	Time        : 13:27:26.87
	ActionType  : Undefined
	MachineMode : Auto
	MachineState: Running
	PLC Object  : GCode
	PLC Action  : A_MoveZ
	PLC AState  : 99

08.04.2025 13:27:58 - 41568 - Target position out of range - Z
	Description : Tool cannot move to target.
	Time        : 13:27:57.47
	ActionType  : Undefined
	MachineMode : Auto
	MachineState: Running
	PLC Object  : GCode
	PLC Action  : A_MoveZ
	PLC AState  : 0

08.04.2025 13:27:58 - 41568 - Target position out of range - Z
	Description : Tool cannot move to target.
	Time        : 13:27:57.47
	ActionType  : Undefined
	MachineMode : Auto
	MachineState: Running
	PLC Object  : GCode
	PLC Action  : A_MoveZ
	PLC AState  : 99

08.04.2025 13:28:17 - 42247 - Scaffold Height Exceeded
	Description : Tool cannot move to all needed print positions (Z).
	Time        : 13:28:16.31
	ActionType  : Undefined
	MachineMode : Auto
	MachineState: Running
	Object      : Gesim.GsCartridgeDisp(Cartridge Dispenser (10ml))
	PLC Object  : FB_HskMFunc
	PLC Action  : A_AssignRParamHeader
	PLC AState  : 2

08.04.2025 13:28:20 - 42247 - Scaffold Height Exceeded
	Description : Tool cannot move to all needed print positions (Z).
	Time        : 13:28:19.75
	ActionType  : Undefined
	MachineMode : Auto
	MachineState: Running
	Object      : Gesim.GsCartridgeDisp(Cartridge Dispenser (10ml))
	PLC Object  : FB_HskMFunc
	PLC Action  : A_AssignRParamHeader
	PLC AState  : 2

08.04.2025 13:28:36 - 42247 - Scaffold Height Exceeded
	Description : Tool cannot move to all needed print positions (Z).
	Time        : 13:28:35.30
	ActionType  : Undefined
	MachineMode : Auto
	MachineState: Running
	Object      : Gesim.GsCartridgeDisp(Cartridge Dispenser (10ml))
	PLC Object  : FB_HskMFunc
	PLC Action  : A_AssignRParamHeader
	PLC AState  : 2

08.04.2025 13:51:00 - 41478 - Invalid state
	Description : Command can not be executed in this state.
	Time        : 13:51:00.51
	Command     : EXECUTE_ACTION
	Object      : Gesim.GsSubstHolder(SingleSubstrateHeater (Internal))
	Action      : Heating->Off

09.04.2025 06:48:54 - 16658 - Syntax error during interpretation
	Description : The NC has found a syntax error when executing an NC program.
	Time        : 06:48:44.67
	ActionType  : Undefined
	MachineMode : Auto
	MachineState: Running
	PLC Object  : GCode
	PLC Action  : A_Run
	PLC AState  : 20

09.04.2025 07:19:37 - 16658 - Syntax error during interpretation
	Description : The NC has found a syntax error when executing an NC program.
	Time        : 07:19:28.02
	ActionType  : Undefined
	MachineMode : Auto
	MachineState: Running
	PLC Object  : GCode
	PLC Action  : A_Run
	PLC AState  : 20

09.04.2025 10:03:09 - 41995 - InvalidToolConfig
	Description : 
	Time        : 10:03:08.71
	ActionType  : Undefined
	MachineMode : Config
	MachineState: Active
	PLC Object  : FB_MultiZRef
	PLC Action  : A_SetConfig
	PLC AState  : 0

09.04.2025 10:03:09 - 41995 - InvalidToolConfig
	Description : 
	Time        : 10:03:08.72
	ActionType  : Undefined
	MachineMode : Config
	MachineState: Active
	PLC Object  : FB_Configuration
	PLC Action  : A_Activate
	PLC AState  : 0

09.04.2025 10:04:33 - 41069 - No nozzle on tool
	Description : A printing tool was configured without a nozzle.
	Time        : 10:04:33.46
	ActionType  : Undefined
	MachineMode : Config
	MachineState: Active
	Object      : Gesim.GsCartridgeDisp(Cartridge Dispenser (10ml))
	PLC Object  : UNDEFIEND
	PLC Action  : UNDEFIEND
	PLC AState  : 0

09.04.2025 10:59:31 - 41535 - Z-Sensor not calibrated
	Description : 
	Time        : 10:59:30.15
	ActionType  : Measure
	MachineMode : Manu
	MachineState: Active
	Object      : Gesim.GsZSensor(ZSensor)
	PLC Object  : FB_ComplexAction
	PLC Action  : A_MeasureTarget
	PLC AState  : 0

09.04.2025 11:00:16 - 41587 - HighVoltSupplyOff
	Description : High voltage supply not available or not switched on
	Time        : 11:00:16.89
	Command     : EXECUTE_ACTION
	Object      : Gesim.GsHighVoltTray(HighVoltTray)
	Action      : Switch Voltage

09.04.2025 11:01:11 - 41598 - RiskOfHighvoltFlashover
	Description : 
	Time        : 11:01:11.45
	Command     : EXECUTE_ACTION
	Object      : Gesim.GsZSensor(ZSensor)
	Action      : Measure Target->Point

09.04.2025 11:13:59 - 41747 - Z-Sensor switch not found
	Description : Measurement: switching point not reached - Internal error (20)
	Time        : 11:13:59.21
	ActionType  : MoveZ
	MachineMode : Manu
	MachineState: Active
	Object      : Gesim.GsZSensor(ZSensor)
	PLC Object  : FB_MzTool
	PLC Action  : A_MoveZ
	PLC AState  : 0

09.04.2025 11:13:59 - 41747 - Z-Sensor switch not found
	Description : Measurement: switching point not reached - Internal error (20)
	Time        : 11:13:59.22
	ActionType  : Measure
	MachineMode : Manu
	MachineState: Active
	Object      : Gesim.GsZSensor(ZSensor)
	PLC Object  : FB_ComplexAction
	PLC Action  : A_MeasureTarget
	PLC AState  : 4

09.04.2025 11:14:30 - 41567 - Target position out of range - Y
	Description : Tool cannot move to target.
	Time        : 11:14:29.97
	ActionType  : Measure
	MachineMode : Manu
	MachineState: Active
	Object      : Gesim.GsZSensor(ZSensor)
	PLC Object  : FB_ComplexAction
	PLC Action  : A_MeasureTarget
	PLC AState  : 1

09.04.2025 11:15:45 - 41567 - Target position out of range - Y
	Description : Tool cannot move to target.
	Time        : 11:15:45.35
	ActionType  : Measure
	MachineMode : Manu
	MachineState: Active
	Object      : Gesim.GsZSensor(ZSensor)
	PLC Object  : FB_ComplexAction
	PLC Action  : A_MeasureTarget
	PLC AState  : 1

09.04.2025 11:49:05 - 41525 - System fluid bottle empty
	Description : 
	Time        : 11:49:05.34
	ActionType  : Undefined
	MachineMode : Manu
	MachineState: Idle
	PLC Object  : FB_DeviceBase
	PLC Action  : UNDEFIEND
	PLC AState  : 0

09.04.2025 11:51:40 - 41526 - Waste bottle full
	Description : 
	Time        : 11:51:40.70
	Command     : EXECUTE_ACTION
	Object      : Gesim.GsPiezoPip(PiezoPipette Nano (Heatable))
	Action      : Wash->Washpoint 1->WashInOutside->10 µl->10 µl/s->30 s

09.04.2025 11:51:51 - 41527 - Timeout while filling PCV
	Description : A timeout occurred while filling the pressure compensation vessel.
	Time        : 11:51:51.50
	ActionType  : Undefined
	MachineMode : Manu
	MachineState: Idle
	PLC Object  : FB_DeviceBase
	PLC Action  : UNDEFIEND
	PLC AState  : 0

09.04.2025 11:58:28 - 50001 - Camera not found
	Description : The specified camera could not be found.
	Time        : 11:58:28.79
	Exception   : System.InvalidOperationException: Die Sequenz enthält kein übereinstimmendes Element.
   bei System.Linq.Enumerable.First[TSource](IEnumerable`1 source, Func`2 predicate)
   bei GesimRobotics.CameraOptions.GetCamera(String id)
   bei GesimRobotics.ViewModels.CameraControl..ctor(String id, CameraType type)

09.04.2025 12:00:59 - 41567 - Target position out of range - Y
	Description : Tool cannot move to target.
	Time        : 12:00:59.09
	Command     : EXECUTE_ACTION
	Object      : Gesim.GsPiezoPip(PiezoPipette Nano (Heatable))
	Action      : Move to Target->Stroboscope->MeasurePoint

09.04.2025 13:10:35 - 41995 - InvalidToolConfig
	Description : 
	Time        : 13:10:34.77
	ActionType  : Undefined
	MachineMode : Config
	MachineState: Active
	PLC Object  : FB_MultiZRef
	PLC Action  : A_SetConfig
	PLC AState  : 0

09.04.2025 13:10:35 - 41995 - InvalidToolConfig
	Description : 
	Time        : 13:10:34.78
	ActionType  : Undefined
	MachineMode : Config
	MachineState: Active
	PLC Object  : FB_Configuration
	PLC Action  : A_Activate
	PLC AState  : 0

09.04.2025 13:10:57 - 41995 - InvalidToolConfig
	Description : 
	Time        : 13:10:34.78
	ActionType  : Undefined
	MachineMode : Config
	MachineState: Active
	PLC Object  : FB_Configuration
	PLC Action  : A_Activate
	PLC AState  : 0

09.04.2025 13:11:30 - 41511 - Z-Sensor not mounted
	Description : A measurement was attempted without mounted Z-Sensor.
	Time        : 13:11:30.57
	Command     : EXECUTE_ACTION
	Object      : Gesim.GsZSensor(ZSensor)
	Action      : Calibrate Z-Sensor

09.04.2025 13:12:11 - 41511 - Z-Sensor not mounted
	Description : A measurement was attempted without mounted Z-Sensor.
	Time        : 13:12:11.48
	Command     : EXECUTE_ACTION
	Object      : Gesim.GsZSensor(ZSensor)
	Action      : Calibrate Z-Sensor

09.04.2025 13:12:55 - 41502 - Pipet move with Z-Sensor
	Description : The pipet cannot move with Z-Sensor mounted.
	Time        : 13:12:54.60
	ActionType  : MoveToTarget
	MachineMode : Manu
	MachineState: Active
	PLC Object  : FB_ComplexAction
	PLC Action  : A_MoveToTarget
	PLC AState  : 0

09.04.2025 13:47:10 - 41502 - Pipet move with Z-Sensor
	Description : The pipet cannot move with Z-Sensor mounted.
	Time        : 13:47:09.58
	ActionType  : WashTool
	MachineMode : Manu
	MachineState: Active
	PLC Object  : FB_ComplexAction
	PLC Action  : A_WashTool
	PLC AState  : 1

09.04.2025 14:01:32 - 42240 - InvalidToolNr
	Description : 
	Time        : 14:01:32.48
	ActionType  : Undefined
	MachineMode : Auto
	MachineState: Running
	PLC Object  : FB_HskMFunc
	PLC Action  : A_AssignRParamHeader
	PLC AState  : 1

09.04.2025 14:02:02 - 42240 - InvalidToolNr
	Description : 
	Time        : 14:02:02.24
	ActionType  : Undefined
	MachineMode : Auto
	MachineState: Running
	PLC Object  : FB_HskMFunc
	PLC Action  : A_AssignRParamHeader
	PLC AState  : 1

09.04.2025 14:02:05 - 50013 - Changed configuration
	Description : The current configuration has changed significantly. Some settings might have changed.
	Time        : 14:02:05.52

11.04.2025 07:36:14 - 41473 - Invalid mode
	Description : Command cannot be executed in this mode.
	Time        : 07:36:14.02
	Command     : EXECUTE_ACTION
	Object      : Gesim.GsCartridgeDisp(Cartridge Dispenser (10ml))
	Action      : Measure Tool->TipCalibrator

11.04.2025 07:36:33 - 41473 - Invalid mode
	Description : Command cannot be executed in this mode.
	Time        : 07:36:33.14
	Command     : EXECUTE_ACTION
	Object      : Gesim.GsCartridgeDisp(Cartridge Dispenser (10ml))
	Action      : Measure Tool->TipCalibrator

11.04.2025 07:44:52 - 41995 - InvalidToolConfig
	Description : 
	Time        : 07:44:51.50
	ActionType  : Undefined
	MachineMode : Config
	MachineState: Active
	PLC Object  : FB_MultiZRef
	PLC Action  : A_SetConfig
	PLC AState  : 0

11.04.2025 07:44:52 - 41995 - InvalidToolConfig
	Description : 
	Time        : 07:44:51.51
	ActionType  : Undefined
	MachineMode : Config
	MachineState: Active
	PLC Object  : FB_Configuration
	PLC Action  : A_Activate
	PLC AState  : 0

12.09.2025 08:13:45 - 41995 - InvalidToolConfig
	Description : 
	Time        : 08:13:45.00
	ActionType  : Undefined
	MachineMode : Config
	MachineState: Active
	PLC Object  : FB_MultiZRef
	PLC Action  : A_SetConfig
	PLC AState  : 0

12.09.2025 08:13:45 - 41995 - InvalidToolConfig
	Description : 
	Time        : 08:13:45.01
	ActionType  : Undefined
	MachineMode : Config
	MachineState: Active
	PLC Object  : FB_Configuration
	PLC Action  : A_Activate
	PLC AState  : 0

12.09.2025 08:13:59 - 41995 - InvalidToolConfig
	Description : 
	Time        : 08:13:45.01
	ActionType  : Undefined
	MachineMode : Config
	MachineState: Active
	PLC Object  : FB_Configuration
	PLC Action  : A_Activate
	PLC AState  : 0

12.09.2025 08:14:06 - 41216 - Communication timeout
	Description : Communication timeout - diluter.
	Time        : 08:14:05.21
	ActionType  : InitDevices
	MachineMode : Init
	MachineState: Active
	PLC Object  : FB_Diluter
	PLC Action  : A_Init
	PLC AState  : 1

12.09.2025 09:01:13 - 41995 - InvalidToolConfig
	Description : 
	Time        : 09:01:12.16
	ActionType  : Undefined
	MachineMode : Config
	MachineState: Active
	PLC Object  : FB_MultiZRef
	PLC Action  : A_SetConfig
	PLC AState  : 0

12.09.2025 09:01:13 - 41995 - InvalidToolConfig
	Description : 
	Time        : 09:01:12.17
	ActionType  : Undefined
	MachineMode : Config
	MachineState: Active
	PLC Object  : FB_Configuration
	PLC Action  : A_Activate
	PLC AState  : 0

12.09.2025 09:01:19 - 41995 - InvalidToolConfig
	Description : 
	Time        : 09:01:17.60
	ActionType  : Undefined
	MachineMode : Config
	MachineState: Active
	PLC Object  : FB_MultiZRef
	PLC Action  : A_SetConfig
	PLC AState  : 0

12.09.2025 09:01:19 - 41995 - InvalidToolConfig
	Description : 
	Time        : 09:01:17.61
	ActionType  : Undefined
	MachineMode : Config
	MachineState: Active
	PLC Object  : FB_Configuration
	PLC Action  : A_Activate
	PLC AState  : 0

12.09.2025 09:01:22 - 41995 - InvalidToolConfig
	Description : 
	Time        : 09:01:20.60
	ActionType  : Undefined
	MachineMode : Config
	MachineState: Active
	PLC Object  : FB_MultiZRef
	PLC Action  : A_SetConfig
	PLC AState  : 0

12.09.2025 09:01:22 - 41995 - InvalidToolConfig
	Description : 
	Time        : 09:01:20.61
	ActionType  : Undefined
	MachineMode : Config
	MachineState: Active
	PLC Object  : FB_Configuration
	PLC Action  : A_Activate
	PLC AState  : 0

12.09.2025 09:01:31 - 41995 - InvalidToolConfig
	Description : 
	Time        : 09:01:20.61
	ActionType  : Undefined
	MachineMode : Config
	MachineState: Active
	PLC Object  : FB_Configuration
	PLC Action  : A_Activate
	PLC AState  : 0

12.09.2025 09:15:17 - 41995 - InvalidToolConfig
	Description : 
	Time        : 09:15:18.11
	ActionType  : Undefined
	MachineMode : Config
	MachineState: Active
	PLC Object  : FB_MultiZRef
	PLC Action  : A_SetConfig
	PLC AState  : 0

12.09.2025 09:15:17 - 41995 - InvalidToolConfig
	Description : 
	Time        : 09:15:18.12
	ActionType  : Undefined
	MachineMode : Config
	MachineState: Active
	PLC Object  : FB_Configuration
	PLC Action  : A_Activate
	PLC AState  : 0

12.09.2025 09:15:22 - 41995 - InvalidToolConfig
	Description : 
	Time        : 09:15:22.44
	ActionType  : Undefined
	MachineMode : Config
	MachineState: Active
	PLC Object  : FB_MultiZRef
	PLC Action  : A_SetConfig
	PLC AState  : 0

12.09.2025 09:15:22 - 41995 - InvalidToolConfig
	Description : 
	Time        : 09:15:22.45
	ActionType  : Undefined
	MachineMode : Config
	MachineState: Active
	PLC Object  : FB_Configuration
	PLC Action  : A_Activate
	PLC AState  : 0

12.09.2025 09:15:44 - 41995 - InvalidToolConfig
	Description : 
	Time        : 09:15:22.45
	ActionType  : Undefined
	MachineMode : Config
	MachineState: Active
	PLC Object  : FB_Configuration
	PLC Action  : A_Activate
	PLC AState  : 0

15.09.2025 08:25:49 - 41995 - InvalidToolConfig
	Description : 
	Time        : 08:25:47.84
	ActionType  : Undefined
	MachineMode : Config
	MachineState: Active
	PLC Object  : FB_MultiZRef
	PLC Action  : A_SetConfig
	PLC AState  : 0

15.09.2025 08:25:49 - 41995 - InvalidToolConfig
	Description : 
	Time        : 08:25:47.85
	ActionType  : Undefined
	MachineMode : Config
	MachineState: Active
	PLC Object  : FB_Configuration
	PLC Action  : A_Activate
	PLC AState  : 0

15.09.2025 08:25:55 - 41995 - InvalidToolConfig
	Description : 
	Time        : 08:25:53.59
	ActionType  : Undefined
	MachineMode : Config
	MachineState: Active
	PLC Object  : FB_MultiZRef
	PLC Action  : A_SetConfig
	PLC AState  : 0

15.09.2025 08:25:55 - 41995 - InvalidToolConfig
	Description : 
	Time        : 08:25:53.60
	ActionType  : Undefined
	MachineMode : Config
	MachineState: Active
	PLC Object  : FB_Configuration
	PLC Action  : A_Activate
	PLC AState  : 0

15.09.2025 08:25:59 - 41995 - InvalidToolConfig
	Description : 
	Time        : 08:25:57.71
	ActionType  : Undefined
	MachineMode : Config
	MachineState: Active
	PLC Object  : FB_MultiZRef
	PLC Action  : A_SetConfig
	PLC AState  : 0

15.09.2025 08:25:59 - 41995 - InvalidToolConfig
	Description : 
	Time        : 08:25:57.72
	ActionType  : Undefined
	MachineMode : Config
	MachineState: Active
	PLC Object  : FB_Configuration
	PLC Action  : A_Activate
	PLC AState  : 0

15.09.2025 08:30:44 - 41995 - InvalidToolConfig
	Description : 
	Time        : 08:30:43.25
	ActionType  : Undefined
	MachineMode : Config
	MachineState: Active
	PLC Object  : FB_MultiZRef
	PLC Action  : A_SetConfig
	PLC AState  : 0

15.09.2025 08:30:44 - 41995 - InvalidToolConfig
	Description : 
	Time        : 08:30:43.26
	ActionType  : Undefined
	MachineMode : Config
	MachineState: Active
	PLC Object  : FB_Configuration
	PLC Action  : A_Activate
	PLC AState  : 0

15.09.2025 08:30:47 - 41995 - InvalidToolConfig
	Description : 
	Time        : 08:30:46.72
	ActionType  : Undefined
	MachineMode : Config
	MachineState: Active
	PLC Object  : FB_MultiZRef
	PLC Action  : A_SetConfig
	PLC AState  : 0

15.09.2025 08:30:47 - 41995 - InvalidToolConfig
	Description : 
	Time        : 08:30:46.73
	ActionType  : Undefined
	MachineMode : Config
	MachineState: Active
	PLC Object  : FB_Configuration
	PLC Action  : A_Activate
	PLC AState  : 0

15.09.2025 08:30:51 - 41995 - InvalidToolConfig
	Description : 
	Time        : 08:30:50.37
	ActionType  : Undefined
	MachineMode : Config
	MachineState: Active
	PLC Object  : FB_MultiZRef
	PLC Action  : A_SetConfig
	PLC AState  : 0

15.09.2025 08:30:51 - 41995 - InvalidToolConfig
	Description : 
	Time        : 08:30:50.38
	ActionType  : Undefined
	MachineMode : Config
	MachineState: Active
	PLC Object  : FB_Configuration
	PLC Action  : A_Activate
	PLC AState  : 0

15.09.2025 08:32:18 - 41995 - InvalidToolConfig
	Description : 
	Time        : 08:32:16.26
	ActionType  : Undefined
	MachineMode : Config
	MachineState: Active
	PLC Object  : FB_MultiZRef
	PLC Action  : A_SetConfig
	PLC AState  : 0

15.09.2025 08:32:18 - 41995 - InvalidToolConfig
	Description : 
	Time        : 08:32:16.27
	ActionType  : Undefined
	MachineMode : Config
	MachineState: Active
	PLC Object  : FB_Configuration
	PLC Action  : A_Activate
	PLC AState  : 0

15.09.2025 08:32:22 - 41995 - InvalidToolConfig
	Description : 
	Time        : 08:32:19.95
	ActionType  : Undefined
	MachineMode : Config
	MachineState: Active
	PLC Object  : FB_MultiZRef
	PLC Action  : A_SetConfig
	PLC AState  : 0

15.09.2025 08:32:22 - 41995 - InvalidToolConfig
	Description : 
	Time        : 08:32:19.96
	ActionType  : Undefined
	MachineMode : Config
	MachineState: Active
	PLC Object  : FB_Configuration
	PLC Action  : A_Activate
	PLC AState  : 0

15.09.2025 08:34:55 - 41995 - InvalidToolConfig
	Description : 
	Time        : 08:34:54.88
	ActionType  : Undefined
	MachineMode : Config
	MachineState: Active
	PLC Object  : FB_MultiZRef
	PLC Action  : A_SetConfig
	PLC AState  : 0

15.09.2025 08:34:55 - 41995 - InvalidToolConfig
	Description : 
	Time        : 08:34:54.89
	ActionType  : Undefined
	MachineMode : Config
	MachineState: Active
	PLC Object  : FB_Configuration
	PLC Action  : A_Activate
	PLC AState  : 0

15.09.2025 08:34:59 - 41995 - InvalidToolConfig
	Description : 
	Time        : 08:34:58.32
	ActionType  : Undefined
	MachineMode : Config
	MachineState: Active
	PLC Object  : FB_MultiZRef
	PLC Action  : A_SetConfig
	PLC AState  : 0

15.09.2025 08:34:59 - 41995 - InvalidToolConfig
	Description : 
	Time        : 08:34:58.33
	ActionType  : Undefined
	MachineMode : Config
	MachineState: Active
	PLC Object  : FB_Configuration
	PLC Action  : A_Activate
	PLC AState  : 0

15.09.2025 08:36:23 - 41995 - InvalidToolConfig
	Description : 
	Time        : 08:36:23.06
	ActionType  : Undefined
	MachineMode : Config
	MachineState: Active
	PLC Object  : FB_MultiZRef
	PLC Action  : A_SetConfig
	PLC AState  : 0

15.09.2025 08:36:23 - 41995 - InvalidToolConfig
	Description : 
	Time        : 08:36:23.07
	ActionType  : Undefined
	MachineMode : Config
	MachineState: Active
	PLC Object  : FB_Configuration
	PLC Action  : A_Activate
	PLC AState  : 0

15.09.2025 08:46:59 - 41995 - InvalidToolConfig
	Description : 
	Time        : 08:46:57.83
	ActionType  : Undefined
	MachineMode : Config
	MachineState: Active
	PLC Object  : FB_MultiZRef
	PLC Action  : A_SetConfig
	PLC AState  : 0

15.09.2025 08:46:59 - 41995 - InvalidToolConfig
	Description : 
	Time        : 08:46:57.84
	ActionType  : Undefined
	MachineMode : Config
	MachineState: Active
	PLC Object  : FB_Configuration
	PLC Action  : A_Activate
	PLC AState  : 0

15.09.2025 12:55:17 - 41535 - Z-Sensor not calibrated
	Description : 
	Time        : 12:55:16.85
	ActionType  : Measure
	MachineMode : Manu
	MachineState: Active
	Object      : Gesim.GsZSensor(ZSensor)
	PLC Object  : FB_ComplexAction
	PLC Action  : A_MeasureTarget
	PLC AState  : 0

15.09.2025 14:41:01 - 17744 - Following error monitoring (position).
	Description : With active following error monitoring (position) a following error exceedance has occurred, whose magnitude is greater than the following error window, and whose duration is longer than the parameterised following error filter time.
	Time        : 14:41:00.44
	ActionType  : Undefined
	MachineMode : Init
	MachineState: Active
	PLC Object  : UNDEFIEND
	PLC Action  : UNDEFIEND
	PLC AState  : 0

15.09.2025 14:41:02 - 17744 - Following error monitoring (position).
	Description : With active following error monitoring (position) a following error exceedance has occurred, whose magnitude is greater than the following error window, and whose duration is longer than the parameterised following error filter time.
	Time        : 14:41:00.59
	ActionType  : InitDevices
	MachineMode : Init
	MachineState: Active
	Object      : Gesim.GsHead(Head)
	PLC Object  : FB_MzHead
	PLC Action  : A_Init
	PLC AState  : 40

15.09.2025 14:42:36 - 41491 - Device not initialized
	Description : 
	Time        : 14:42:36.24
	Command     : EXECUTE_ACTION
	Object      : Gesim.GsCartridgeDisp(Cartridge Dispenser (5ml))
	Action      : Jog

15.09.2025 14:42:36 - 41491 - Device not initialized
	Description : 
	Time        : 14:42:36.25
	Command     : EXECUTE_ACTION
	Object      : Gesim.GsCartridgeDisp(Cartridge Dispenser (5ml))
	Action      : Jog

15.09.2025 14:42:45 - 41491 - Device not initialized
	Description : 
	Time        : 14:42:45.57
	Command     : EXECUTE_ACTION
	Object      : Gesim.GsCartridgeHolder(CartridgeHolder (No Board))
	Action      : Jog

15.09.2025 14:42:45 - 41491 - Device not initialized
	Description : 
	Time        : 14:42:45.58
	Command     : EXECUTE_ACTION
	Object      : Gesim.GsCartridgeHolder(CartridgeHolder (No Board))
	Action      : Jog

15.09.2025 14:42:52 - 41491 - Device not initialized
	Description : 
	Time        : 14:42:52.15
	Command     : EXECUTE_ACTION
	Object      : Gesim.GsCartridgeHolder(CartridgeHolder (No Board))
	Action      : Jog

15.09.2025 14:42:52 - 41491 - Device not initialized
	Description : 
	Time        : 14:42:52.16
	Command     : EXECUTE_ACTION
	Object      : Gesim.GsCartridgeHolder(CartridgeHolder (No Board))
	Action      : Jog

17.09.2025 12:15:41 - 41473 - Invalid mode
	Description : Command cannot be executed in this mode.
	Time        : 12:15:41.15
	Command     : EXECUTE_ACTION
	Object      : Gesim.GsHead(Head)
	Action      : Jog

17.09.2025 12:16:17 - 41473 - Invalid mode
	Description : Command cannot be executed in this mode.
	Time        : 12:16:17.61
	Command     : EXECUTE_ACTION
	Object      : Gesim.GsHead(Head)
	Action      : Jog

17.09.2025 13:03:53 - 41500 - Target position out of range - X
	Description : Tool cannot move to target.
	Time        : 13:03:52.17
	ActionType  : Measure
	MachineMode : Manu
	MachineState: Active
	Object      : Gesim.GsZSensor(ZSensor)
	PLC Object  : FB_ComplexAction
	PLC Action  : A_MeasureTarget
	PLC AState  : 1

17.09.2025 13:50:27 - 42245 - InvalidNciState
	Description : 
	Time        : 13:50:26.09
	ActionType  : Undefined
	MachineMode : Auto
	MachineState: Running
	PLC Object  : FB_Sequence
	PLC Action  : UNDEFIEND
	PLC AState  : 2

17.09.2025 13:50:27 - 42240 - InvalidToolNr
	Description : 
	Time        : 13:50:26.30
	ActionType  : Undefined
	MachineMode : Auto
	MachineState: Error
	PLC Object  : FB_HskMFunc
	PLC Action  : A_AssignRParamHeader
	PLC AState  : 1

17.09.2025 13:54:40 - 42245 - InvalidNciState
	Description : 
	Time        : 13:54:39.02
	ActionType  : Undefined
	MachineMode : Auto
	MachineState: Running
	PLC Object  : FB_Sequence
	PLC Action  : UNDEFIEND
	PLC AState  : 2

17.09.2025 13:54:42 - 41568 - Target position out of range - Z
	Description : Tool cannot move to target.
	Time        : 13:54:41.23
	ActionType  : Undefined
	MachineMode : Auto
	MachineState: Error
	PLC Object  : GCode
	PLC Action  : A_MoveZ
	PLC AState  : 0

17.09.2025 13:54:42 - 41568 - Target position out of range - Z
	Description : Tool cannot move to target.
	Time        : 13:54:41.23
	ActionType  : Undefined
	MachineMode : Auto
	MachineState: Error
	PLC Object  : GCode
	PLC Action  : A_MoveZ
	PLC AState  : 99

17.09.2025 13:57:27 - 42245 - InvalidNciState
	Description : 
	Time        : 13:57:26.36
	ActionType  : Undefined
	MachineMode : Auto
	MachineState: Running
	PLC Object  : FB_Sequence
	PLC Action  : UNDEFIEND
	PLC AState  : 2

17.09.2025 13:57:29 - 41568 - Target position out of range - Z
	Description : Tool cannot move to target.
	Time        : 13:57:28.34
	ActionType  : Undefined
	MachineMode : Auto
	MachineState: Error
	PLC Object  : GCode
	PLC Action  : A_MoveZ
	PLC AState  : 0

17.09.2025 13:57:29 - 41568 - Target position out of range - Z
	Description : Tool cannot move to target.
	Time        : 13:57:28.34
	ActionType  : Undefined
	MachineMode : Auto
	MachineState: Error
	PLC Object  : GCode
	PLC Action  : A_MoveZ
	PLC AState  : 99

17.09.2025 14:00:26 - 42245 - InvalidNciState
	Description : 
	Time        : 14:00:24.97
	ActionType  : Undefined
	MachineMode : Auto
	MachineState: Running
	PLC Object  : FB_Sequence
	PLC Action  : UNDEFIEND
	PLC AState  : 2

17.09.2025 14:00:28 - 41568 - Target position out of range - Z
	Description : Tool cannot move to target.
	Time        : 14:00:26.93
	ActionType  : Undefined
	MachineMode : Auto
	MachineState: Error
	PLC Object  : GCode
	PLC Action  : A_MoveZ
	PLC AState  : 0

17.09.2025 14:00:28 - 41568 - Target position out of range - Z
	Description : Tool cannot move to target.
	Time        : 14:00:26.93
	ActionType  : Undefined
	MachineMode : Auto
	MachineState: Error
	PLC Object  : GCode
	PLC Action  : A_MoveZ
	PLC AState  : 99

17.09.2025 14:01:39 - 42245 - InvalidNciState
	Description : 
	Time        : 14:01:38.00
	ActionType  : Undefined
	MachineMode : Auto
	MachineState: Running
	PLC Object  : FB_Sequence
	PLC Action  : UNDEFIEND
	PLC AState  : 2

17.09.2025 14:01:41 - 41568 - Target position out of range - Z
	Description : Tool cannot move to target.
	Time        : 14:01:40.22
	ActionType  : Undefined
	MachineMode : Auto
	MachineState: Error
	PLC Object  : GCode
	PLC Action  : A_MoveZ
	PLC AState  : 0

17.09.2025 14:01:41 - 41568 - Target position out of range - Z
	Description : Tool cannot move to target.
	Time        : 14:01:40.22
	ActionType  : Undefined
	MachineMode : Auto
	MachineState: Error
	PLC Object  : GCode
	PLC Action  : A_MoveZ
	PLC AState  : 99

17.09.2025 14:03:20 - 42245 - InvalidNciState
	Description : 
	Time        : 14:03:19.64
	ActionType  : Undefined
	MachineMode : Auto
	MachineState: Running
	PLC Object  : FB_Sequence
	PLC Action  : UNDEFIEND
	PLC AState  : 2

17.09.2025 14:03:22 - 41568 - Target position out of range - Z
	Description : Tool cannot move to target.
	Time        : 14:03:21.52
	ActionType  : Undefined
	MachineMode : Auto
	MachineState: Error
	PLC Object  : GCode
	PLC Action  : A_MoveZ
	PLC AState  : 0

17.09.2025 14:03:22 - 41568 - Target position out of range - Z
	Description : Tool cannot move to target.
	Time        : 14:03:21.52
	ActionType  : Undefined
	MachineMode : Auto
	MachineState: Error
	PLC Object  : GCode
	PLC Action  : A_MoveZ
	PLC AState  : 99

17.09.2025 14:04:01 - 42245 - InvalidNciState
	Description : 
	Time        : 14:04:00.04
	ActionType  : Undefined
	MachineMode : Auto
	MachineState: Running
	PLC Object  : FB_Sequence
	PLC Action  : UNDEFIEND
	PLC AState  : 2

17.09.2025 14:04:03 - 41568 - Target position out of range - Z
	Description : Tool cannot move to target.
	Time        : 14:04:01.81
	ActionType  : Undefined
	MachineMode : Auto
	MachineState: Error
	PLC Object  : GCode
	PLC Action  : A_MoveZ
	PLC AState  : 0

17.09.2025 14:04:03 - 41568 - Target position out of range - Z
	Description : Tool cannot move to target.
	Time        : 14:04:01.81
	ActionType  : Undefined
	MachineMode : Auto
	MachineState: Error
	PLC Object  : GCode
	PLC Action  : A_MoveZ
	PLC AState  : 99

17.09.2025 14:06:35 - 42245 - InvalidNciState
	Description : 
	Time        : 14:06:34.65
	ActionType  : Undefined
	MachineMode : Auto
	MachineState: Running
	PLC Object  : FB_Sequence
	PLC Action  : UNDEFIEND
	PLC AState  : 2

17.09.2025 14:06:37 - 41568 - Target position out of range - Z
	Description : Tool cannot move to target.
	Time        : 14:06:36.50
	ActionType  : Undefined
	MachineMode : Auto
	MachineState: Error
	PLC Object  : GCode
	PLC Action  : A_MoveZ
	PLC AState  : 0

17.09.2025 14:06:37 - 41568 - Target position out of range - Z
	Description : Tool cannot move to target.
	Time        : 14:06:36.50
	ActionType  : Undefined
	MachineMode : Auto
	MachineState: Error
	PLC Object  : GCode
	PLC Action  : A_MoveZ
	PLC AState  : 99

17.09.2025 14:12:26 - 41568 - Target position out of range - Z
	Description : Tool cannot move to target.
	Time        : 14:12:25.51
	ActionType  : Undefined
	MachineMode : Auto
	MachineState: Running
	PLC Object  : GCode
	PLC Action  : A_MoveZ
	PLC AState  : 0

17.09.2025 14:12:26 - 41568 - Target position out of range - Z
	Description : Tool cannot move to target.
	Time        : 14:12:25.51
	ActionType  : Undefined
	MachineMode : Auto
	MachineState: Running
	PLC Object  : GCode
	PLC Action  : A_MoveZ
	PLC AState  : 99

17.09.2025 14:14:21 - 42245 - InvalidNciState
	Description : 
	Time        : 14:14:20.57
	ActionType  : Undefined
	MachineMode : Auto
	MachineState: Running
	PLC Object  : FB_Sequence
	PLC Action  : UNDEFIEND
	PLC AState  : 2

17.09.2025 14:14:24 - 41568 - Target position out of range - Z
	Description : Tool cannot move to target.
	Time        : 14:14:23.17
	ActionType  : Undefined
	MachineMode : Auto
	MachineState: Error
	PLC Object  : GCode
	PLC Action  : A_MoveZ
	PLC AState  : 0

17.09.2025 14:14:24 - 41568 - Target position out of range - Z
	Description : Tool cannot move to target.
	Time        : 14:14:23.17
	ActionType  : Undefined
	MachineMode : Auto
	MachineState: Error
	PLC Object  : GCode
	PLC Action  : A_MoveZ
	PLC AState  : 99

18.09.2025 08:52:54 - 50013 - Changed configuration
	Description : The current configuration has changed significantly. Some settings might have changed.
	Time        : 08:52:54.68

18.09.2025 08:53:42 - 42247 - Scaffold Height Exceeded
	Description : Tool cannot move to all needed print positions (Z).
	Time        : 08:53:41.55
	ActionType  : Undefined
	MachineMode : Manu
	MachineState: Active
	PLC Object  : FB_HskMFunc
	PLC Action  : A_AssignRParamHeader
	PLC AState  : 2

18.09.2025 08:53:52 - 42247 - Scaffold Height Exceeded
	Description : Tool cannot move to all needed print positions (Z).
	Time        : 08:53:51.77
	ActionType  : Undefined
	MachineMode : Manu
	MachineState: Active
	PLC Object  : FB_HskMFunc
	PLC Action  : A_AssignRParamHeader
	PLC AState  : 2

18.09.2025 08:54:56 - 41613 - PressureSupply
	Description : 
	Time        : 08:54:55.90
	ActionType  : Undefined
	MachineMode : Manu
	MachineState: Active
	Object      : Gesim.GsCartridgeDisp(Cartridge Dispenser (10ml))
	PLC Object  : FB_HskMFunc
	PLC Action  : A_SetPrintParams
	PLC AState  : 0

18.09.2025 08:58:39 - 41587 - HighVoltSupplyOff
	Description : High voltage supply not available or not switched on
	Time        : 08:58:39.47
	Command     : EXECUTE_ACTION
	Object      : Gesim.GsHighVoltTray(HighVoltTray)
	Action      : Switch Voltage

18.09.2025 08:58:58 - 41587 - HighVoltSupplyOff
	Description : High voltage supply not available or not switched on
	Time        : 08:58:58.56
	Command     : EXECUTE_ACTION
	Object      : Gesim.GsHighVoltTray(HighVoltTray)
	Action      : Switch Voltage

18.09.2025 08:59:09 - 41587 - HighVoltSupplyOff
	Description : High voltage supply not available or not switched on
	Time        : 08:59:09.85
	Command     : EXECUTE_ACTION
	Object      : Gesim.GsHighVoltTray(HighVoltTray)
	Action      : Switch Voltage

18.09.2025 09:04:25 - 41587 - HighVoltSupplyOff
	Description : High voltage supply not available or not switched on
	Time        : 09:04:25.31
	Command     : EXECUTE_ACTION
	Object      : Gesim.GsHighVoltTray(HighVoltTray)
	Action      : Switch Voltage

18.09.2025 10:06:56 - 41216 - Communication timeout
	Description : Communication timeout - diluter.
	Time        : 10:06:54.58
	ActionType  : InitDevices
	MachineMode : Init
	MachineState: Active
	PLC Object  : FB_Diluter
	PLC Action  : A_Init
	PLC AState  : 1

18.09.2025 10:07:07 - 41216 - Communication timeout
	Description : Communication timeout - diluter.
	Time        : 10:06:54.58
	ActionType  : InitDevices
	MachineMode : Init
	MachineState: Active
	PLC Object  : FB_Diluter
	PLC Action  : A_Init
	PLC AState  : 1

18.09.2025 10:07:36 - 41587 - HighVoltSupplyOff
	Description : High voltage supply not available or not switched on
	Time        : 10:07:36.05
	Command     : EXECUTE_ACTION
	Object      : Gesim.GsHighVoltTray(HighVoltTray)
	Action      : Switch Voltage

18.09.2025 10:09:24 - 41575 - StopButtonNotReleased
	Description : 
	Time        : 10:09:24.23
	Command     : EXECUTE_ACTION
	Object      : Gesim.GsHighVoltTray(HighVoltTray)
	Action      : Switch Voltage

18.09.2025 10:10:33 - 41575 - StopButtonNotReleased
	Description : 
	Time        : 10:10:33.22
	Command     : EXECUTE_ACTION
	Object      : Gesim.GsHighVoltTray(HighVoltTray)
	Action      : Switch Voltage

18.09.2025 11:20:01 - 41575 - StopButtonNotReleased
	Description : 
	Time        : 11:20:01.22
	Command     : EXECUTE_ACTION

18.09.2025 11:20:10 - 50005 - Connection error
	Description : The connection to the device could not be established.
	Time        : 11:20:10.49
	Exception   : System.InvalidOperationException: Dieser BackgroundWorker ist derzeit ausgelastet und kann nicht mehrere Aufgaben gleichzeitig ausführen.
   bei Gesim.GsMachine.Connect(String routeName, Boolean record, Boolean withoutActivation)
   bei GesimRobotics.ViewModels.Dialogs.DebugMenuDialog.connect()

18.09.2025 11:48:06 - 41995 - InvalidToolConfig
	Description : 
	Time        : 11:48:05.52
	ActionType  : Undefined
	MachineMode : Config
	MachineState: Active
	PLC Object  : FB_MultiZRef
	PLC Action  : A_SetConfig
	PLC AState  : 0

18.09.2025 11:48:06 - 41995 - InvalidToolConfig
	Description : 
	Time        : 11:48:05.53
	ActionType  : Undefined
	MachineMode : Config
	MachineState: Active
	PLC Object  : FB_Configuration
	PLC Action  : A_Activate
	PLC AState  : 0

18.09.2025 11:48:11 - 41995 - InvalidToolConfig
	Description : 
	Time        : 11:48:10.51
	ActionType  : Undefined
	MachineMode : Config
	MachineState: Active
	PLC Object  : FB_MultiZRef
	PLC Action  : A_SetConfig
	PLC AState  : 0

18.09.2025 11:48:11 - 41995 - InvalidToolConfig
	Description : 
	Time        : 11:48:10.52
	ActionType  : Undefined
	MachineMode : Config
	MachineState: Active
	PLC Object  : FB_Configuration
	PLC Action  : A_Activate
	PLC AState  : 0

18.09.2025 11:48:22 - 41995 - InvalidToolConfig
	Description : 
	Time        : 11:48:10.52
	ActionType  : Undefined
	MachineMode : Config
	MachineState: Active
	PLC Object  : FB_Configuration
	PLC Action  : A_Activate
	PLC AState  : 0

26.09.2025 07:13:28 - 42497 - Node not found
	Description : The CANopen node could not be found.
	Time        : 07:08:46.49
	ActionType  : Undefined
	MachineMode : Config
	MachineState: Idle
	PLC Object  : ScanHwModules
	PLC Action  : UNDEFIEND
	PLC AState  : 11

26.09.2025 07:13:48 - 42497 - Node not found
	Description : The CANopen node could not be found.
	Time        : 07:13:44.59
	ActionType  : Undefined
	MachineMode : Config
	MachineState: Idle
	PLC Object  : ScanHwModules
	PLC Action  : UNDEFIEND
	PLC AState  : 11

26.09.2025 07:14:16 - 42497 - Node not found
	Description : The CANopen node could not be found.
	Time        : 07:13:44.59
	ActionType  : Undefined
	MachineMode : Config
	MachineState: Idle
	PLC Object  : ScanHwModules
	PLC Action  : UNDEFIEND
	PLC AState  : 11

26.09.2025 07:51:21 - 41576 - Interlock not locked
	Description : 
	Time        : 07:51:21.98
	Command     : EXECUTE_ACTION

26.09.2025 07:57:42 - 41576 - Interlock not locked
	Description : 
	Time        : 07:57:42.25
	Command     : EXECUTE_ACTION

26.09.2025 08:00:23 - 41576 - Interlock not locked
	Description : 
	Time        : 08:00:23.81
	Command     : EXECUTE_ACTION

26.09.2025 08:06:18 - 41576 - Interlock not locked
	Description : 
	Time        : 08:06:18.50
	Command     : EXECUTE_ACTION

26.09.2025 08:24:56 - 41576 - Interlock not locked
	Description : 
	Time        : 08:24:56.58
	Command     : EXECUTE_ACTION

26.09.2025 08:25:03 - 41576 - Interlock not locked
	Description : 
	Time        : 08:25:03.22
	Command     : EXECUTE_ACTION

26.09.2025 08:43:47 - 41576 - Interlock not locked
	Description : 
	Time        : 08:43:47.04
	Command     : EXECUTE_ACTION

26.09.2025 08:52:58 - 41576 - Interlock not locked
	Description : 
	Time        : 08:52:58.78
	Command     : EXECUTE_ACTION

26.09.2025 10:11:19 - 41519 - Timeout
	Description : Internal error
	Time        : 10:11:17.93
	ActionType  : Undefined
	MachineMode : Config
	MachineState: Idle
	PLC Object  : FB_Safety
	PLC Action  : A_Unlock
	PLC AState  : 6

26.09.2025 10:11:23 - 41519 - Timeout
	Description : Internal error
	Time        : 10:11:22.15
	ActionType  : Undefined
	MachineMode : Config
	MachineState: Idle
	PLC Object  : FB_Safety
	PLC Action  : A_Unlock
	PLC AState  : 6

26.09.2025 10:32:29 - 41519 - Timeout
	Description : Internal error
	Time        : 10:32:28.90
	ActionType  : Undefined
	MachineMode : Config
	MachineState: Idle
	PLC Object  : FB_Safety
	PLC Action  : A_Unlock
	PLC AState  : 6

26.09.2025 10:32:34 - 41519 - Timeout
	Description : Internal error
	Time        : 10:32:33.29
	ActionType  : Undefined
	MachineMode : Config
	MachineState: Idle
	PLC Object  : FB_Safety
	PLC Action  : A_Unlock
	PLC AState  : 6

26.09.2025 10:32:38 - 41519 - Timeout
	Description : Internal error
	Time        : 10:32:37.20
	ActionType  : Undefined
	MachineMode : Config
	MachineState: Idle
	PLC Object  : FB_Safety
	PLC Action  : A_Unlock
	PLC AState  : 6

26.09.2025 10:33:45 - 41519 - Timeout
	Description : Internal error
	Time        : 10:33:44.70
	ActionType  : Undefined
	MachineMode : Config
	MachineState: Idle
	PLC Object  : FB_Safety
	PLC Action  : A_Unlock
	PLC AState  : 6

26.09.2025 10:33:54 - 41519 - Timeout
	Description : Internal error
	Time        : 10:33:53.56
	ActionType  : Undefined
	MachineMode : Config
	MachineState: Idle
	PLC Object  : FB_Safety
	PLC Action  : A_Unlock
	PLC AState  : 6

26.09.2025 10:33:57 - 41519 - Timeout
	Description : Internal error
	Time        : 10:33:56.80
	ActionType  : Undefined
	MachineMode : Config
	MachineState: Idle
	PLC Object  : FB_Safety
	PLC Action  : A_Unlock
	PLC AState  : 6

26.09.2025 10:34:00 - 41519 - Timeout
	Description : Internal error
	Time        : 10:33:59.80
	ActionType  : Undefined
	MachineMode : Config
	MachineState: Idle
	PLC Object  : FB_Safety
	PLC Action  : A_Unlock
	PLC AState  : 6

26.09.2025 10:49:21 - 41519 - Timeout
	Description : Internal error
	Time        : 10:49:21.11
	ActionType  : Undefined
	MachineMode : Config
	MachineState: Idle
	PLC Object  : FB_Safety
	PLC Action  : A_Unlock
	PLC AState  : 6

26.09.2025 10:49:25 - 41519 - Timeout
	Description : Internal error
	Time        : 10:49:24.62
	ActionType  : Undefined
	MachineMode : Config
	MachineState: Idle
	PLC Object  : FB_Safety
	PLC Action  : A_Unlock
	PLC AState  : 6

26.09.2025 10:49:30 - 41519 - Timeout
	Description : Internal error
	Time        : 10:49:29.94
	ActionType  : Undefined
	MachineMode : Config
	MachineState: Idle
	PLC Object  : FB_Safety
	PLC Action  : A_Unlock
	PLC AState  : 6

26.09.2025 11:31:46 - 41728 - No Z-axis
	Description : Z-axis is not available - Internal error (1)
	Time        : 11:31:46.88
	Command     : SETUP_AXIS

26.09.2025 11:37:31 - 41520 - Invalid hardware property
	Description : 
	Time        : 11:37:30.28
	Command     : READ_HW_PROP

26.09.2025 11:37:37 - 50005 - Connection error
	Description : The connection to the device could not be established.
	Time        : 11:37:37.61
	Exception   : System.InvalidOperationException: Dieser BackgroundWorker ist derzeit ausgelastet und kann nicht mehrere Aufgaben gleichzeitig ausführen.
   bei Gesim.GsMachine.Connect(String routeName, Boolean record, Boolean withoutActivation)
   bei GesimRobotics.ViewModels.Dialogs.DebugMenuDialog.connect()

26.09.2025 11:57:33 - 41474 - Mode change impossible
	Description : Mode can only be changed in state "idle".
	Time        : 11:57:33.71
	Command     : CHANGE_MODE

26.09.2025 11:57:34 - 41473 - Invalid mode
	Description : Command cannot be executed in this mode.
	Time        : 11:57:34.88
	Command     : WRITE_HW_PROP
	Comment     : ModulId: 65537 PropType: WorkplateDim Value: 754000

26.09.2025 11:57:49 - 41474 - Mode change impossible
	Description : Mode can only be changed in state "idle".
	Time        : 11:57:49.82
	Command     : CHANGE_MODE

26.09.2025 11:57:55 - 41473 - Invalid mode
	Description : Command cannot be executed in this mode.
	Time        : 11:57:55.22
	Command     : WRITE_HW_PROP
	Comment     : ModulId: 65537 PropType: WorkplateDim Value: 754000

26.09.2025 12:09:12 - 50017 - Could not edit configuration
	Description : The configuration could not be edited.
	Time        : 12:09:12.78
	Exception   : Gesim.ConfigException: Object: TargetTray-InvalidParentObject
   bei Gesim.GsMachine.createGsObject(GsObject gsObject)
   bei Gesim.GsObjectDirectory.pasteObject(GsObject gsObject, GsObject parent, GsSlot slot, Int32 index)
   bei Gesim.GsObjectDirectory.PasteObject(GsObject gsObject, GsSlot parentSlot)
   bei GesimRobotics.ViewModels.Objects.DisplayObject.addChild(GsObject obj)

26.09.2025 12:09:19 - 50017 - Could not edit configuration
	Description : The configuration could not be edited.
	Time        : 12:09:19.41
	Exception   : Gesim.ConfigException: Object: TargetTray-InvalidParentObject
   bei Gesim.GsMachine.createGsObject(GsObject gsObject)
   bei Gesim.GsObjectDirectory.pasteObject(GsObject gsObject, GsObject parent, GsSlot slot, Int32 index)
   bei Gesim.GsObjectDirectory.PasteObject(GsObject gsObject, GsSlot parentSlot)
   bei GesimRobotics.ViewModels.Objects.DisplayObject.addChild(GsObject obj)

26.09.2025 14:39:20 -  1864 - ADS port not opened
	Description : Internal error
	Time        : 14:39:20.48
	Command     : INTERACT_RESPONSE

29.09.2025 07:46:42 -  1864 - ADS port not opened
	Description : Internal error
	Time        : 07:46:42.03
	Command     : STOP

29.09.2025 08:28:54 - 41478 - Invalid state
	Description : Command can not be executed in this state.
	Time        : 08:28:54.78
	Command     : SETUP_AXIS

29.09.2025 08:30:01 - 41503 - Configuration not activated
	Description : 
	Time        : 08:30:01.26
	Command     : CHANGE_MODE

29.09.2025 08:30:14 - 41503 - Configuration not activated
	Description : 
	Time        : 08:30:14.45
	Command     : CHANGE_MODE

29.09.2025 08:42:05 - 41503 - Configuration not activated
	Description : 
	Time        : 08:42:05.68
	Command     : CHANGE_MODE

29.09.2025 09:14:33 - 41503 - Configuration not activated
	Description : 
	Time        : 09:14:33.49
	Command     : CHANGE_MODE

29.09.2025 09:14:44 - 41503 - Configuration not activated
	Description : 
	Time        : 09:14:44.48
	Command     : CHANGE_MODE

29.09.2025 12:05:46 -  1864 - ADS port not opened
	Description : Internal error
	Time        : 12:05:46.29
	Command     : INTERACT_RESPONSE

29.09.2025 12:05:57 - 41503 - Configuration not activated
	Description : 
	Time        : 12:05:57.61
	Command     : CHANGE_MODE

29.09.2025 12:06:31 - 41503 - Configuration not activated
	Description : 
	Time        : 12:06:31.90
	Command     : CHANGE_MODE

29.09.2025 12:08:53 - 41503 - Configuration not activated
	Description : 
	Time        : 12:08:53.86
	Command     : CHANGE_MODE

29.09.2025 12:19:59 - 41503 - Configuration not activated
	Description : 
	Time        : 12:19:59.13
	Command     : CHANGE_MODE

30.09.2025 08:12:02 - 41587 - HighVoltSupplyOff
	Description : High voltage supply not available or not switched on
	Time        : 08:12:02.24
	Command     : EXECUTE_ACTION
	Object      : Gesim.GsHighVoltTray(HighVoltTray)
	Action      : Switch Voltage

30.09.2025 08:12:21 - 41587 - HighVoltSupplyOff
	Description : High voltage supply not available or not switched on
	Time        : 08:12:21.54
	Command     : EXECUTE_ACTION
	Object      : Gesim.GsHighVoltTray(HighVoltTray)
	Action      : Switch Voltage

30.09.2025 08:12:25 - 41587 - HighVoltSupplyOff
	Description : High voltage supply not available or not switched on
	Time        : 08:12:25.88
	Command     : EXECUTE_ACTION
	Object      : Gesim.GsHighVoltTray(HighVoltTray)
	Action      : Switch Voltage

30.09.2025 08:12:41 - 41587 - HighVoltSupplyOff
	Description : High voltage supply not available or not switched on
	Time        : 08:12:41.04
	Command     : EXECUTE_ACTION
	Object      : Gesim.GsHighVoltTray(HighVoltTray)
	Action      : Switch Voltage

30.09.2025 08:13:24 - 41587 - HighVoltSupplyOff
	Description : High voltage supply not available or not switched on
	Time        : 08:13:24.13
	Command     : EXECUTE_ACTION
	Object      : Gesim.GsHighVoltTray(HighVoltTray)
	Action      : Switch Voltage

30.09.2025 13:07:23 - 41587 - HighVoltSupplyOff
	Description : High voltage supply not available or not switched on
	Time        : 13:07:23.94
	Command     : EXECUTE_ACTION
	Object      : Gesim.GsHighVoltTray(HighVoltTray)
	Action      : Switch Voltage

01.10.2025 06:46:45 - 41503 - Configuration not activated
	Description : 
	Time        : 06:46:45.29
	Command     : CHANGE_MODE

01.10.2025 11:08:16 - 41503 - Configuration not activated
	Description : 
	Time        : 11:08:16.05
	Command     : CHANGE_MODE

17.10.2025 07:39:06 - 50013 - Changed configuration
	Description : The current configuration has changed significantly. Some settings might have changed.
	Time        : 07:39:06.74

17.10.2025 07:40:08 - 41491 - Device not initialized
	Description : 
	Time        : 07:40:08.10
	ActionType  : MoveZ
	MachineMode : Manu
	MachineState: Active
	Object      : Gesim.GsHead(Head)
	PLC Object  : FB_MzHead
	PLC Action  : A_MoveZ
	PLC AState  : 80

17.10.2025 07:40:08 - 41491 - Device not initialized
	Description : 
	Time        : 07:40:08.10
	ActionType  : Undefined
	MachineMode : Manu
	MachineState: Active
	Object      : Gesim.GsHead(Head)
	PLC Object  : GCode
	PLC Action  : A_Start
	PLC AState  : 2

17.10.2025 07:42:53 - 16660 - GCode-File too big
	Description : 
	Time        : 07:42:53.35
	ActionType  : Undefined
	MachineMode : Manu
	MachineState: Active
	Object      : Gesim.GsHead(Head)
	PLC Object  : GCode
	PLC Action  : A_Load
	PLC AState  : 2

17.10.2025 07:45:55 - 16660 - GCode-File too big
	Description : 
	Time        : 07:45:55.49
	ActionType  : Undefined
	MachineMode : Manu
	MachineState: Cancel
	Object      : Gesim.GsHead(Head)
	PLC Object  : GCode
	PLC Action  : A_Load
	PLC AState  : 2

17.10.2025 09:23:58 - 41473 - Invalid mode
	Description : Command cannot be executed in this mode.
	Time        : 09:23:58.55
	Command     : EXECUTE_ACTION
	Object      : Gesim.GsExtruder(FilamentExtruder)
	Action      : Extrude->Extruder Off

17.10.2025 09:49:57 - 41995 - InvalidToolConfig
	Description : 
	Time        : 09:49:56.32
	ActionType  : Undefined
	MachineMode : Config
	MachineState: Active
	PLC Object  : FB_MultiZRef
	PLC Action  : A_SetConfig
	PLC AState  : 0

17.10.2025 09:49:58 - 41995 - InvalidToolConfig
	Description : 
	Time        : 09:49:56.33
	ActionType  : Undefined
	MachineMode : Config
	MachineState: Active
	PLC Object  : FB_Configuration
	PLC Action  : A_Activate
	PLC AState  : 0

17.10.2025 10:13:57 - 41995 - InvalidToolConfig
	Description : 
	Time        : 10:13:56.73
	ActionType  : Undefined
	MachineMode : Config
	MachineState: Active
	PLC Object  : FB_MultiZRef
	PLC Action  : A_SetConfig
	PLC AState  : 0

17.10.2025 10:13:57 - 41995 - InvalidToolConfig
	Description : 
	Time        : 10:13:56.74
	ActionType  : Undefined
	MachineMode : Config
	MachineState: Active
	PLC Object  : FB_Configuration
	PLC Action  : A_Activate
	PLC AState  : 0

17.10.2025 10:14:00 - 41995 - InvalidToolConfig
	Description : 
	Time        : 10:13:59.82
	ActionType  : Undefined
	MachineMode : Config
	MachineState: Active
	PLC Object  : FB_MultiZRef
	PLC Action  : A_SetConfig
	PLC AState  : 0

17.10.2025 10:14:00 - 41995 - InvalidToolConfig
	Description : 
	Time        : 10:13:59.83
	ActionType  : Undefined
	MachineMode : Config
	MachineState: Active
	PLC Object  : FB_Configuration
	PLC Action  : A_Activate
	PLC AState  : 0

17.10.2025 10:36:54 - 41503 - Configuration not activated
	Description : 
	Time        : 10:36:54.96
	Command     : CHANGE_MODE

17.10.2025 10:59:20 - 42102 - Invalid speed
	Description : 
	Time        : 10:59:19.71
	ActionType  : Extrude
	MachineMode : Manu
	MachineState: Active
	Object      : Gesim.GsExtruder(PureDyneExtruder_1)
	PLC Object  : FB_Extruder
	PLC Action  : A_Extrude
	PLC AState  : 80

17.10.2025 10:59:30 - 42102 - Invalid speed
	Description : 
	Time        : 10:59:29.46
	ActionType  : Extrude
	MachineMode : Manu
	MachineState: Active
	Object      : Gesim.GsExtruder(PureDyneExtruder_1)
	PLC Object  : FB_Extruder
	PLC Action  : A_Extrude
	PLC AState  : 80

17.10.2025 10:59:34 - 42102 - Invalid speed
	Description : 
	Time        : 10:59:33.64
	ActionType  : Extrude
	MachineMode : Manu
	MachineState: Active
	Object      : Gesim.GsExtruder(PureDyneExtruder_1)
	PLC Object  : FB_Extruder
	PLC Action  : A_Extrude
	PLC AState  : 80

17.10.2025 10:59:51 - 42102 - Invalid speed
	Description : 
	Time        : 10:59:50.16
	ActionType  : Extrude
	MachineMode : Manu
	MachineState: Active
	Object      : Gesim.GsExtruder(PureDyneExtruder_1)
	PLC Object  : FB_Extruder
	PLC Action  : A_Extrude
	PLC AState  : 80

17.10.2025 10:59:56 - 42102 - Invalid speed
	Description : 
	Time        : 10:59:55.04
	ActionType  : Extrude
	MachineMode : Manu
	MachineState: Active
	Object      : Gesim.GsExtruder(PureDyneExtruder_1)
	PLC Object  : FB_Extruder
	PLC Action  : A_Extrude
	PLC AState  : 80

17.10.2025 11:03:31 - 41503 - Configuration not activated
	Description : 
	Time        : 11:03:31.58
	Command     : CHANGE_MODE

21.10.2025 13:18:52 - 41519 - Timeout
	Description : Internal error
	Time        : 13:18:54.32
	ActionType  : Undefined
	MachineMode : Config
	MachineState: Idle
	PLC Object  : FB_Safety
	PLC Action  : A_Lock
	PLC AState  : 1

21.10.2025 13:18:55 - 41576 - Interlock not locked
	Description : 
	Time        : 13:18:55.68
	Command     : EXECUTE_ACTION

22.10.2025 07:30:53 - 41519 - Timeout
	Description : Internal error
	Time        : 07:30:56.49
	ActionType  : Undefined
	MachineMode : Config
	MachineState: Idle
	PLC Object  : FB_Safety
	PLC Action  : A_Unlock
	PLC AState  : 6

22.10.2025 07:30:58 - 41519 - Timeout
	Description : Internal error
	Time        : 07:31:01.24
	ActionType  : Undefined
	MachineMode : Config
	MachineState: Idle
	PLC Object  : FB_Safety
	PLC Action  : A_Unlock
	PLC AState  : 6

22.10.2025 07:56:11 - 41519 - Timeout
	Description : Internal error
	Time        : 07:56:14.45
	ActionType  : Undefined
	MachineMode : Config
	MachineState: Idle
	PLC Object  : FB_Safety
	PLC Action  : A_Lock
	PLC AState  : 1

22.10.2025 07:56:34 - 41519 - Timeout
	Description : Internal error
	Time        : 07:56:36.92
	ActionType  : Undefined
	MachineMode : Config
	MachineState: Idle
	PLC Object  : FB_Safety
	PLC Action  : A_Lock
	PLC AState  : 1

22.10.2025 07:56:39 - 41519 - Timeout
	Description : Internal error
	Time        : 07:56:41.62
	ActionType  : Undefined
	MachineMode : Config
	MachineState: Idle
	PLC Object  : FB_Safety
	PLC Action  : A_Lock
	PLC AState  : 1

22.10.2025 08:12:24 - 41519 - Timeout
	Description : Internal error
	Time        : 08:12:27.60
	ActionType  : Undefined
	MachineMode : Config
	MachineState: Idle
	PLC Object  : FB_Safety
	PLC Action  : A_Unlock
	PLC AState  : 6

22.10.2025 08:13:11 - 41519 - Timeout
	Description : Internal error
	Time        : 08:13:13.90
	ActionType  : Undefined
	MachineMode : Config
	MachineState: Idle
	PLC Object  : FB_Safety
	PLC Action  : A_Unlock
	PLC AState  : 6

22.10.2025 08:14:42 - 41605 - InvalidSafetyState
	Description : 
	Time        : 08:14:42.76
	Command     : INTERLOCK

22.10.2025 12:04:30 - 41473 - Invalid mode
	Description : Command cannot be executed in this mode.
	Time        : 12:04:30.84
	Command     : EXECUTE_ACTION
	Object      : Gesim.GsHead(Head)
	Action      : Jog

22.10.2025 12:04:30 - 41473 - Invalid mode
	Description : Command cannot be executed in this mode.
	Time        : 12:04:30.85
	Command     : EXECUTE_ACTION
	Object      : Gesim.GsHead(Head)
	Action      : Jog

24.10.2025 14:22:05 - 41530 - Measure Z-distance exceeded
	Description : The tip measurement failed because there was no switching signal within the expected Z-distance.
	Time        : 14:22:09.43
	ActionType  : Measure
	MachineMode : Manu
	MachineState: Active
	Object      : Gesim.GsPiezoPip(PiezoPipette Nano (Heatable))
	PLC Object  : FB_ComplexAction
	PLC Action  : A_MeasureTool
	PLC AState  : 4

24.10.2025 14:40:41 - 50002 - Camera not responding
	Description : The camera is not responding to commands.
	Time        : 14:40:41.62
	Exception   : TIS.Imaging.ICException: Base Library Error : Starting the graph failed due to : Der Prozess kann nicht auf die Datei zugreifen, da sie von einem anderen Prozess verwendet wird.

   bei TIS.Imaging.ICImagingControl.LiveStart()
   bei GesimRobotics.ViewModels.CameraControl.startCamera(Boolean continuous)

24.10.2025 14:40:46 - 50002 - Camera not responding
	Description : The camera is not responding to commands.
	Time        : 14:40:46.56
	Exception   : TIS.Imaging.ICException: Base Library Error : Starting the graph failed due to : Der Prozess kann nicht auf die Datei zugreifen, da sie von einem anderen Prozess verwendet wird.

   bei TIS.Imaging.ICImagingControl.LiveStart()
   bei GesimRobotics.ViewModels.CameraControl.startCamera(Boolean continuous)

24.10.2025 14:41:10 - 50001 - Camera not found
	Description : The specified camera could not be found.
	Time        : 14:41:10.51
	Exception   : System.InvalidOperationException: Die Sequenz enthält kein übereinstimmendes Element.
   bei System.Linq.Enumerable.First[TSource](IEnumerable`1 source, Func`2 predicate)
   bei GesimRobotics.CameraOptions.GetCamera(String id)
   bei GesimRobotics.ViewModels.CameraControl..ctor(String id, CameraType type)

24.10.2025 14:41:33 - 50001 - Camera not found
	Description : The specified camera could not be found.
	Time        : 14:41:33.48
	Exception   : System.InvalidOperationException: Die Sequenz enthält kein übereinstimmendes Element.
   bei System.Linq.Enumerable.First[TSource](IEnumerable`1 source, Func`2 predicate)
   bei GesimRobotics.CameraOptions.GetCamera(String id)
   bei GesimRobotics.ViewModels.CameraControl..ctor(String id, CameraType type)

24.10.2025 14:48:39 - 50001 - Camera not found
	Description : The specified camera could not be found.
	Time        : 14:48:39.86
	Exception   : System.InvalidOperationException: Die Sequenz enthält kein übereinstimmendes Element.
   bei System.Linq.Enumerable.First[TSource](IEnumerable`1 source, Func`2 predicate)
   bei GesimRobotics.CameraOptions.GetCamera(String id)
   bei GesimRobotics.ViewModels.CameraControl..ctor(String id, CameraType type)

24.10.2025 14:49:10 - 50001 - Camera not found
	Description : The specified camera could not be found.
	Time        : 14:49:10.17
	Exception   : System.InvalidOperationException: Die Sequenz enthält kein übereinstimmendes Element.
   bei System.Linq.Enumerable.First[TSource](IEnumerable`1 source, Func`2 predicate)
   bei GesimRobotics.CameraOptions.GetCamera(String id)
   bei GesimRobotics.ViewModels.CameraControl..ctor(String id, CameraType type)

28.10.2025 11:43:42 - 41473 - Invalid mode
	Description : Command cannot be executed in this mode.
	Time        : 11:43:42.43
	Command     : EXECUTE_ACTION
	Object      : Gesim.GsCartridgeDisp(Cartridge Dispenser (10ml))
	Action      : Set Pressure->100 kPa

28.10.2025 12:46:05 - 50013 - Changed configuration
	Description : The current configuration has changed significantly. Some settings might have changed.
	Time        : 12:46:05.01

29.10.2025 08:21:07 - 41519 - Timeout
	Description : Internal error
	Time        : 08:21:12.59
	ActionType  : Undefined
	MachineMode : Config
	MachineState: Idle
	PLC Object  : FB_Safety
	PLC Action  : A_Unlock
	PLC AState  : 6

29.10.2025 08:21:13 - 41519 - Timeout
	Description : Internal error
	Time        : 08:21:17.93
	ActionType  : Undefined
	MachineMode : Config
	MachineState: Idle
	PLC Object  : FB_Safety
	PLC Action  : A_Unlock
	PLC AState  : 6

29.10.2025 08:21:18 - 41576 - Interlock not locked
	Description : 
	Time        : 08:21:18.44
	Command     : EXECUTE_ACTION

29.10.2025 08:28:26 - 41519 - Timeout
	Description : Internal error
	Time        : 08:28:31.01
	ActionType  : Undefined
	MachineMode : Config
	MachineState: Idle
	PLC Object  : FB_Safety
	PLC Action  : A_Unlock
	PLC AState  : 6

29.10.2025 08:28:32 - 41519 - Timeout
	Description : Internal error
	Time        : 08:28:36.62
	ActionType  : Undefined
	MachineMode : Config
	MachineState: Idle
	PLC Object  : FB_Safety
	PLC Action  : A_Unlock
	PLC AState  : 6

29.10.2025 08:41:10 - 41519 - Timeout
	Description : Internal error
	Time        : 08:41:14.37
	ActionType  : Undefined
	MachineMode : Config
	MachineState: Idle
	PLC Object  : FB_Safety
	PLC Action  : A_Unlock
	PLC AState  : 6

29.10.2025 08:44:17 - 41519 - Timeout
	Description : Internal error
	Time        : 08:44:22.31
	ActionType  : Undefined
	MachineMode : Config
	MachineState: Idle
	PLC Object  : FB_Safety
	PLC Action  : A_Unlock
	PLC AState  : 6

29.10.2025 08:46:37 - 41519 - Timeout
	Description : Internal error
	Time        : 08:46:42.80
	ActionType  : Undefined
	MachineMode : Config
	MachineState: Idle
	PLC Object  : FB_Safety
	PLC Action  : A_Unlock
	PLC AState  : 6

29.10.2025 10:45:37 - 41525 - System fluid bottle empty
	Description : 
	Time        : 10:45:41.96
	ActionType  : Undefined
	MachineMode : Manu
	MachineState: Idle
	PLC Object  : FB_DeviceBase
	PLC Action  : UNDEFIEND
	PLC AState  : 0

29.10.2025 10:46:21 - 41525 - System fluid bottle empty
	Description : 
	Time        : 10:46:26.22
	ActionType  : Undefined
	MachineMode : Manu
	MachineState: Idle
	PLC Object  : FB_DeviceBase
	PLC Action  : UNDEFIEND
	PLC AState  : 0

29.10.2025 10:46:22 - 41525 - System fluid bottle empty
	Description : 
	Time        : 10:46:26.85
	ActionType  : Undefined
	MachineMode : Manu
	MachineState: Idle
	PLC Object  : FB_DeviceBase
	PLC Action  : UNDEFIEND
	PLC AState  : 0

29.10.2025 10:46:22 - 41525 - System fluid bottle empty
	Description : 
	Time        : 10:46:27.48
	ActionType  : Undefined
	MachineMode : Manu
	MachineState: Idle
	PLC Object  : FB_DeviceBase
	PLC Action  : UNDEFIEND
	PLC AState  : 0

29.10.2025 10:46:25 - 41525 - System fluid bottle empty
	Description : 
	Time        : 10:46:27.48
	ActionType  : Undefined
	MachineMode : Manu
	MachineState: Idle
	PLC Object  : FB_DeviceBase
	PLC Action  : UNDEFIEND
	PLC AState  : 0

29.10.2025 10:46:27 - 41525 - System fluid bottle empty
	Description : 
	Time        : 10:46:31.73
	ActionType  : Undefined
	MachineMode : Manu
	MachineState: Idle
	PLC Object  : FB_DeviceBase
	PLC Action  : UNDEFIEND
	PLC AState  : 0

29.10.2025 10:48:24 - 41502 - Pipet move with Z-Sensor
	Description : The pipet cannot move with Z-Sensor mounted.
	Time        : 10:48:29.37
	ActionType  : WashTool
	MachineMode : Manu
	MachineState: Active
	PLC Object  : FB_ComplexAction
	PLC Action  : A_WashTool
	PLC AState  : 1

29.10.2025 11:07:30 - 41525 - System fluid bottle empty
	Description : 
	Time        : 11:07:34.71
	ActionType  : Undefined
	MachineMode : Manu
	MachineState: Idle
	PLC Object  : FB_DeviceBase
	PLC Action  : UNDEFIEND
	PLC AState  : 0

29.10.2025 12:18:28 - 41519 - Timeout
	Description : Internal error
	Time        : 12:18:33.32
	ActionType  : Undefined
	MachineMode : Config
	MachineState: Idle
	PLC Object  : FB_Safety
	PLC Action  : A_Unlock
	PLC AState  : 6

29.10.2025 12:18:43 - 41576 - Interlock not locked
	Description : 
	Time        : 12:18:43.33
	Command     : EXECUTE_ACTION

29.10.2025 12:54:22 - 41519 - Timeout
	Description : Internal error
	Time        : 12:54:27.94
	ActionType  : Undefined
	MachineMode : Config
	MachineState: Idle
	PLC Object  : FB_Safety
	PLC Action  : A_Unlock
	PLC AState  : 6

29.10.2025 12:56:19 - 41519 - Timeout
	Description : Internal error
	Time        : 12:56:25.40
	ActionType  : Undefined
	MachineMode : Config
	MachineState: Idle
	PLC Object  : FB_Safety
	PLC Action  : A_Unlock
	PLC AState  : 6

29.10.2025 12:56:25 - 41519 - Timeout
	Description : Internal error
	Time        : 12:56:30.73
	ActionType  : Undefined
	MachineMode : Config
	MachineState: Idle
	PLC Object  : FB_Safety
	PLC Action  : A_Unlock
	PLC AState  : 6

29.10.2025 13:01:23 - 41519 - Timeout
	Description : Internal error
	Time        : 13:01:28.56
	ActionType  : Undefined
	MachineMode : Config
	MachineState: Idle
	PLC Object  : FB_Safety
	PLC Action  : A_Unlock
	PLC AState  : 6

29.10.2025 13:01:35 - 41519 - Timeout
	Description : Internal error
	Time        : 13:01:40.61
	ActionType  : Undefined
	MachineMode : Config
	MachineState: Idle
	PLC Object  : FB_Safety
	PLC Action  : A_Unlock
	PLC AState  : 6

29.10.2025 13:06:58 - 41519 - Timeout
	Description : Internal error
	Time        : 13:07:03.71
	ActionType  : Undefined
	MachineMode : Config
	MachineState: Idle
	PLC Object  : FB_Safety
	PLC Action  : A_Unlock
	PLC AState  : 6

29.10.2025 13:07:02 - 41519 - Timeout
	Description : Internal error
	Time        : 13:07:07.78
	ActionType  : Undefined
	MachineMode : Config
	MachineState: Idle
	PLC Object  : FB_Safety
	PLC Action  : A_Unlock
	PLC AState  : 6

29.10.2025 13:07:10 - 41519 - Timeout
	Description : Internal error
	Time        : 13:07:15.81
	ActionType  : Undefined
	MachineMode : Config
	MachineState: Idle
	PLC Object  : FB_Safety
	PLC Action  : A_Unlock
	PLC AState  : 6

29.10.2025 13:07:42 - 41519 - Timeout
	Description : Internal error
	Time        : 13:07:48.00
	ActionType  : Undefined
	MachineMode : Config
	MachineState: Idle
	PLC Object  : FB_Safety
	PLC Action  : A_Unlock
	PLC AState  : 6

29.10.2025 13:32:11 - 41519 - Timeout
	Description : Internal error
	Time        : 13:32:16.88
	ActionType  : Undefined
	MachineMode : Config
	MachineState: Idle
	PLC Object  : FB_Safety
	PLC Action  : A_Unlock
	PLC AState  : 6

29.10.2025 13:32:17 - 41519 - Timeout
	Description : Internal error
	Time        : 13:32:23.04
	ActionType  : Undefined
	MachineMode : Config
	MachineState: Idle
	PLC Object  : FB_Safety
	PLC Action  : A_Unlock
	PLC AState  : 6

29.10.2025 13:49:37 - 41519 - Timeout
	Description : Internal error
	Time        : 13:49:43.22
	ActionType  : Undefined
	MachineMode : Config
	MachineState: Idle
	PLC Object  : FB_Safety
	PLC Action  : A_Unlock
	PLC AState  : 6

29.10.2025 13:54:42 - 41519 - Timeout
	Description : Internal error
	Time        : 13:54:47.58
	ActionType  : Undefined
	MachineMode : Config
	MachineState: Idle
	PLC Object  : FB_Safety
	PLC Action  : A_Unlock
	PLC AState  : 6

29.10.2025 14:16:42 - 41519 - Timeout
	Description : Internal error
	Time        : 14:16:47.91
	ActionType  : Undefined
	MachineMode : Config
	MachineState: Idle
	PLC Object  : FB_Safety
	PLC Action  : A_Unlock
	PLC AState  : 6

29.10.2025 14:21:46 - 41519 - Timeout
	Description : Internal error
	Time        : 14:21:51.84
	ActionType  : Undefined
	MachineMode : Config
	MachineState: Idle
	PLC Object  : FB_Safety
	PLC Action  : A_Unlock
	PLC AState  : 6

29.10.2025 14:21:51 - 41519 - Timeout
	Description : Internal error
	Time        : 14:21:56.20
	ActionType  : Undefined
	MachineMode : Config
	MachineState: Idle
	PLC Object  : FB_Safety
	PLC Action  : A_Unlock
	PLC AState  : 6

29.10.2025 14:22:15 - 41519 - Timeout
	Description : Internal error
	Time        : 14:22:20.68
	ActionType  : Undefined
	MachineMode : Config
	MachineState: Idle
	PLC Object  : FB_Safety
	PLC Action  : A_Lock
	PLC AState  : 1

29.10.2025 14:22:19 - 41519 - Timeout
	Description : Internal error
	Time        : 14:22:24.64
	ActionType  : Undefined
	MachineMode : Config
	MachineState: Idle
	PLC Object  : FB_Safety
	PLC Action  : A_Lock
	PLC AState  : 1

29.10.2025 14:26:31 - 41519 - Timeout
	Description : Internal error
	Time        : 14:26:37.01
	ActionType  : Undefined
	MachineMode : Config
	MachineState: Idle
	PLC Object  : FB_Safety
	PLC Action  : A_Unlock
	PLC AState  : 6

29.10.2025 14:29:29 - 41519 - Timeout
	Description : Internal error
	Time        : 14:29:35.31
	ActionType  : Undefined
	MachineMode : Config
	MachineState: Idle
	PLC Object  : FB_Safety
	PLC Action  : A_Unlock
	PLC AState  : 6

29.10.2025 14:34:04 - 41519 - Timeout
	Description : Internal error
	Time        : 14:34:09.77
	ActionType  : Undefined
	MachineMode : Config
	MachineState: Idle
	PLC Object  : FB_Safety
	PLC Action  : A_Unlock
	PLC AState  : 6

29.10.2025 14:34:14 - 41519 - Timeout
	Description : Internal error
	Time        : 14:34:19.66
	ActionType  : Undefined
	MachineMode : Config
	MachineState: Idle
	PLC Object  : FB_Safety
	PLC Action  : A_Unlock
	PLC AState  : 6

29.10.2025 14:34:28 - 41519 - Timeout
	Description : Internal error
	Time        : 14:34:33.71
	ActionType  : Undefined
	MachineMode : Config
	MachineState: Idle
	PLC Object  : FB_Safety
	PLC Action  : A_Unlock
	PLC AState  : 6

29.10.2025 14:34:53 - 41519 - Timeout
	Description : Internal error
	Time        : 14:34:58.43
	ActionType  : Undefined
	MachineMode : Config
	MachineState: Idle
	PLC Object  : FB_Safety
	PLC Action  : A_Unlock
	PLC AState  : 6

29.10.2025 14:35:17 - 41519 - Timeout
	Description : Internal error
	Time        : 14:35:23.22
	ActionType  : Undefined
	MachineMode : Config
	MachineState: Idle
	PLC Object  : FB_Safety
	PLC Action  : A_Lock
	PLC AState  : 1

29.10.2025 14:51:21 - 41519 - Timeout
	Description : Internal error
	Time        : 14:51:26.91
	ActionType  : Undefined
	MachineMode : Config
	MachineState: Idle
	PLC Object  : FB_Safety
	PLC Action  : A_Unlock
	PLC AState  : 6

29.10.2025 14:51:24 - 41519 - Timeout
	Description : Internal error
	Time        : 14:51:30.02
	ActionType  : Undefined
	MachineMode : Config
	MachineState: Idle
	PLC Object  : FB_Safety
	PLC Action  : A_Unlock
	PLC AState  : 6

29.10.2025 14:51:27 - 41576 - Interlock not locked
	Description : 
	Time        : 14:51:27.28
	Command     : EXECUTE_ACTION

29.10.2025 14:51:30 - 41519 - Timeout
	Description : Internal error
	Time        : 14:51:35.91
	ActionType  : Undefined
	MachineMode : Init
	MachineState: Idle
	PLC Object  : FB_Safety
	PLC Action  : A_Unlock
	PLC AState  : 6

29.10.2025 14:52:14 - 41519 - Timeout
	Description : Internal error
	Time        : 14:52:19.64
	ActionType  : Undefined
	MachineMode : Config
	MachineState: Idle
	PLC Object  : FB_Safety
	PLC Action  : A_Lock
	PLC AState  : 1

29.10.2025 14:52:59 - 41519 - Timeout
	Description : Internal error
	Time        : 14:53:05.21
	ActionType  : Undefined
	MachineMode : Config
	MachineState: Idle
	PLC Object  : FB_Safety
	PLC Action  : A_Unlock
	PLC AState  : 6

29.10.2025 14:55:37 - 41519 - Timeout
	Description : Internal error
	Time        : 14:55:42.66
	ActionType  : Undefined
	MachineMode : Config
	MachineState: Idle
	PLC Object  : FB_Safety
	PLC Action  : A_Unlock
	PLC AState  : 6

29.10.2025 15:14:59 - 41519 - Timeout
	Description : Internal error
	Time        : 15:15:04.70
	ActionType  : Undefined
	MachineMode : Config
	MachineState: Idle
	PLC Object  : FB_Safety
	PLC Action  : A_Unlock
	PLC AState  : 6

29.10.2025 15:15:01 - 41576 - Interlock not locked
	Description : 
	Time        : 15:15:01.49
	Command     : EXECUTE_ACTION

29.10.2025 15:33:14 - 50013 - Changed configuration
	Description : The current configuration has changed significantly. Some settings might have changed.
	Time        : 15:33:14.50

30.10.2025 12:57:02 - 41526 - Waste bottle full
	Description : 
	Time        : 12:57:02.55
	Command     : EXECUTE_ACTION
	Object      : Gesim.GsPiezoPip(PiezoPipette Nano (Heatable))
	Action      : Wash->Washpoint 1->WashInOutside->10 µl->10 µl/s->1 s

30.10.2025 12:58:39 - 41526 - Waste bottle full
	Description : 
	Time        : 12:58:39.67
	Command     : EXECUTE_ACTION
	Object      : Gesim.GsPiezoPip(PiezoPipette Nano (Heatable))
	Action      : Wash->Washpoint 1->WashInOutside->10 µl->10 µl/s->1 s

30.10.2025 13:02:43 - 41526 - Waste bottle full
	Description : 
	Time        : 13:02:43.13
	Command     : EXECUTE_ACTION
	Object      : Gesim.GsPiezoPip(PiezoPipette Nano (Heatable))
	Action      : Wash->Washpoint 1->WashInOutside->10 µl->10 µl/s->1 s

30.10.2025 13:03:54 - 41502 - Pipet move with Z-Sensor
	Description : The pipet cannot move with Z-Sensor mounted.
	Time        : 13:03:59.86
	ActionType  : WashTool
	MachineMode : Manu
	MachineState: Active
	PLC Object  : FB_ComplexAction
	PLC Action  : A_WashTool
	PLC AState  : 1

30.10.2025 13:12:15 - 41527 - Timeout while filling PCV
	Description : A timeout occurred while filling the pressure compensation vessel.
	Time        : 13:12:21.08
	ActionType  : Undefined
	MachineMode : Manu
	MachineState: Idle
	PLC Object  : FB_DeviceBase
	PLC Action  : UNDEFIEND
	PLC AState  : 0

30.10.2025 13:17:09 - 41527 - Timeout while filling PCV
	Description : A timeout occurred while filling the pressure compensation vessel.
	Time        : 13:17:15.11
	ActionType  : Undefined
	MachineMode : Manu
	MachineState: Idle
	PLC Object  : FB_DeviceBase
	PLC Action  : UNDEFIEND
	PLC AState  : 0

30.10.2025 14:20:28 - 41503 - Configuration not activated
	Description : 
	Time        : 14:20:28.40
	Command     : CHANGE_MODE

30.10.2025 14:20:41 - 41503 - Configuration not activated
	Description : 
	Time        : 14:20:41.61
	Command     : CHANGE_MODE

30.10.2025 14:51:02 - 41567 - Target position out of range - Y
	Description : Tool cannot move to target.
	Time        : 14:51:02.75
	Command     : EXECUTE_ACTION
	Object      : Gesim.GsCamera(Camera)
	Action      : Move to Target->FIRST->Center

30.10.2025 14:51:37 - 41567 - Target position out of range - Y
	Description : Tool cannot move to target.
	Time        : 14:51:37.03
	Command     : EXECUTE_ACTION
	Object      : Gesim.GsCamera(Camera)
	Action      : Move to Target->FIRST->Center

30.10.2025 14:52:23 - 41567 - Target position out of range - Y
	Description : Tool cannot move to target.
	Time        : 14:52:23.90
	Command     : EXECUTE_ACTION
	Object      : Gesim.GsCamera(Camera)
	Action      : Move to Target->FIRST->Center

30.10.2025 15:49:37 - 41570 - Risk of crash: Jog
	Description : Can not jog fast in this area.
	Time        : 15:49:37.74
	Command     : EXECUTE_ACTION
	Object      : Gesim.GsCartridgeHolder(CartridgeHolder (Internal Cooler))
	Action      : Jog

30.10.2025 16:08:15 - 50013 - Changed configuration
	Description : The current configuration has changed significantly. Some settings might have changed.
	Time        : 16:08:15.25

03.11.2025 16:46:51 - 50003 - Camera connection lost
	Description : The connection to the camera has been lost.
	Time        : 16:46:51.22

03.11.2025 16:46:51 - 50003 - Camera connection lost
	Description : The connection to the camera has been lost.
	Time        : 16:46:51.73

03.11.2025 16:46:51 - 50003 - Camera connection lost
	Description : The connection to the camera has been lost.
	Time        : 16:46:51.73

03.11.2025 16:46:51 - 50002 - Camera not responding
	Description : The camera is not responding to commands.
	Time        : 16:46:51.80
	Exception   : System.NullReferenceException: Der Objektverweis wurde nicht auf eine Objektinstanz festgelegt.
   bei GesimRobotics.Views.CameraControl.addWinOverlay()
   bei GesimRobotics.Views.CameraControl.CameraControl_ContentChanged(Object sender, EventArgs e)
   bei MS.Internal.ComponentModel.PropertyChangeTracker.OnPropertyInvalidation(DependencyObject d, DependencyPropertyChangedEventArgs args)
   bei System.Windows.DependentList.InvalidateDependents(DependencyObject source, DependencyPropertyChangedEventArgs sourceArgs)
   bei System.Windows.DependencyObject.NotifyPropertyChange(DependencyPropertyChangedEventArgs args)
   bei System.Windows.DependencyObject.UpdateEffectiveValue(EntryIndex entryIndex, DependencyProperty dp, PropertyMetadata metadata, EffectiveValueEntry oldEntry, EffectiveValueEntry& newEntry, Boolean coerceWithDeferredReference, Boolean coerceWithCurrentValue, OperationType operationType)
   bei System.Windows.DependencyObject.InvalidateProperty(DependencyProperty dp, Boolean preserveCurrentValue)
   bei System.Windows.Data.BindingExpressionBase.Invalidate(Boolean isASubPropertyChange)
   bei System.Windows.Data.BindingExpression.TransferValue(Object newValue, Boolean isASubPropertyChange)
   bei MS.Internal.Data.PropertyPathWorker.UpdateSourceValueState(Int32 k, ICollectionView collectionView, Object newValue, Boolean isASubPropertyChange)
   bei MS.Internal.Data.ClrBindingWorker.OnSourcePropertyChanged(Object o, String propName)
   bei System.Windows.WeakEventManager.ListenerList`1.DeliverEvent(Object sender, EventArgs e, Type managerType)
   bei System.ComponentModel.PropertyChangedEventManager.OnPropertyChanged(Object sender, PropertyChangedEventArgs args)
   bei GesimRobotics.ViewModels.BaseViewModel.NotifyPropertyChanged(String propertyName)
   bei GesimRobotics.ViewModels.CameraControl.updateCameraImage()

03.11.2025 17:10:49 - 50013 - Changed configuration
	Description : The current configuration has changed significantly. Some settings might have changed.
	Time        : 17:10:49.37

03.11.2025 17:31:11 - 50003 - Camera connection lost
	Description : The connection to the camera has been lost.
	Time        : 17:31:11.93

03.11.2025 17:31:11 - 50003 - Camera connection lost
	Description : The connection to the camera has been lost.
	Time        : 17:31:11.93

03.11.2025 17:31:11 - 50003 - Camera connection lost
	Description : The connection to the camera has been lost.
	Time        : 17:31:11.94

03.11.2025 17:31:12 - 50003 - Camera connection lost
	Description : The connection to the camera has been lost.
	Time        : 17:31:12.24

03.11.2025 17:31:12 - 50002 - Camera not responding
	Description : The camera is not responding to commands.
	Time        : 17:31:12.55
	Exception   : System.NullReferenceException: Der Objektverweis wurde nicht auf eine Objektinstanz festgelegt.
   bei GesimRobotics.Views.CameraControl.addWinOverlay()
   bei GesimRobotics.Views.CameraControl.CameraControl_ContentChanged(Object sender, EventArgs e)
   bei MS.Internal.ComponentModel.PropertyChangeTracker.OnPropertyInvalidation(DependencyObject d, DependencyPropertyChangedEventArgs args)
   bei System.Windows.DependentList.InvalidateDependents(DependencyObject source, DependencyPropertyChangedEventArgs sourceArgs)
   bei System.Windows.DependencyObject.NotifyPropertyChange(DependencyPropertyChangedEventArgs args)
   bei System.Windows.DependencyObject.UpdateEffectiveValue(EntryIndex entryIndex, DependencyProperty dp, PropertyMetadata metadata, EffectiveValueEntry oldEntry, EffectiveValueEntry& newEntry, Boolean coerceWithDeferredReference, Boolean coerceWithCurrentValue, OperationType operationType)
   bei System.Windows.DependencyObject.InvalidateProperty(DependencyProperty dp, Boolean preserveCurrentValue)
   bei System.Windows.Data.BindingExpressionBase.Invalidate(Boolean isASubPropertyChange)
   bei System.Windows.Data.BindingExpression.TransferValue(Object newValue, Boolean isASubPropertyChange)
   bei MS.Internal.Data.PropertyPathWorker.UpdateSourceValueState(Int32 k, ICollectionView collectionView, Object newValue, Boolean isASubPropertyChange)
   bei MS.Internal.Data.ClrBindingWorker.OnSourcePropertyChanged(Object o, String propName)
   bei System.Windows.WeakEventManager.ListenerList`1.DeliverEvent(Object sender, EventArgs e, Type managerType)
   bei System.ComponentModel.PropertyChangedEventManager.OnPropertyChanged(Object sender, PropertyChangedEventArgs args)
   bei GesimRobotics.ViewModels.BaseViewModel.NotifyPropertyChanged(String propertyName)
   bei GesimRobotics.ViewModels.CameraControl.updateCameraImage()

03.11.2025 17:32:56 - 50003 - Camera connection lost
	Description : The connection to the camera has been lost.
	Time        : 17:32:56.78

03.11.2025 17:39:25 - 41567 - Target position out of range - Y
	Description : Tool cannot move to target.
	Time        : 17:39:25.43
	Command     : EXECUTE_ACTION
	Object      : Gesim.GsCamera(Camera)
	Action      : Move to Target->CSV_Toni_1->LeftBottom

04.11.2025 08:28:48 - 41225 - Plunger overload
	Description : The diluter pump is blocked.
	Time        : 08:28:57.08
	ActionType  : DilPump
	MachineMode : Manu
	MachineState: Active
	PLC Object  : FB_Diluter
	PLC Action  : A_Pump
	PLC AState  : 0

04.11.2025 08:28:54 - 41225 - Plunger overload
	Description : The diluter pump is blocked.
	Time        : 08:29:03.05
	ActionType  : InitDevices
	MachineMode : Init
	MachineState: Active
	PLC Object  : FB_Diluter
	PLC Action  : A_Init
	PLC AState  : 4

04.11.2025 08:30:16 - 41225 - Plunger overload
	Description : The diluter pump is blocked.
	Time        : 08:30:24.67
	ActionType  : DilPump
	MachineMode : Manu
	MachineState: Active
	PLC Object  : FB_Diluter
	PLC Action  : A_Pump
	PLC AState  : 0

04.11.2025 09:04:04 - 41511 - Z-Sensor not mounted
	Description : A measurement was attempted without mounted Z-Sensor.
	Time        : 09:04:04.52
	Command     : EXECUTE_ACTION
	Object      : Gesim.GsZSensor(ZSensor)
	Action      : Measure Target->GelbPapier

04.11.2025 09:04:34 - 41535 - Z-Sensor not calibrated
	Description : 
	Time        : 09:04:43.49
	ActionType  : Measure
	MachineMode : Manu
	MachineState: Active
	Object      : Gesim.GsZSensor(ZSensor)
	PLC Object  : FB_ComplexAction
	PLC Action  : A_MeasureTarget
	PLC AState  : 0

04.11.2025 09:20:27 - 50013 - Changed configuration
	Description : The current configuration has changed significantly. Some settings might have changed.
	Time        : 09:20:27.84

04.11.2025 09:37:11 - 41734 - Low position accuracy
	Description : Target not reached with required accuracy but motor has stopped - Internal error (7)
	Time        : 09:37:21.05
	ActionType  : MoveZ
	MachineMode : Manu
	MachineState: Active
	Object      : Gesim.GsCartridgeDisp(Cartridge Dispenser (10ml))
	PLC Object  : FB_MzTool
	PLC Action  : A_MoveZ
	PLC AState  : 0

04.11.2025 09:37:12 - 41734 - Low position accuracy
	Description : Target not reached with required accuracy but motor has stopped - Internal error (7)
	Time        : 09:37:21.06
	ActionType  : Measure
	MachineMode : Manu
	MachineState: Active
	Object      : Gesim.GsCartridgeDisp(Cartridge Dispenser (10ml))
	PLC Object  : FB_ComplexAction
	PLC Action  : A_MeasureTool
	PLC AState  : 1

04.11.2025 09:38:54 - 50013 - Changed configuration
	Description : The current configuration has changed significantly. Some settings might have changed.
	Time        : 09:38:54.93

04.11.2025 09:40:36 - 42250 - Scaffold Depth Exceeded
	Description : Tool cannot move to all needed print positions (Y).
	Time        : 09:40:45.96
	ActionType  : Undefined
	MachineMode : Manu
	MachineState: Active
	Object      : Gesim.GsCartridgeDisp(Cartridge Dispenser (10ml))
	PLC Object  : FB_HskMFunc
	PLC Action  : A_AssignRParamHeader
	PLC AState  : 2

04.11.2025 09:45:13 - 50013 - Changed configuration
	Description : The current configuration has changed significantly. Some settings might have changed.
	Time        : 09:45:13.15

04.11.2025 09:46:47 - 41567 - Target position out of range - Y
	Description : Tool cannot move to target.
	Time        : 09:46:47.99
	Command     : EXECUTE_ACTION
	Object      : Gesim.GsCamera(Camera)
	Action      : Move to Target->CSV_Toni_1->LeftBottom

04.11.2025 09:47:12 - 41567 - Target position out of range - Y
	Description : Tool cannot move to target.
	Time        : 09:47:12.31
	Command     : EXECUTE_ACTION
	Object      : Gesim.GsCamera(Camera)
	Action      : Move to Target->CSV_Toni_1->LeftBottom

04.11.2025 09:47:15 - 41479 - Invalid action
	Description : Device cannot perform this action.
	Time        : 09:47:15.93
	Command     : STOP_ACTION
	Object      : Gesim.GsCamera(Camera)
	Action      : Move to Target->CSV_Toni_1->LeftBottom

04.11.2025 09:47:50 - 41567 - Target position out of range - Y
	Description : Tool cannot move to target.
	Time        : 09:47:50.75
	Command     : EXECUTE_ACTION
	Object      : Gesim.GsCamera(Camera)
	Action      : Move to Target->CSV_Toni_1->LeftBottom

04.11.2025 09:49:44 - 41567 - Target position out of range - Y
	Description : Tool cannot move to target.
	Time        : 09:49:44.43
	Command     : EXECUTE_ACTION
	Object      : Gesim.GsCamera(Camera)
	Action      : Move to Target->CSV_Toni_1->LeftBottom

04.11.2025 09:51:31 - 41567 - Target position out of range - Y
	Description : Tool cannot move to target.
	Time        : 09:51:31.33
	Command     : EXECUTE_ACTION
	Object      : Gesim.GsCamera(Camera)
	Action      : Move to Target->CSV_Toni_1->LeftBottom

04.11.2025 09:52:31 - 41567 - Target position out of range - Y
	Description : Tool cannot move to target.
	Time        : 09:52:31.80
	Command     : EXECUTE_ACTION
	Object      : Gesim.GsCamera(Camera)
	Action      : Move to Target->CSV_Toni_1->LeftBottom

04.11.2025 09:52:35 - 41567 - Target position out of range - Y
	Description : Tool cannot move to target.
	Time        : 09:52:35.24
	Command     : EXECUTE_ACTION
	Object      : Gesim.GsCamera(Camera)
	Action      : Move to Target->PrintPoint1->Center

04.11.2025 09:53:44 - 41567 - Target position out of range - Y
	Description : Tool cannot move to target.
	Time        : 09:53:44.40
	Command     : EXECUTE_ACTION
	Object      : Gesim.GsCamera(Camera)
	Action      : Move to Target->PrintPoint1->Center

04.11.2025 10:06:26 - 50013 - Changed configuration
	Description : The current configuration has changed significantly. Some settings might have changed.
	Time        : 10:06:26.90

04.11.2025 10:10:48 - 41473 - Invalid mode
	Description : Command cannot be executed in this mode.
	Time        : 10:10:48.10
	Command     : EXECUTE_ACTION
	Object      : Gesim.GsCamera(Camera)
	Action      : Move to Target->TipCalibrator->LeftBottom

04.11.2025 10:11:06 - 41473 - Invalid mode
	Description : Command cannot be executed in this mode.
	Time        : 10:11:06.70
	Command     : EXECUTE_ACTION
	Object      : Gesim.GsCamera(Camera)
	Action      : Move to Target->TipCalibrator->LeftBottom

04.11.2025 10:12:16 - 41567 - Target position out of range - Y
	Description : Tool cannot move to target.
	Time        : 10:12:16.99
	Command     : EXECUTE_ACTION
	Object      : Gesim.GsCamera(Camera)
	Action      : Move to Target->CSV_Toni_1->LeftBottom

04.11.2025 10:14:18 - 50013 - Changed configuration
	Description : The current configuration has changed significantly. Some settings might have changed.
	Time        : 10:14:18.10

04.11.2025 10:57:46 - 42250 - Scaffold Depth Exceeded
	Description : Tool cannot move to all needed print positions (Y).
	Time        : 10:57:55.74
	ActionType  : Undefined
	MachineMode : Manu
	MachineState: Active
	Object      : Gesim.GsCartridgeDisp(Cartridge Dispenser (10ml))
	PLC Object  : FB_HskMFunc
	PLC Action  : A_AssignRParamHeader
	PLC AState  : 2

04.11.2025 10:59:22 - 41502 - Pipet move with Z-Sensor
	Description : The pipet cannot move with Z-Sensor mounted.
	Time        : 10:59:32.08
	ActionType  : WashTool
	MachineMode : Manu
	MachineState: Active
	PLC Object  : FB_ComplexAction
	PLC Action  : A_WashTool
	PLC AState  : 1

04.11.2025 11:02:23 - 41488 - Pressure timeout
	Description : 
	Time        : 11:02:33.42
	ActionType  : Undefined
	MachineMode : Manu
	MachineState: Active
	Object      : Gesim.GsCartridgeDisp(Cartridge Dispenser (10ml))
	PLC Object  : FB_CartridgeDisp
	PLC Action  : UNDEFIEND
	PLC AState  : 0

04.11.2025 11:27:23 - 41488 - Pressure timeout
	Description : 
	Time        : 11:27:32.90
	ActionType  : Undefined
	MachineMode : Auto
	MachineState: Running
	Object      : Gesim.GsCartridgeDisp(Cartridge Dispenser (10ml))
	PLC Object  : FB_CartridgeDisp
	PLC Action  : UNDEFIEND
	PLC AState  : 0

04.11.2025 12:04:28 - 41473 - Invalid mode
	Description : Command cannot be executed in this mode.
	Time        : 12:04:28.65
	Command     : EXECUTE_ACTION
	Object      : Gesim.GsPiezoPip(PiezoPipette Nano (Heatable))
	Action      : Dispense Drops->Dispensing On->25 drops

04.11.2025 12:13:08 - 41527 - Timeout while filling PCV
	Description : A timeout occurred while filling the pressure compensation vessel.
	Time        : 12:13:18.46
	ActionType  : Undefined
	MachineMode : Manu
	MachineState: Idle
	PLC Object  : FB_DeviceBase
	PLC Action  : UNDEFIEND
	PLC AState  : 0

04.11.2025 12:16:04 - 41527 - Timeout while filling PCV
	Description : A timeout occurred while filling the pressure compensation vessel.
	Time        : 12:16:14.13
	ActionType  : Undefined
	MachineMode : Manu
	MachineState: Idle
	PLC Object  : FB_DeviceBase
	PLC Action  : UNDEFIEND
	PLC AState  : 0

04.11.2025 12:18:09 - 41527 - Timeout while filling PCV
	Description : A timeout occurred while filling the pressure compensation vessel.
	Time        : 12:18:19.65
	ActionType  : Undefined
	MachineMode : Manu
	MachineState: Idle
	PLC Object  : FB_DeviceBase
	PLC Action  : UNDEFIEND
	PLC AState  : 0

05.11.2025 09:00:35 - 41527 - Timeout while filling PCV
	Description : A timeout occurred while filling the pressure compensation vessel.
	Time        : 09:00:44.70
	ActionType  : Undefined
	MachineMode : Manu
	MachineState: Idle
	PLC Object  : FB_DeviceBase
	PLC Action  : UNDEFIEND
	PLC AState  : 0

05.11.2025 09:01:38 - 41527 - Timeout while filling PCV
	Description : A timeout occurred while filling the pressure compensation vessel.
	Time        : 09:01:47.57
	ActionType  : Undefined
	MachineMode : Manu
	MachineState: Idle
	PLC Object  : FB_DeviceBase
	PLC Action  : UNDEFIEND
	PLC AState  : 0

05.11.2025 09:07:51 - 41527 - Timeout while filling PCV
	Description : A timeout occurred while filling the pressure compensation vessel.
	Time        : 09:07:59.90
	ActionType  : Undefined
	MachineMode : Manu
	MachineState: Idle
	PLC Object  : FB_DeviceBase
	PLC Action  : UNDEFIEND
	PLC AState  : 0

05.11.2025 10:10:51 - 42250 - Scaffold Depth Exceeded
	Description : Tool cannot move to all needed print positions (Y).
	Time        : 10:11:01.31
	ActionType  : Undefined
	MachineMode : Manu
	MachineState: Active
	Object      : Gesim.GsCartridgeDisp(Cartridge Dispenser (10ml))
	PLC Object  : FB_HskMFunc
	PLC Action  : A_AssignRParamHeader
	PLC AState  : 2

05.11.2025 10:35:44 - 41478 - Invalid state
	Description : Command can not be executed in this state.
	Time        : 10:35:44.23
	Command     : EXECUTE_ACTION
	Object      : Gesim.GsCartridgeHolder(CartridgeHolder (Internal Cooler))
	Action      : Tempering->On->37°C

05.11.2025 13:13:47 - 41502 - Pipet move with Z-Sensor
	Description : The pipet cannot move with Z-Sensor mounted.
	Time        : 13:13:57.27
	ActionType  : WashTool
	MachineMode : Manu
	MachineState: Active
	PLC Object  : FB_ComplexAction
	PLC Action  : A_WashTool
	PLC AState  : 1

06.11.2025 14:29:53 - 50001 - Camera not found
	Description : The specified camera could not be found.
	Time        : 14:29:53.83
	Exception   : System.InvalidOperationException: Die Sequenz enthält kein übereinstimmendes Element.
   bei System.Linq.Enumerable.First[TSource](IEnumerable`1 source, Func`2 predicate)
   bei GesimRobotics.CameraOptions.GetCamera(String id)
   bei GesimRobotics.ViewModels.CameraControl..ctor(String id, CameraType type)

06.11.2025 14:31:20 - 50001 - Camera not found
	Description : The specified camera could not be found.
	Time        : 14:31:20.87
	Exception   : System.InvalidOperationException: Die Sequenz enthält kein übereinstimmendes Element.
   bei System.Linq.Enumerable.First[TSource](IEnumerable`1 source, Func`2 predicate)
   bei GesimRobotics.CameraOptions.GetCamera(String id)
   bei GesimRobotics.ViewModels.CameraControl..ctor(String id, CameraType type)

06.11.2025 14:34:06 - 50001 - Camera not found
	Description : The specified camera could not be found.
	Time        : 14:34:06.94
	Exception   : System.InvalidOperationException: Die Sequenz enthält kein übereinstimmendes Element.
   bei System.Linq.Enumerable.First[TSource](IEnumerable`1 source, Func`2 predicate)
   bei GesimRobotics.CameraOptions.GetCamera(String id)
   bei GesimRobotics.ViewModels.CameraControl..ctor(String id, CameraType type)

07.11.2025 10:39:12 - 41500 - Target position out of range - X
	Description : Tool cannot move to target.
	Time        : 10:39:23.11
	ActionType  : Measure
	MachineMode : Manu
	MachineState: Active
	Object      : Gesim.GsZSensor(ZSensor)
	PLC Object  : FB_ComplexAction
	PLC Action  : A_MeasureTarget
	PLC AState  : 1

07.11.2025 10:58:13 - 41568 - Target position out of range - Z
	Description : Tool cannot move to target.
	Time        : 10:58:13.38
	Command     : EXECUTE_ACTION
	Object      : Gesim.GsCartridgeDisp(Cartridge Dispenser (10ml))
	Action      : Move to Target->Point->Center

11.11.2025 08:13:38 - 41749 - FollowingErrorZAxis
	Description : 
	Time        : 08:13:52.59
	ActionType  : MoveZ
	MachineMode : Manu
	MachineState: Active
	Object      : Gesim.GsZSensor(ZSensor)
	PLC Object  : FB_MzTool
	PLC Action  : A_MoveZ
	PLC AState  : 0

11.11.2025 08:13:39 - 41749 - FollowingErrorZAxis
	Description : 
	Time        : 08:13:52.60
	ActionType  : CalibrateZSensor
	MachineMode : Manu
	MachineState: Active
	Object      : Gesim.GsZSensor(ZSensor)
	PLC Object  : FB_ComplexAction
	PLC Action  : A_CalibrateZSensor
	PLC AState  : 2

11.11.2025 08:56:19 - 41734 - Low position accuracy
	Description : Target not reached with required accuracy but motor has stopped - Internal error (7)
	Time        : 08:56:32.66
	ActionType  : MoveZ
	MachineMode : Manu
	MachineState: Active
	Object      : Gesim.GsCartridgeDisp(Cartridge Dispenser (10ml))
	PLC Object  : FB_MzTool
	PLC Action  : A_MoveZ
	PLC AState  : 0

11.11.2025 08:56:19 - 41734 - Low position accuracy
	Description : Target not reached with required accuracy but motor has stopped - Internal error (7)
	Time        : 08:56:32.67
	ActionType  : Measure
	MachineMode : Manu
	MachineState: Active
	Object      : Gesim.GsCartridgeDisp(Cartridge Dispenser (10ml))
	PLC Object  : FB_ComplexAction
	PLC Action  : A_MeasureTool
	PLC AState  : 1

11.11.2025 09:07:55 - 41570 - Risk of crash: Jog
	Description : Can not jog fast in this area.
	Time        : 09:07:55.91
	Command     : EXECUTE_ACTION
	Object      : Gesim.GsZSensor(ZSensor)
	Action      : Jog

11.11.2025 11:50:48 - 41587 - HighVoltSupplyOff
	Description : High voltage supply not available or not switched on
	Time        : 11:50:48.44
	Command     : EXECUTE_ACTION
	Object      : Gesim.GsHighVoltTray(HighVoltTray)
	Action      : Switch Voltage

12.11.2025 10:53:00 - 41527 - Timeout while filling PCV
	Description : A timeout occurred while filling the pressure compensation vessel.
	Time        : 10:53:14.93
	ActionType  : Undefined
	MachineMode : Manu
	MachineState: Idle
	PLC Object  : FB_DeviceBase
	PLC Action  : UNDEFIEND
	PLC AState  : 0

12.11.2025 11:14:50 - 41576 - Interlock not locked
	Description : 
	Time        : 11:14:50.87
	Command     : EXECUTE_ACTION

12.11.2025 11:18:22 - 41527 - Timeout while filling PCV
	Description : A timeout occurred while filling the pressure compensation vessel.
	Time        : 11:18:36.85
	ActionType  : Undefined
	MachineMode : Manu
	MachineState: Idle
	PLC Object  : FB_DeviceBase
	PLC Action  : UNDEFIEND
	PLC AState  : 0

12.11.2025 11:19:28 - 41527 - Timeout while filling PCV
	Description : A timeout occurred while filling the pressure compensation vessel.
	Time        : 11:19:42.45
	ActionType  : Undefined
	MachineMode : Manu
	MachineState: Idle
	PLC Object  : FB_DeviceBase
	PLC Action  : UNDEFIEND
	PLC AState  : 0

12.11.2025 11:22:58 - 41502 - Pipet move with Z-Sensor
	Description : The pipet cannot move with Z-Sensor mounted.
	Time        : 11:23:12.84
	ActionType  : WashTool
	MachineMode : Manu
	MachineState: Active
	PLC Object  : FB_ComplexAction
	PLC Action  : A_WashTool
	PLC AState  : 1

12.11.2025 11:33:47 - 41527 - Timeout while filling PCV
	Description : A timeout occurred while filling the pressure compensation vessel.
	Time        : 11:34:01.77
	ActionType  : Undefined
	MachineMode : Manu
	MachineState: Idle
	PLC Object  : FB_DeviceBase
	PLC Action  : UNDEFIEND
	PLC AState  : 0

12.11.2025 11:37:47 - 41527 - Timeout while filling PCV
	Description : A timeout occurred while filling the pressure compensation vessel.
	Time        : 11:38:02.34
	ActionType  : Undefined
	MachineMode : Manu
	MachineState: Idle
	PLC Object  : FB_DeviceBase
	PLC Action  : UNDEFIEND
	PLC AState  : 0

12.11.2025 11:42:59 - 41527 - Timeout while filling PCV
	Description : A timeout occurred while filling the pressure compensation vessel.
	Time        : 11:43:13.63
	ActionType  : Undefined
	MachineMode : Manu
	MachineState: Idle
	PLC Object  : FB_DeviceBase
	PLC Action  : UNDEFIEND
	PLC AState  : 0

12.11.2025 11:50:13 - 50003 - Camera connection lost
	Description : The connection to the camera has been lost.
	Time        : 11:50:13.83

12.11.2025 11:50:13 - 50003 - Camera connection lost
	Description : The connection to the camera has been lost.
	Time        : 11:50:13.83

12.11.2025 13:14:13 - 41527 - Timeout while filling PCV
	Description : A timeout occurred while filling the pressure compensation vessel.
	Time        : 13:14:28.12
	ActionType  : Undefined
	MachineMode : Manu
	MachineState: Idle
	PLC Object  : FB_DeviceBase
	PLC Action  : UNDEFIEND
	PLC AState  : 0

12.11.2025 13:19:01 - 41527 - Timeout while filling PCV
	Description : A timeout occurred while filling the pressure compensation vessel.
	Time        : 13:19:15.56
	ActionType  : Undefined
	MachineMode : Manu
	MachineState: Idle
	PLC Object  : FB_DeviceBase
	PLC Action  : UNDEFIEND
	PLC AState  : 0

12.11.2025 13:50:28 - 41527 - Timeout while filling PCV
	Description : A timeout occurred while filling the pressure compensation vessel.
	Time        : 13:50:42.48
	ActionType  : Undefined
	MachineMode : Manu
	MachineState: Idle
	PLC Object  : FB_DeviceBase
	PLC Action  : UNDEFIEND
	PLC AState  : 0

12.11.2025 13:51:29 - 50013 - Changed configuration
	Description : The current configuration has changed significantly. Some settings might have changed.
	Time        : 13:51:29.73

13.11.2025 14:29:25 - 41527 - Timeout while filling PCV
	Description : A timeout occurred while filling the pressure compensation vessel.
	Time        : 14:29:39.83
	ActionType  : Undefined
	MachineMode : Manu
	MachineState: Idle
	PLC Object  : FB_DeviceBase
	PLC Action  : UNDEFIEND
	PLC AState  : 0

14.11.2025 11:53:59 - 42497 - Node not found
	Description : The CANopen node could not be found.
	Time        : 11:53:45.96
	ActionType  : Undefined
	MachineMode : Config
	MachineState: Idle
	PLC Object  : ScanHwModules
	PLC Action  : UNDEFIEND
	PLC AState  : 11

14.11.2025 12:53:49 - 50013 - Changed configuration
	Description : The current configuration has changed significantly. Some settings might have changed.
	Time        : 12:53:49.00

14.11.2025 12:54:00 - 41503 - Configuration not activated
	Description : 
	Time        : 12:54:00.97
	Command     : CHANGE_MODE

14.11.2025 12:54:43 - 41503 - Configuration not activated
	Description : 
	Time        : 12:54:43.91
	Command     : CHANGE_MODE

14.11.2025 13:58:24 - 50005 - Connection error
	Description : The connection to the device could not be established.
	Time        : 13:58:24.06
	Exception   : System.InvalidOperationException: Dieser BackgroundWorker ist derzeit ausgelastet und kann nicht mehrere Aufgaben gleichzeitig ausführen.
   bei Gesim.GsMachine.Connect(String routeName, Boolean record, Boolean withoutActivation)
   bei GesimRobotics.ViewModels.Dialogs.DebugMenuDialog.connect()

14.11.2025 14:04:07 - 41503 - Configuration not activated
	Description : 
	Time        : 14:04:07.44
	Command     : CHANGE_MODE

14.11.2025 14:04:17 - 41995 - InvalidToolConfig
	Description : 
	Time        : 14:04:32.68
	ActionType  : Undefined
	MachineMode : Config
	MachineState: Active
	PLC Object  : FB_MultiZRef
	PLC Action  : A_SetConfig
	PLC AState  : 0

14.11.2025 14:04:17 - 41995 - InvalidToolConfig
	Description : 
	Time        : 14:04:32.69
	ActionType  : Undefined
	MachineMode : Config
	MachineState: Active
	PLC Object  : FB_Configuration
	PLC Action  : A_Activate
	PLC AState  : 0

14.11.2025 14:04:26 - 41995 - InvalidToolConfig
	Description : 
	Time        : 14:04:32.69
	ActionType  : Undefined
	MachineMode : Config
	MachineState: Active
	PLC Object  : FB_Configuration
	PLC Action  : A_Activate
	PLC AState  : 0

14.11.2025 14:04:33 - 41556 - Head not in free Z-pos.
	Description : 
	Time        : 14:04:48.53
	ActionType  : InitDevices
	MachineMode : Init
	MachineState: Active
	Object      : Gesim.GsHead(Head)
	PLC Object  : FB_MzHead
	PLC Action  : A_Init
	PLC AState  : 3

14.11.2025 14:07:09 -  1864 - ADS port not opened
	Description : Internal error
	Time        : 14:07:09.16
	Command     : INTERACT_RESPONSE

14.11.2025 14:08:19 - 41503 - Configuration not activated
	Description : 
	Time        : 14:08:19.87
	Command     : CHANGE_MODE

14.11.2025 14:08:28 - 41556 - Head not in free Z-pos.
	Description : 
	Time        : 14:08:43.92
	ActionType  : InitDevices
	MachineMode : Init
	MachineState: Active
	Object      : Gesim.GsHead(Head)
	PLC Object  : FB_MzHead
	PLC Action  : A_Init
	PLC AState  : 3

14.11.2025 14:08:39 - 41556 - Head not in free Z-pos.
	Description : 
	Time        : 14:08:55.22
	ActionType  : InitDevices
	MachineMode : Init
	MachineState: Active
	Object      : Gesim.GsHead(Head)
	PLC Object  : FB_MzHead
	PLC Action  : A_Init
	PLC AState  : 3

17.11.2025 09:47:58 - 41995 - InvalidToolConfig
	Description : 
	Time        : 09:48:14.96
	ActionType  : Undefined
	MachineMode : Config
	MachineState: Active
	PLC Object  : FB_MultiZRef
	PLC Action  : A_SetConfig
	PLC AState  : 0

17.11.2025 09:47:58 - 41995 - InvalidToolConfig
	Description : 
	Time        : 09:48:14.97
	ActionType  : Undefined
	MachineMode : Config
	MachineState: Active
	PLC Object  : FB_Configuration
	PLC Action  : A_Activate
	PLC AState  : 0

17.11.2025 09:48:11 - 41995 - InvalidToolConfig
	Description : 
	Time        : 09:48:14.97
	ActionType  : Undefined
	MachineMode : Config
	MachineState: Active
	PLC Object  : FB_Configuration
	PLC Action  : A_Activate
	PLC AState  : 0

21.11.2025 13:59:03 - 41995 - InvalidToolConfig
	Description : 
	Time        : 13:59:22.44
	ActionType  : Undefined
	MachineMode : Config
	MachineState: Active
	PLC Object  : FB_MultiZRef
	PLC Action  : A_SetConfig
	PLC AState  : 0

21.11.2025 13:59:03 - 41995 - InvalidToolConfig
	Description : 
	Time        : 13:59:22.45
	ActionType  : Undefined
	MachineMode : Config
	MachineState: Active
	PLC Object  : FB_Configuration
	PLC Action  : A_Activate
	PLC AState  : 0

26.11.2025 10:55:06 -  1817 - device has a timeout
	Description : 
	Time        : 10:54:25.94
	ActionType  : Undefined
	MachineMode : Config
	MachineState: Idle
	PLC Object  : ScanHwModules
	PLC Action  : UNDEFIEND
	PLC AState  : 11

26.11.2025 10:56:19 -  1817 - device has a timeout
	Description : 
	Time        : 10:55:34.20
	ActionType  : Undefined
	MachineMode : Config
	MachineState: Idle
	PLC Object  : ScanHwModules
	PLC Action  : UNDEFIEND
	PLC AState  : 11

26.11.2025 11:01:02 -  1817 - device has a timeout
	Description : 
	Time        : 10:59:37.24
	ActionType  : Undefined
	MachineMode : Config
	MachineState: Idle
	PLC Object  : ScanHwModules
	PLC Action  : UNDEFIEND
	PLC AState  : 11

26.11.2025 11:49:03 -  1817 - device has a timeout
	Description : 
	Time        : 11:47:45.96
	ActionType  : Undefined
	MachineMode : Config
	MachineState: Idle
	PLC Object  : ScanHwModules
	PLC Action  : UNDEFIEND
	PLC AState  : 11

26.11.2025 13:13:15 - 41503 - Configuration not activated
	Description : 
	Time        : 13:13:15.29
	Command     : CHANGE_MODE

26.11.2025 14:04:06 - 50013 - Changed configuration
	Description : The current configuration has changed significantly. Some settings might have changed.
	Time        : 14:04:06.06

26.11.2025 14:08:25 - 50018 - Could not start run
	Description : An error occured while starting a run.
	Time        : 14:08:25.86
	Exception   : System.InvalidOperationException: Das Objekt mit Nullwert muss einen Wert haben.
   bei System.ThrowHelper.ThrowInvalidOperationException(ExceptionResource resource)
   bei GesimRobotics.GCode.GCodeWriter.UpdateGcode(String filePath, List`1 tools, GsTarget target)
   bei GesimRobotics.ViewModels.Machine.UploadGCode(GsFile gcode, UInt16 id, Boolean async, GsTarget target)
   bei GesimRobotics.ViewModels.Machine.uploadGCodeIfMissing(String name, GsTarget target)
   bei GesimRobotics.ViewModels.Machine.PrepareAction(GsActRunGCode action)
   bei GesimRobotics.ViewModels.Machine.UploadSequence(Sequence sequence)
   bei GesimRobotics.ViewModels.Pages.RunPage.run()

26.11.2025 14:08:33 - 50018 - Could not start run
	Description : An error occured while starting a run.
	Time        : 14:08:33.01
	Exception   : System.InvalidOperationException: Das Objekt mit Nullwert muss einen Wert haben.
   bei System.ThrowHelper.ThrowInvalidOperationException(ExceptionResource resource)
   bei GesimRobotics.GCode.GCodeWriter.UpdateGcode(String filePath, List`1 tools, GsTarget target)
   bei GesimRobotics.ViewModels.Machine.UploadGCode(GsFile gcode, UInt16 id, Boolean async, GsTarget target)
   bei GesimRobotics.ViewModels.Machine.uploadGCodeIfMissing(String name, GsTarget target)
   bei GesimRobotics.ViewModels.Machine.PrepareAction(GsActRunGCode action)
   bei GesimRobotics.ViewModels.Machine.UploadSequence(Sequence sequence)
   bei GesimRobotics.ViewModels.Pages.RunPage.run()

26.11.2025 14:09:19 - 50018 - Could not start run
	Description : An error occured while starting a run.
	Time        : 14:09:19.92
	Exception   : System.InvalidOperationException: Das Objekt mit Nullwert muss einen Wert haben.
   bei System.ThrowHelper.ThrowInvalidOperationException(ExceptionResource resource)
   bei GesimRobotics.GCode.GCodeWriter.UpdateGcode(String filePath, List`1 tools, GsTarget target)
   bei GesimRobotics.ViewModels.Machine.UploadGCode(GsFile gcode, UInt16 id, Boolean async, GsTarget target)
   bei GesimRobotics.ViewModels.Machine.uploadGCodeIfMissing(String name, GsTarget target)
   bei GesimRobotics.ViewModels.Machine.PrepareAction(GsActRunGCode action)
   bei GesimRobotics.ViewModels.Machine.UploadSequence(Sequence sequence)
   bei GesimRobotics.ViewModels.Pages.RunPage.run()

26.11.2025 14:11:02 - 50018 - Could not start run
	Description : An error occured while starting a run.
	Time        : 14:11:02.57
	Exception   : System.InvalidOperationException: Das Objekt mit Nullwert muss einen Wert haben.
   bei System.ThrowHelper.ThrowInvalidOperationException(ExceptionResource resource)
   bei GesimRobotics.GCode.GCodeWriter.UpdateGcode(String filePath, List`1 tools, GsTarget target)
   bei GesimRobotics.ViewModels.Machine.UploadGCode(GsFile gcode, UInt16 id, Boolean async, GsTarget target)
   bei GesimRobotics.ViewModels.Machine.uploadGCodeIfMissing(String name, GsTarget target)
   bei GesimRobotics.ViewModels.Machine.PrepareAction(GsActRunGCode action)
   bei GesimRobotics.ViewModels.Machine.UploadSequence(Sequence sequence)
   bei GesimRobotics.ViewModels.Pages.RunPage.run()

26.11.2025 14:11:34 - 50013 - Changed configuration
	Description : The current configuration has changed significantly. Some settings might have changed.
	Time        : 14:11:34.69

26.11.2025 14:13:07 - 50013 - Changed configuration
	Description : The current configuration has changed significantly. Some settings might have changed.
	Time        : 14:13:07.17

26.11.2025 14:16:01 - 50018 - Could not start run
	Description : An error occured while starting a run.
	Time        : 14:16:01.13
	Exception   : System.InvalidOperationException: Das Objekt mit Nullwert muss einen Wert haben.
   bei System.ThrowHelper.ThrowInvalidOperationException(ExceptionResource resource)
   bei GesimRobotics.GCode.GCodeWriter.UpdateGcode(String filePath, List`1 tools, GsTarget target)
   bei GesimRobotics.ViewModels.Machine.UploadGCode(GsFile gcode, UInt16 id, Boolean async, GsTarget target)
   bei GesimRobotics.ViewModels.Machine.uploadGCodeIfMissing(String name, GsTarget target)
   bei GesimRobotics.ViewModels.Machine.PrepareAction(GsActRunGCode action)
   bei GesimRobotics.ViewModels.Machine.UploadSequence(Sequence sequence)
   bei GesimRobotics.ViewModels.Pages.RunPage.run()

26.11.2025 14:17:23 - 50018 - Could not start run
	Description : An error occured while starting a run.
	Time        : 14:17:23.11
	Exception   : System.InvalidOperationException: Das Objekt mit Nullwert muss einen Wert haben.
   bei System.ThrowHelper.ThrowInvalidOperationException(ExceptionResource resource)
   bei GesimRobotics.GCode.GCodeWriter.UpdateGcode(String filePath, List`1 tools, GsTarget target)
   bei GesimRobotics.ViewModels.Machine.UploadGCode(GsFile gcode, UInt16 id, Boolean async, GsTarget target)
   bei GesimRobotics.ViewModels.Machine.uploadGCodeIfMissing(String name, GsTarget target)
   bei GesimRobotics.ViewModels.Machine.PrepareAction(GsActRunGCode action)
   bei GesimRobotics.ViewModels.Machine.UploadSequence(Sequence sequence)
   bei GesimRobotics.ViewModels.Pages.RunPage.run()

26.11.2025 14:18:22 - 50018 - Could not start run
	Description : An error occured while starting a run.
	Time        : 14:18:22.24
	Exception   : System.InvalidOperationException: Das Objekt mit Nullwert muss einen Wert haben.
   bei System.ThrowHelper.ThrowInvalidOperationException(ExceptionResource resource)
   bei GesimRobotics.GCode.GCodeWriter.UpdateGcode(String filePath, List`1 tools, GsTarget target)
   bei GesimRobotics.ViewModels.Machine.UploadGCode(GsFile gcode, UInt16 id, Boolean async, GsTarget target)
   bei GesimRobotics.ViewModels.Machine.uploadGCodeIfMissing(String name, GsTarget target)
   bei GesimRobotics.ViewModels.Machine.PrepareAction(GsActRunGCode action)
   bei GesimRobotics.ViewModels.Machine.UploadSequence(Sequence sequence)
   bei GesimRobotics.ViewModels.Pages.RunPage.run()

26.11.2025 14:41:11 - 17085 - Limit exceeded
	Description : NC-Block violates software limit switches of the group.
	Time        : 14:41:11.35
	ActionType  : Undefined
	MachineMode : Auto
	MachineState: Running
	PLC Object  : GCode
	PLC Action  : A_Run
	PLC AState  : 20

27.11.2025 13:11:20 - 41995 - InvalidToolConfig
	Description : 
	Time        : 13:11:21.50
	ActionType  : Undefined
	MachineMode : Config
	MachineState: Active
	PLC Object  : FB_MultiZRef
	PLC Action  : A_SetConfig
	PLC AState  : 0

27.11.2025 13:11:20 - 41995 - InvalidToolConfig
	Description : 
	Time        : 13:11:21.51
	ActionType  : Undefined
	MachineMode : Config
	MachineState: Active
	PLC Object  : FB_Configuration
	PLC Action  : A_Activate
	PLC AState  : 0

27.11.2025 13:11:24 - 41995 - InvalidToolConfig
	Description : 
	Time        : 13:11:24.86
	ActionType  : Undefined
	MachineMode : Config
	MachineState: Active
	PLC Object  : FB_MultiZRef
	PLC Action  : A_SetConfig
	PLC AState  : 0

27.11.2025 13:11:24 - 41995 - InvalidToolConfig
	Description : 
	Time        : 13:11:24.87
	ActionType  : Undefined
	MachineMode : Config
	MachineState: Active
	PLC Object  : FB_Configuration
	PLC Action  : A_Activate
	PLC AState  : 0

27.11.2025 13:12:04 - 41995 - InvalidToolConfig
	Description : 
	Time        : 13:11:24.87
	ActionType  : Undefined
	MachineMode : Config
	MachineState: Active
	PLC Object  : FB_Configuration
	PLC Action  : A_Activate
	PLC AState  : 0

28.11.2025 08:36:49 - 41503 - Configuration not activated
	Description : 
	Time        : 08:36:49.50
	Command     : CHANGE_MODE

28.11.2025 13:40:21 - 50003 - Camera connection lost
	Description : The connection to the camera has been lost.
	Time        : 13:40:21.90

28.11.2025 13:40:21 - 50003 - Camera connection lost
	Description : The connection to the camera has been lost.
	Time        : 13:40:21.90

01.12.2025 14:19:34 - 41519 - Timeout
	Description : Internal error
	Time        : 14:19:37.31
	ActionType  : Undefined
	MachineMode : Manu
	MachineState: Idle
	PLC Object  : FB_Safety
	PLC Action  : A_Unlock
	PLC AState  : 6

01.12.2025 14:28:09 - 41519 - Timeout
	Description : Internal error
	Time        : 14:28:13.09
	ActionType  : Undefined
	MachineMode : Manu
	MachineState: Idle
	PLC Object  : FB_Safety
	PLC Action  : A_Unlock
	PLC AState  : 6

01.12.2025 16:10:44 - 50013 - Changed configuration
	Description : The current configuration has changed significantly. Some settings might have changed.
	Time        : 16:10:44.25

10.12.2025 13:06:08 -  1810 - server is in invalid state
	Description : 
	Time        : 13:05:40.22
	ActionType  : Undefined
	MachineMode : Config
	MachineState: Idle
	PLC Object  : ScanHwModules
	PLC Action  : UNDEFIEND
	PLC AState  : 8

10.12.2025 13:07:40 -  1810 - server is in invalid state
	Description : 
	Time        : 13:07:12.58
	ActionType  : Undefined
	MachineMode : Config
	MachineState: Idle
	PLC Object  : ScanHwModules
	PLC Action  : UNDEFIEND
	PLC AState  : 8

10.12.2025 13:10:09 -  1810 - server is in invalid state
	Description : 
	Time        : 13:07:34.35
	ActionType  : Undefined
	MachineMode : Config
	MachineState: Idle
	PLC Object  : ScanHwModules
	PLC Action  : UNDEFIEND
	PLC AState  : 8

10.12.2025 13:10:13 - 41532 - InvalidHWItem
	Description : 
	Time        : 13:10:13.95
	Command     : READ_HW_PROP

10.12.2025 13:11:30 -  1810 - server is in invalid state
	Description : 
	Time        : 13:07:34.35
	ActionType  : Undefined
	MachineMode : Config
	MachineState: Idle
	PLC Object  : ScanHwModules
	PLC Action  : UNDEFIEND
	PLC AState  : 8

10.12.2025 13:11:33 - 41532 - InvalidHWItem
	Description : 
	Time        : 13:11:33.26
	Command     : READ_HW_PROP

10.12.2025 13:12:40 -  1810 - server is in invalid state
	Description : 
	Time        : 13:07:34.35
	ActionType  : Undefined
	MachineMode : Config
	MachineState: Idle
	PLC Object  : ScanHwModules
	PLC Action  : UNDEFIEND
	PLC AState  : 8

10.12.2025 13:13:26 -  1810 - server is in invalid state
	Description : 
	Time        : 13:07:34.35
	ActionType  : Undefined
	MachineMode : Config
	MachineState: Idle
	PLC Object  : ScanHwModules
	PLC Action  : UNDEFIEND
	PLC AState  : 8

10.12.2025 13:14:09 - 50005 - Connection error
	Description : The connection to the device could not be established.
	Time        : 13:14:09.31
	Exception   : System.InvalidOperationException: Dieser BackgroundWorker ist derzeit ausgelastet und kann nicht mehrere Aufgaben gleichzeitig ausführen.
   bei Gesim.GsMachine.Connect(String routeName, Boolean record, Boolean withoutActivation)
   bei GesimRobotics.ViewModels.Dialogs.DebugMenuDialog.connect()

10.12.2025 13:22:10 - 41995 - InvalidToolConfig
	Description : 
	Time        : 13:21:59.02
	ActionType  : Undefined
	MachineMode : Config
	MachineState: Active
	PLC Object  : FB_MultiZRef
	PLC Action  : A_SetConfig
	PLC AState  : 0

10.12.2025 13:22:10 - 41995 - InvalidToolConfig
	Description : 
	Time        : 13:21:59.03
	ActionType  : Undefined
	MachineMode : Config
	MachineState: Active
	PLC Object  : FB_Configuration
	PLC Action  : A_Activate
	PLC AState  : 0

10.12.2025 13:22:13 - 41995 - InvalidToolConfig
	Description : 
	Time        : 13:22:02.09
	ActionType  : Undefined
	MachineMode : Config
	MachineState: Active
	PLC Object  : FB_MultiZRef
	PLC Action  : A_SetConfig
	PLC AState  : 0

10.12.2025 13:22:14 - 41995 - InvalidToolConfig
	Description : 
	Time        : 13:22:02.10
	ActionType  : Undefined
	MachineMode : Config
	MachineState: Active
	PLC Object  : FB_Configuration
	PLC Action  : A_Activate
	PLC AState  : 0

10.12.2025 13:22:21 - 41995 - InvalidToolConfig
	Description : 
	Time        : 13:22:02.10
	ActionType  : Undefined
	MachineMode : Config
	MachineState: Active
	PLC Object  : FB_Configuration
	PLC Action  : A_Activate
	PLC AState  : 0

11.12.2025 08:56:05 - 41747 - Z-Sensor switch not found
	Description : Measurement: switching point not reached - Internal error (20)
	Time        : 08:56:03.86
	ActionType  : MoveZ
	MachineMode : Manu
	MachineState: Active
	Object      : Gesim.GsZSensor(ZSensor)
	PLC Object  : FB_MzTool
	PLC Action  : A_MoveZ
	PLC AState  : 0

11.12.2025 08:56:05 - 41747 - Z-Sensor switch not found
	Description : Measurement: switching point not reached - Internal error (20)
	Time        : 08:56:03.87
	ActionType  : CalibrateZSensor
	MachineMode : Manu
	MachineState: Active
	Object      : Gesim.GsZSensor(ZSensor)
	PLC Object  : FB_ComplexAction
	PLC Action  : A_CalibrateZSensor
	PLC AState  : 3

11.12.2025 09:01:27 - 50017 - Could not edit configuration
	Description : The configuration could not be edited.
	Time        : 09:01:27.90
	Exception   : Gesim.ConfigException: Object: CalibrationPoint (Z-Sensor)-Invalid mode
   bei Gesim.GsMachine.createGsObject(GsObject gsObject)
   bei Gesim.GsObjectDirectory.pasteObject(GsObject gsObject, GsObject parent, GsSlot slot, Int32 index)
   bei GesimRobotics.ViewModels.Objects.DisplayObject.addChild(GsObject obj)

11.12.2025 12:57:08 - 41568 - Target position out of range - Z
	Description : Tool cannot move to target.
	Time        : 12:57:08.81
	ActionType  : Undefined
	MachineMode : Auto
	MachineState: Running
	PLC Object  : GCode
	PLC Action  : A_MoveZ
	PLC AState  : 0

11.12.2025 12:57:08 - 41568 - Target position out of range - Z
	Description : Tool cannot move to target.
	Time        : 12:57:08.81
	ActionType  : Undefined
	MachineMode : Auto
	MachineState: Running
	PLC Object  : GCode
	PLC Action  : A_MoveZ
	PLC AState  : 99

12.12.2025 07:06:54 - 41479 - Invalid action
	Description : Device cannot perform this action.
	Time        : 07:06:54.98
	Command     : STOP_ACTION
	Object      : Gesim.GsRoot(BioScaffolder 3.3 (SN2495))
	Action      : Run Sequence: 

12.12.2025 07:06:58 - 41479 - Invalid action
	Description : Device cannot perform this action.
	Time        : 07:06:58.82
	Command     : STOP_ACTION
	Object      : Gesim.GsRoot(BioScaffolder 3.3 (SN2495))
	Action      : Run Sequence: 

12.12.2025 08:44:25 - 41503 - Configuration not activated
	Description : 
	Time        : 08:44:25.25
	Command     : CHANGE_MODE

12.03.2026 14:37:39 - 41491 - Device not initialized
	Description : 
	Time        : 14:37:38.49
	ActionType  : MoveZ
	MachineMode : Auto
	MachineState: Running
	Object      : Gesim.GsHead(Head)
	PLC Object  : FB_MzHead
	PLC Action  : A_MoveZ
	PLC AState  : 80

12.03.2026 14:37:39 - 41491 - Device not initialized
	Description : 
	Time        : 14:37:38.49
	ActionType  : Undefined
	MachineMode : Auto
	MachineState: Running
	Object      : Gesim.GsHead(Head)
	PLC Object  : GCode
	PLC Action  : A_Start
	PLC AState  : 2

12.03.2026 14:37:52 - 17744 - Following error monitoring (position).
	Description : With active following error monitoring (position) a following error exceedance has occurred, whose magnitude is greater than the following error window, and whose duration is longer than the parameterised following error filter time.
	Time        : 14:37:51.26
	ActionType  : Undefined
	MachineMode : Init
	MachineState: Active
	PLC Object  : UNDEFIEND
	PLC Action  : UNDEFIEND
	PLC AState  : 0

12.03.2026 14:37:52 - 17744 - Following error monitoring (position).
	Description : With active following error monitoring (position) a following error exceedance has occurred, whose magnitude is greater than the following error window, and whose duration is longer than the parameterised following error filter time.
	Time        : 14:37:51.39
	ActionType  : InitDevices
	MachineMode : Init
	MachineState: Active
	Object      : Gesim.GsHead(Head)
	PLC Object  : FB_MzHead
	PLC Action  : A_Init
	PLC AState  : 40

12.03.2026 14:38:04 - 17744 - Following error monitoring (position).
	Description : With active following error monitoring (position) a following error exceedance has occurred, whose magnitude is greater than the following error window, and whose duration is longer than the parameterised following error filter time.
	Time        : 14:38:03.42
	ActionType  : Undefined
	MachineMode : Init
	MachineState: Active
	PLC Object  : UNDEFIEND
	PLC Action  : UNDEFIEND
	PLC AState  : 0

12.03.2026 14:38:04 - 17744 - Following error monitoring (position).
	Description : With active following error monitoring (position) a following error exceedance has occurred, whose magnitude is greater than the following error window, and whose duration is longer than the parameterised following error filter time.
	Time        : 14:38:03.55
	ActionType  : InitDevices
	MachineMode : Init
	MachineState: Active
	Object      : Gesim.GsHead(Head)
	PLC Object  : FB_MzHead
	PLC Action  : A_Init
	PLC AState  : 40

12.03.2026 14:39:03 - 17744 - Following error monitoring (position).
	Description : With active following error monitoring (position) a following error exceedance has occurred, whose magnitude is greater than the following error window, and whose duration is longer than the parameterised following error filter time.
	Time        : 14:39:02.81
	ActionType  : Undefined
	MachineMode : Init
	MachineState: Active
	PLC Object  : UNDEFIEND
	PLC Action  : UNDEFIEND
	PLC AState  : 0

12.03.2026 14:39:03 - 17744 - Following error monitoring (position).
	Description : With active following error monitoring (position) a following error exceedance has occurred, whose magnitude is greater than the following error window, and whose duration is longer than the parameterised following error filter time.
	Time        : 14:39:02.94
	ActionType  : InitDevices
	MachineMode : Init
	MachineState: Active
	Object      : Gesim.GsHead(Head)
	PLC Object  : FB_MzHead
	PLC Action  : A_Init
	PLC AState  : 40

12.03.2026 14:47:57 - 41568 - Target position out of range - Z
	Description : Tool cannot move to target.
	Time        : 14:47:56.47
	ActionType  : Undefined
	MachineMode : Auto
	MachineState: Running
	PLC Object  : GCode
	PLC Action  : A_MoveZ
	PLC AState  : 0

12.03.2026 14:47:57 - 41568 - Target position out of range - Z
	Description : Tool cannot move to target.
	Time        : 14:47:56.48
	ActionType  : Undefined
	MachineMode : Auto
	MachineState: Running
	PLC Object  : GCode
	PLC Action  : A_MoveZ
	PLC AState  : 99

16.03.2026 06:52:48 - 41478 - Invalid state
	Description : Command can not be executed in this state.
	Time        : 06:52:48.94
	Command     : EXECUTE_ACTION
	Object      : Gesim.GsCartridgeHolder(CartridgeHolder (Internal Cooler))
	Action      : Tempering->On->37°C

20.04.2026 13:46:23 - 41502 - Pipet move with Z-Sensor
	Description : The pipet cannot move with Z-Sensor mounted.
	Time        : 13:46:24.03
	ActionType  : MoveToTarget
	MachineMode : Manu
	MachineState: Active
	PLC Object  : FB_ComplexAction
	PLC Action  : A_MoveToTarget
	PLC AState  : 0

20.04.2026 14:36:32 - 41491 - Device not initialized
	Description : 
	Time        : 14:36:32.65
	ActionType  : MoveZ
	MachineMode : Auto
	MachineState: Running
	Object      : Gesim.GsHead(Head)
	PLC Object  : FB_MzHead
	PLC Action  : A_MoveZ
	PLC AState  : 80

20.04.2026 14:36:32 - 41491 - Device not initialized
	Description : 
	Time        : 14:36:32.65
	ActionType  : MoveXY
	MachineMode : Auto
	MachineState: Running
	Object      : Gesim.GsCartridgeDisp(Stifthalter_auf_Pneu)
	PLC Object  : FB_MzBase
	PLC Action  : A_MoveXY
	PLC AState  : 1

20.04.2026 14:36:33 - 41491 - Device not initialized
	Description : 
	Time        : 14:36:32.66
	ActionType  : MoveToTarget
	MachineMode : Auto
	MachineState: Running
	PLC Object  : FB_ComplexAction
	PLC Action  : A_MoveToTarget
	PLC AState  : 0

21.04.2026 10:30:51 - 41473 - Invalid mode
	Description : Command cannot be executed in this mode.
	Time        : 10:30:51.11
	Command     : EXECUTE_ACTION
	Object      : Gesim.GsRoot(BioScaffolder 5.3/E (SN2343))
	Action      : Park

21.04.2026 10:41:40 - 41576 - Interlock not locked
	Description : 
	Time        : 10:41:40.47
	Command     : EXECUTE_ACTION

21.04.2026 10:41:49 - 41576 - Interlock not locked
	Description : 
	Time        : 10:41:49.27
	Command     : EXECUTE_ACTION

21.04.2026 10:42:03 - 41576 - Interlock not locked
	Description : 
	Time        : 10:42:03.77
	Command     : EXECUTE_ACTION

21.04.2026 10:55:09 - 41473 - Invalid mode
	Description : Command cannot be executed in this mode.
	Time        : 10:55:09.13
	Command     : EXECUTE_ACTION
	Object      : Gesim.GsPiezoPip(PiezoPipette Nano (Heatable))
	Action      : Heating->On->20°C

22.04.2026 13:20:44 - 50013 - Changed configuration
	Description : The current configuration has changed significantly. Some settings might have changed.
	Time        : 13:20:44.29

23.04.2026 09:27:03 -  1864 - ADS port not opened
	Description : Internal error
	Time        : 09:27:03.88
	Command     : EXECUTE_ACTION
	Object      : Gesim.GsPassivePip(PassivePipette (LuerLock))
	Action      : Move to Target->Target_Slide_CameraDetection->Center

23.04.2026 09:27:25 - 41568 - Target position out of range - Z
	Description : Tool cannot move to target.
	Time        : 09:27:25.87
	Command     : EXECUTE_ACTION
	Object      : Gesim.GsPassivePip(PassivePipette (LuerLock))
	Action      : Move to Target->Target_Slide_CameraDetection->Center

23.04.2026 11:08:00 - 41995 - InvalidToolConfig
	Description : 
	Time        : 11:08:01.73
	ActionType  : Undefined
	MachineMode : Config
	MachineState: Active
	PLC Object  : FB_MultiZRef
	PLC Action  : A_SetConfig
	PLC AState  : 0

23.04.2026 11:08:00 - 41995 - InvalidToolConfig
	Description : 
	Time        : 11:08:01.74
	ActionType  : Undefined
	MachineMode : Config
	MachineState: Active
	PLC Object  : FB_Configuration
	PLC Action  : A_Activate
	PLC AState  : 0

23.04.2026 11:08:19 - 41995 - InvalidToolConfig
	Description : 
	Time        : 11:08:01.74
	ActionType  : Undefined
	MachineMode : Config
	MachineState: Active
	PLC Object  : FB_Configuration
	PLC Action  : A_Activate
	PLC AState  : 0

23.04.2026 11:08:38 - 41995 - InvalidToolConfig
	Description : 
	Time        : 11:08:39.91
	ActionType  : Undefined
	MachineMode : Config
	MachineState: Active
	PLC Object  : FB_MultiZRef
	PLC Action  : A_SetConfig
	PLC AState  : 0

23.04.2026 11:08:38 - 41995 - InvalidToolConfig
	Description : 
	Time        : 11:08:39.92
	ActionType  : Undefined
	MachineMode : Config
	MachineState: Active
	PLC Object  : FB_Configuration
	PLC Action  : A_Activate
	PLC AState  : 0

23.04.2026 11:08:50 - 41995 - InvalidToolConfig
	Description : 
	Time        : 11:08:52.09
	ActionType  : Undefined
	MachineMode : Config
	MachineState: Active
	PLC Object  : FB_MultiZRef
	PLC Action  : A_SetConfig
	PLC AState  : 0

23.04.2026 11:08:50 - 41995 - InvalidToolConfig
	Description : 
	Time        : 11:08:52.10
	ActionType  : Undefined
	MachineMode : Config
	MachineState: Active
	PLC Object  : FB_Configuration
	PLC Action  : A_Activate
	PLC AState  : 0

23.04.2026 11:09:20 - 41995 - InvalidToolConfig
	Description : 
	Time        : 11:08:52.10
	ActionType  : Undefined
	MachineMode : Config
	MachineState: Active
	PLC Object  : FB_Configuration
	PLC Action  : A_Activate
	PLC AState  : 0

23.04.2026 14:49:48 -  1861 - Timeout elapsed
	Description : Internal error due to slow/missing communication.
	Time        : 14:49:48.67
	Command     : EXECUTE_ACTION

23.04.2026 14:52:31 -  1861 - Timeout elapsed
	Description : Internal error due to slow/missing communication.
	Time        : 14:52:31.08
	Command     : EXECUTE_ACTION

24.04.2026 16:14:47 - 50005 - Connection error
	Description : The connection to the device could not be established.
	Time        : 16:14:47.40
	Exception   : System.Exception: Missing route: LANGER-LULATSCH
   bei Gesim.GsMachine.Connect(String routeName, Boolean record, Boolean withoutActivation)
   bei GesimRobotics.ViewModels.ConnectionManager.Connect(String routeName)

24.04.2026 16:14:50 - 50005 - Connection error
	Description : The connection to the device could not be established.
	Time        : 16:14:50.76
	Exception   : System.Exception: Missing route: LANGER-LULATSCH
   bei Gesim.GsMachine.Connect(String routeName, Boolean record, Boolean withoutActivation)
   bei GesimRobotics.ViewModels.ConnectionManager.Connect(String routeName)

27.04.2026 15:47:45 - 41491 - Device not initialized
	Description : 
	Time        : 15:47:44.67
	ActionType  : Undefined
	MachineMode : Manu
	MachineState: Active
	Object      : Gesim.GsPassivePip(PassivePipette (LuerLock))
	PLC Object  : GCode
	PLC Action  : A_Start
	PLC AState  : 1

27.04.2026 15:48:02 - 42249 - Scaffold Width Exceeded
	Description : Tool cannot move to all needed print positions (X).
	Time        : 15:48:01.03
	ActionType  : Undefined
	MachineMode : Manu
	MachineState: Active
	Object      : Gesim.GsCartridgeDisp(Stifthalter_auf_Pneu)
	PLC Object  : FB_HskMFunc
	PLC Action  : A_AssignRParamHeader
	PLC AState  : 2

27.04.2026 15:48:42 - 41500 - Target position out of range - X
	Description : Tool cannot move to target.
	Time        : 15:48:42.93
	Command     : EXECUTE_ACTION
	Object      : Gesim.GsPassivePip(PassivePipette (LuerLock))
	Action      : Move to Target->TipCalibrator->Center

27.04.2026 15:49:11 - 41502 - Pipet move with Z-Sensor
	Description : The pipet cannot move with Z-Sensor mounted.
	Time        : 15:49:10.59
	ActionType  : MoveToTarget
	MachineMode : Manu
	MachineState: Active
	PLC Object  : FB_ComplexAction
	PLC Action  : A_MoveToTarget
	PLC AState  : 0

27.04.2026 15:50:28 - 42249 - Scaffold Width Exceeded
	Description : Tool cannot move to all needed print positions (X).
	Time        : 15:50:27.48
	ActionType  : Undefined
	MachineMode : Manu
	MachineState: Active
	Object      : Gesim.GsCartridgeDisp(Stifthalter_auf_Pneu)
	PLC Object  : FB_HskMFunc
	PLC Action  : A_AssignRParamHeader
	PLC AState  : 2

27.04.2026 15:51:47 - 42249 - Scaffold Width Exceeded
	Description : Tool cannot move to all needed print positions (X).
	Time        : 15:51:46.07
	ActionType  : Undefined
	MachineMode : Manu
	MachineState: Active
	Object      : Gesim.GsCartridgeDisp(Stifthalter_auf_Pneu)
	PLC Object  : FB_HskMFunc
	PLC Action  : A_AssignRParamHeader
	PLC AState  : 2

28.04.2026 08:04:42 - 41216 - Communication timeout
	Description : Communication timeout - diluter.
	Time        : 08:04:44.03
	ActionType  : InitDevices
	MachineMode : Init
	MachineState: Active
	PLC Object  : FB_Diluter
	PLC Action  : A_Init
	PLC AState  : 1

28.04.2026 08:07:44 - 41216 - Communication timeout
	Description : Communication timeout - diluter.
	Time        : 08:07:45.49
	ActionType  : InitDevices
	MachineMode : Init
	MachineState: Active
	PLC Object  : FB_Diluter
	PLC Action  : A_Init
	PLC AState  : 1

28.04.2026 08:17:27 - 41216 - Communication timeout
	Description : Communication timeout - diluter.
	Time        : 08:17:29.13
	ActionType  : InitDevices
	MachineMode : Init
	MachineState: Active
	PLC Object  : FB_Diluter
	PLC Action  : A_Init
	PLC AState  : 1

29.04.2026 08:32:09 - 41507 - X-sensor did not switch
	Description : Sensor did not switch.
	Time        : 08:32:09.31
	ActionType  : Measure
	MachineMode : Manu
	MachineState: Active
	Object      : Gesim.GsPassivePip(PassivePipette (LuerLock))
	PLC Object  : FB_ComplexAction
	PLC Action  : A_MeasureTool
	PLC AState  : 4

29.04.2026 08:33:31 - 41530 - Measure Z-distance exceeded
	Description : The tip measurement failed because there was no switching signal within the expected Z-distance.
	Time        : 08:33:31.39
	ActionType  : Measure
	MachineMode : Manu
	MachineState: Active
	Object      : Gesim.GsPassivePip(PassivePipette (LuerLock))
	PLC Object  : FB_ComplexAction
	PLC Action  : A_MeasureTool
	PLC AState  : 4

29.04.2026 08:33:54 - 41530 - Measure Z-distance exceeded
	Description : The tip measurement failed because there was no switching signal within the expected Z-distance.
	Time        : 08:33:54.64
	ActionType  : Measure
	MachineMode : Manu
	MachineState: Active
	Object      : Gesim.GsPassivePip(PassivePipette (LuerLock))
	PLC Object  : FB_ComplexAction
	PLC Action  : A_MeasureTool
	PLC AState  : 4

29.04.2026 10:56:55 - 41568 - Target position out of range - Z
	Description : Tool cannot move to target.
	Time        : 10:56:55.77
	Command     : EXECUTE_ACTION
	Object      : Gesim.GsZSensor(ZSensor)
	Action      : Move to Target->SpotArray->Array->Col: 1 Row: 4

29.04.2026 11:05:19 - 41511 - Z-Sensor not mounted
	Description : A measurement was attempted without mounted Z-Sensor.
	Time        : 11:05:19.37
	Command     : EXECUTE_ACTION
	Object      : Gesim.GsZSensor(ZSensor)
	Action      : Measure Target->CalibrationPoint (Z-Sensor)

29.04.2026 11:06:13 - 41741 - I2C communication failure
	Description : Internal error (14)
	Time        : 11:06:13.63
	ActionType  : Undefined
	MachineMode : Manu
	MachineState: Idle
	PLC Object  : FB_MultiZRef
	PLC Action  : A_Monitor
	PLC AState  : 0
	Error ID 2  : 201326807

29.04.2026 11:07:55 - 41535 - Z-Sensor not calibrated
	Description : 
	Time        : 11:07:54.87
	ActionType  : Measure
	MachineMode : Manu
	MachineState: Active
	Object      : Gesim.GsZSensor(ZSensor)
	PLC Object  : FB_ComplexAction
	PLC Action  : A_MeasureTarget
	PLC AState  : 0

30.04.2026 09:29:10 - 41500 - Target position out of range - X
	Description : Tool cannot move to target.
	Time        : 09:29:10.74
	Command     : EXECUTE_ACTION
	Object      : Gesim.GsCamera(Kamera_Objekterkennung_4K)
	Action      : Move to Target->SpotArray->Array->Col: 1 Row: 1

30.04.2026 09:46:45 - 50017 - Could not edit configuration
	Description : The configuration could not be edited.
	Time        : 09:46:45.24
	Exception   : Gesim.ConfigException: Object: Target_Mtp6_Horizontal-InvalidParentObject
   bei Gesim.GsMachine.createGsObject(GsObject gsObject)
   bei Gesim.GsObjectDirectory.pasteObject(GsObject gsObject, GsObject parent, GsSlot slot, Int32 index)
   bei GesimRobotics.ViewModels.Objects.DisplayObject.addChild(GsObject obj)

30.04.2026 09:53:37 - 41567 - Target position out of range - Y
	Description : Tool cannot move to target.
	Time        : 09:53:37.85
	Command     : EXECUTE_ACTION
	Object      : Gesim.GsCamera(Kamera_Objekterkennung_4K)
	Action      : Move to Target->Target_Mtp6_Horizontal->Well: A2->Top

30.04.2026 14:43:44 - 41500 - Target position out of range - X
	Description : Tool cannot move to target.
	Time        : 14:43:44.48
	Command     : EXECUTE_ACTION
	Object      : Gesim.GsCamera(Kamera_Objekterkennung_4K)
	Action      : Move to Target->SpotArray->Array->Col: 1 Row: 1

30.04.2026 14:44:38 - 41500 - Target position out of range - X
	Description : Tool cannot move to target.
	Time        : 14:44:38.47
	Command     : EXECUTE_ACTION
	Object      : Gesim.GsCamera(Kamera_Objekterkennung_4K)
	Action      : Move to Target->SpotArray->Array->Col: 1 Row: 1

30.04.2026 14:46:05 - 41500 - Target position out of range - X
	Description : Tool cannot move to target.
	Time        : 14:46:05.62
	Command     : EXECUTE_ACTION
	Object      : Gesim.GsCamera(Kamera_Objekterkennung_4K)
	Action      : Move to Target->SpotArray->Array->Col: 1 Row: 1

30.04.2026 14:46:17 - 41500 - Target position out of range - X
	Description : Tool cannot move to target.
	Time        : 14:46:17.16
	Command     : EXECUTE_ACTION
	Object      : Gesim.GsCamera(Kamera_Objekterkennung_4K)
	Action      : Move to Target->SpotArray->Array->Col: 1 Row: 1

30.04.2026 14:46:49 - 41500 - Target position out of range - X
	Description : Tool cannot move to target.
	Time        : 14:46:49.35
	Command     : EXECUTE_ACTION
	Object      : Gesim.GsCamera(Kamera_Objekterkennung_4K)
	Action      : Move to Target->SpotArray->Array->Col: 1 Row: 1

30.04.2026 14:47:00 - 41500 - Target position out of range - X
	Description : Tool cannot move to target.
	Time        : 14:47:00.30
	Command     : EXECUTE_ACTION
	Object      : Gesim.GsCamera(Kamera_Objekterkennung_4K)
	Action      : Move to Target->SpotArray->Array->Col: 1 Row: 1

30.04.2026 14:47:34 - 41500 - Target position out of range - X
	Description : Tool cannot move to target.
	Time        : 14:47:34.38
	Command     : EXECUTE_ACTION
	Object      : Gesim.GsCamera(Kamera_Objekterkennung_4K)
	Action      : Move to Target->SpotArray->Array->Col: 1 Row: 1

30.04.2026 14:47:43 - 41500 - Target position out of range - X
	Description : Tool cannot move to target.
	Time        : 14:47:43.43
	Command     : EXECUTE_ACTION
	Object      : Gesim.GsCamera(Kamera_Objekterkennung_4K)
	Action      : Move to Target->SpotArray->Array->Col: 1 Row: 1

30.04.2026 14:48:50 - 41500 - Target position out of range - X
	Description : Tool cannot move to target.
	Time        : 14:48:50.71
	Command     : EXECUTE_ACTION
	Object      : Gesim.GsCamera(Kamera_Objekterkennung_4K)
	Action      : Move to Target->SpotArray->Array->Col: 1 Row: 1

30.04.2026 14:49:02 - 41500 - Target position out of range - X
	Description : Tool cannot move to target.
	Time        : 14:49:02.51
	Command     : EXECUTE_ACTION
	Object      : Gesim.GsCamera(Kamera_Objekterkennung_4K)
	Action      : Move to Target->Target_Slide_CameraDetection->Center

30.04.2026 14:49:09 - 41568 - Target position out of range - Z
	Description : Tool cannot move to target.
	Time        : 14:49:09.18
	Command     : EXECUTE_ACTION
	Object      : Gesim.GsCamera(Kamera_Objekterkennung_4K)
	Action      : Move to Target->Point->Center

30.04.2026 14:49:17 - 41568 - Target position out of range - Z
	Description : Tool cannot move to target.
	Time        : 14:49:17.97
	Command     : EXECUTE_ACTION
	Object      : Gesim.GsCamera(Kamera_Objekterkennung_4K)
	Action      : Move to Target->TeachingPoint (Camera)->Center

30.04.2026 14:50:34 - 41500 - Target position out of range - X
	Description : Tool cannot move to target.
	Time        : 14:50:34.50
	Command     : EXECUTE_ACTION
	Object      : Gesim.GsCamera(Kamera_Objekterkennung_4K)
	Action      : Move to Target->SpotArray->Array->Col: 1 Row: 1

30.04.2026 14:51:11 - 41500 - Target position out of range - X
	Description : Tool cannot move to target.
	Time        : 14:51:11.09
	Command     : EXECUTE_ACTION
	Object      : Gesim.GsCamera(Kamera_Objekterkennung_4K)
	Action      : Move to Target->SpotArray->Array->Col: 4 Row: 4

30.04.2026 14:56:54 - 41500 - Target position out of range - X
	Description : Tool cannot move to target.
	Time        : 14:56:54.62
	Command     : EXECUTE_ACTION
	Object      : Gesim.GsCamera(Kamera_Objekterkennung_4K)
	Action      : Move to Target->SpotArray->Array->Col: 1 Row: 1

30.04.2026 15:00:51 - 41500 - Target position out of range - X
	Description : Tool cannot move to target.
	Time        : 15:00:51.47
	Command     : EXECUTE_ACTION
	Object      : Gesim.GsCamera(Kamera_Objekterkennung_4K)
	Action      : Move to Target->SpotArray->Array->Col: 1 Row: 1

30.04.2026 15:00:56 - 41500 - Target position out of range - X
	Description : Tool cannot move to target.
	Time        : 15:00:56.04
	Command     : EXECUTE_ACTION
	Object      : Gesim.GsCamera(Kamera_Objekterkennung_4K)
	Action      : Move to Target->SpotArray->Array->Col: 4 Row: 4

30.04.2026 15:06:20 - 41500 - Target position out of range - X
	Description : Tool cannot move to target.
	Time        : 15:06:20.41
	Command     : EXECUTE_ACTION
	Object      : Gesim.GsCamera(Kamera_Objekterkennung_4K)
	Action      : Move to Target->SpotArray->Array->Col: 1 Row: 1

30.04.2026 15:08:53 - 41500 - Target position out of range - X
	Description : Tool cannot move to target.
	Time        : 15:08:53.74
	Command     : EXECUTE_ACTION
	Object      : Gesim.GsCamera(Kamera_Objekterkennung_4K)
	Action      : Move to Target->SpotArray->Array->Col: 1 Row: 1

30.04.2026 15:10:41 -  1864 - ADS port not opened
	Description : Internal error
	Time        : 15:10:41.65
	Command     : EXECUTE_ACTION
	Object      : Gesim.GsCamera(Kamera_Objekterkennung_4K)
	Action      : Move to Target->SpotArray->Array->Col: 2 Row: 4

04.05.2026 09:02:47 - 41500 - Target position out of range - X
	Description : Tool cannot move to target.
	Time        : 09:02:47.73
	Command     : EXECUTE_ACTION
	Object      : Gesim.GsCamera(Kamera_Objekterkennung_4K)
	Action      : Move to Target->SpotArray->Array->Col: 4 Row: 1

04.05.2026 09:03:19 - 41500 - Target position out of range - X
	Description : Tool cannot move to target.
	Time        : 09:03:19.82
	Command     : EXECUTE_ACTION
	Object      : Gesim.GsCamera(Kamera_Objekterkennung_4K)
	Action      : Move to Target->SpotArray->Array->Col: 1 Row: 4

04.05.2026 09:04:38 - 41500 - Target position out of range - X
	Description : Tool cannot move to target.
	Time        : 09:04:38.76
	Command     : EXECUTE_ACTION
	Object      : Gesim.GsCamera(Kamera_Objekterkennung_4K)
	Action      : Move to Target->SpotArray->Array->Col: 1 Row: 4

04.05.2026 09:04:47 - 41500 - Target position out of range - X
	Description : Tool cannot move to target.
	Time        : 09:04:47.54
	Command     : EXECUTE_ACTION
	Object      : Gesim.GsCamera(Kamera_Objekterkennung_4K)
	Action      : Move to Target->Target_Slide_CameraDetection->Center

13.05.2026 11:37:08 - 41997 - TimeoutSwivel
	Description : 
	Time        : 11:37:18.49
	ActionType  : InitDevices
	MachineMode : Init
	MachineState: Active
	Object      : Gesim.GsTwinPiezoHolder(TwinPipetteHolder)
	PLC Object  : FB_TwinPiezoHolder
	PLC Action  : A_InitSpec
	PLC AState  : 0

20.05.2026 10:12:43 - 41216 - Communication timeout
	Description : Communication timeout - diluter.
	Time        : 10:12:45.24
	ActionType  : InitDevices
	MachineMode : Init
	MachineState: Active
	PLC Object  : FB_Diluter
	PLC Action  : A_Init
	PLC AState  : 1

20.05.2026 10:13:20 - 41986 - TimeoutWaitTargetReached
	Description : Internal error
	Time        : 10:13:21.51
	ActionType  : InitDevices
	MachineMode : Init
	MachineState: Active
	Object      : Gesim.GsCartridgeHolder(Stifthalter_auf_Pneu)
	PLC Object  : FB_MzTool
	PLC Action  : A_Init
	PLC AState  : 1

20.05.2026 10:17:21 - 50013 - Changed configuration
	Description : The current configuration has changed significantly. Some settings might have changed.
	Time        : 10:17:21.69

20.05.2026 10:25:43 - 41535 - Z-Sensor not calibrated
	Description : 
	Time        : 10:25:43.79
	ActionType  : Measure
	MachineMode : Manu
	MachineState: Active
	Object      : Gesim.GsZSensor(ZSensor)
	PLC Object  : FB_ComplexAction
	PLC Action  : A_MeasureTarget
	PLC AState  : 0

20.05.2026 11:23:17 - 16649 - Unexpected error
	Description : An unexpected error has occurred.
	Time        : 11:23:17.83
	ActionType  : Undefined
	MachineMode : Manu
	MachineState: Active
	PLC Object  : GCode
	PLC Action  : A_Start
	PLC AState  : 6

20.05.2026 15:31:49 - 16649 - Unexpected error
	Description : An unexpected error has occurred.
	Time        : 15:31:48.18
	ActionType  : Undefined
	MachineMode : Manu
	MachineState: Active
	PLC Object  : GCode
	PLC Action  : A_Load
	PLC AState  : 3

20.05.2026 15:32:00 - 16649 - Unexpected error
	Description : An unexpected error has occurred.
	Time        : 15:31:59.91
	ActionType  : Undefined
	MachineMode : Manu
	MachineState: Active
	PLC Object  : GCode
	PLC Action  : A_Load
	PLC AState  : 3

20.05.2026 15:34:40 - 16649 - Unexpected error
	Description : An unexpected error has occurred.
	Time        : 15:34:39.34
	ActionType  : Undefined
	MachineMode : Manu
	MachineState: Active
	PLC Object  : GCode
	PLC Action  : A_Load
	PLC AState  : 3

20.05.2026 15:40:42 - 16649 - Unexpected error
	Description : An unexpected error has occurred.
	Time        : 15:40:41.79
	ActionType  : Undefined
	MachineMode : Manu
	MachineState: Active
	PLC Object  : GCode
	PLC Action  : A_Load
	PLC AState  : 3

20.05.2026 15:41:56 - 16649 - Unexpected error
	Description : An unexpected error has occurred.
	Time        : 15:41:55.95
	ActionType  : Undefined
	MachineMode : Manu
	MachineState: Active
	PLC Object  : GCode
	PLC Action  : A_Load
	PLC AState  : 3

20.05.2026 15:44:30 - 16649 - Unexpected error
	Description : An unexpected error has occurred.
	Time        : 15:44:29.52
	ActionType  : Undefined
	MachineMode : Manu
	MachineState: Active
	PLC Object  : GCode
	PLC Action  : A_Load
	PLC AState  : 3

20.05.2026 15:46:22 - 16649 - Unexpected error
	Description : An unexpected error has occurred.
	Time        : 15:46:21.48
	ActionType  : Undefined
	MachineMode : Manu
	MachineState: Active
	PLC Object  : GCode
	PLC Action  : A_Load
	PLC AState  : 3

20.05.2026 15:50:09 - 16649 - Unexpected error
	Description : An unexpected error has occurred.
	Time        : 15:50:08.90
	ActionType  : Undefined
	MachineMode : Manu
	MachineState: Active
	PLC Object  : GCode
	PLC Action  : A_Load
	PLC AState  : 3

20.05.2026 16:01:33 - 16649 - Unexpected error
	Description : An unexpected error has occurred.
	Time        : 16:01:32.28
	ActionType  : Undefined
	MachineMode : Manu
	MachineState: Active
	PLC Object  : GCode
	PLC Action  : A_Start
	PLC AState  : 6

20.05.2026 16:03:33 - 16649 - Unexpected error
	Description : An unexpected error has occurred.
	Time        : 16:03:32.75
	ActionType  : Undefined
	MachineMode : Manu
	MachineState: Active
	PLC Object  : GCode
	PLC Action  : A_Start
	PLC AState  : 6

21.05.2026 08:31:37 - 41216 - Communication timeout
	Description : Communication timeout - diluter.
	Time        : 08:31:39.14
	ActionType  : InitDevices
	MachineMode : Init
	MachineState: Active
	PLC Object  : FB_Diluter
	PLC Action  : A_Init
	PLC AState  : 1

21.05.2026 08:49:32 - 50013 - Changed configuration
	Description : The current configuration has changed significantly. Some settings might have changed.
	Time        : 08:49:32.08

21.05.2026 08:50:36 - 41530 - Measure Z-distance exceeded
	Description : The tip measurement failed because there was no switching signal within the expected Z-distance.
	Time        : 08:50:38.49
	ActionType  : Measure
	MachineMode : Manu
	MachineState: Active
	Object      : Gesim.GsCartridgeDisp(Stifthalter_auf_Pneu)
	PLC Object  : FB_ComplexAction
	PLC Action  : A_MeasureTool
	PLC AState  : 4

21.05.2026 09:04:53 - 50013 - Changed configuration
	Description : The current configuration has changed significantly. Some settings might have changed.
	Time        : 09:04:53.24

21.05.2026 09:09:20 - 50013 - Changed configuration
	Description : The current configuration has changed significantly. Some settings might have changed.
	Time        : 09:09:20.53

21.05.2026 09:11:05 - 16649 - Unexpected error
	Description : An unexpected error has occurred.
	Time        : 09:11:06.57
	ActionType  : Undefined
	MachineMode : Manu
	MachineState: Active
	PLC Object  : GCode
	PLC Action  : A_Start
	PLC AState  : 6

21.05.2026 09:13:27 - 16649 - Unexpected error
	Description : An unexpected error has occurred.
	Time        : 09:13:29.47
	ActionType  : Undefined
	MachineMode : Manu
	MachineState: Active
	PLC Object  : GCode
	PLC Action  : A_Start
	PLC AState  : 6

21.05.2026 09:18:48 - 16649 - Unexpected error
	Description : An unexpected error has occurred.
	Time        : 09:18:49.48
	ActionType  : Undefined
	MachineMode : Manu
	MachineState: Active
	PLC Object  : GCode
	PLC Action  : A_Start
	PLC AState  : 6

21.05.2026 09:20:07 - 16649 - Unexpected error
	Description : An unexpected error has occurred.
	Time        : 09:20:08.68
	ActionType  : Undefined
	MachineMode : Manu
	MachineState: Active
	PLC Object  : GCode
	PLC Action  : A_Load
	PLC AState  : 3

21.05.2026 09:21:16 - 16649 - Unexpected error
	Description : An unexpected error has occurred.
	Time        : 09:21:17.46
	ActionType  : Undefined
	MachineMode : Manu
	MachineState: Active
	PLC Object  : GCode
	PLC Action  : A_Start
	PLC AState  : 6

21.05.2026 09:24:32 - 16649 - Unexpected error
	Description : An unexpected error has occurred.
	Time        : 09:24:34.08
	ActionType  : Undefined
	MachineMode : Manu
	MachineState: Active
	PLC Object  : GCode
	PLC Action  : A_Start
	PLC AState  : 6

21.05.2026 09:33:19 - 16649 - Unexpected error
	Description : An unexpected error has occurred.
	Time        : 09:33:20.55
	ActionType  : Undefined
	MachineMode : Manu
	MachineState: Active
	PLC Object  : GCode
	PLC Action  : A_Load
	PLC AState  : 3

21.05.2026 09:33:46 - 16649 - Unexpected error
	Description : An unexpected error has occurred.
	Time        : 09:33:48.13
	ActionType  : Undefined
	MachineMode : Manu
	MachineState: Active
	PLC Object  : GCode
	PLC Action  : A_Load
	PLC AState  : 3

21.05.2026 09:34:00 - 16649 - Unexpected error
	Description : An unexpected error has occurred.
	Time        : 09:34:01.97
	ActionType  : Undefined
	MachineMode : Manu
	MachineState: Active
	PLC Object  : GCode
	PLC Action  : A_Load
	PLC AState  : 3

21.05.2026 09:43:57 - 42243 - ZMoveOutsidePrintArea
	Description : 
	Time        : 09:43:58.55
	ActionType  : Undefined
	MachineMode : Manu
	MachineState: Active
	PLC Object  : GCode
	PLC Action  : A_Run
	PLC AState  : 20

22.05.2026 09:36:16 - 50013 - Changed configuration
	Description : The current configuration has changed significantly. Some settings might have changed.
	Time        : 09:36:16.43

26.05.2026 09:14:19 - 50013 - Changed configuration
	Description : The current configuration has changed significantly. Some settings might have changed.
	Time        : 09:14:19.19

26.05.2026 09:45:55 - 41623 - Calibration point has an offset
	Description : 
	Time        : 09:45:55.80
	Command     : EXECUTE_ACTION
	Object      : Gesim.GsZSensor(ZSensor)
	Action      : Calibrate Z-Sensor

26.05.2026 13:43:56 - 50017 - Could not edit configuration
	Description : The configuration could not be edited.
	Time        : 13:43:55.70
	Exception   : Gesim.ConfigException: Object: Point-Invalid mode
   bei Gesim.GsMachine.deleteGsObject(GsObject gsObject)
   bei Gesim.GsObject.Dispose(DeleteObjectDelegate delObjDelegate)
   bei Gesim.GsObject.Dispose(DeleteObjectDelegate delObjDelegate)
   bei Gesim.GsObjectDirectory.DeleteObject(GsObject gsObject)
   bei GesimRobotics.ViewModels.Objects.DisplayObject.delete()

27.05.2026 09:10:20 - 42250 - Scaffold Depth Exceeded
	Description : Tool cannot move to all needed print positions (Y).
	Time        : 09:10:22.15
	ActionType  : Undefined
	MachineMode : Manu
	MachineState: Active
	Object      : Gesim.GsCartridgeDisp(Stifthalter_auf_Pneu)
	PLC Object  : FB_HskMFunc
	PLC Action  : A_AssignRParamHeader
	PLC AState  : 2

27.05.2026 09:11:38 - 42250 - Scaffold Depth Exceeded
	Description : Tool cannot move to all needed print positions (Y).
	Time        : 09:11:40.48
	ActionType  : Undefined
	MachineMode : Manu
	MachineState: Active
	Object      : Gesim.GsCartridgeDisp(Stifthalter_auf_Pneu)
	PLC Object  : FB_HskMFunc
	PLC Action  : A_AssignRParamHeader
	PLC AState  : 2

27.05.2026 09:12:16 - 41530 - Measure Z-distance exceeded
	Description : The tip measurement failed because there was no switching signal within the expected Z-distance.
	Time        : 09:12:17.96
	ActionType  : Measure
	MachineMode : Manu
	MachineState: Active
	Object      : Gesim.GsCartridgeDisp(Stifthalter_auf_Pneu)
	PLC Object  : FB_ComplexAction
	PLC Action  : A_MeasureTool
	PLC AState  : 4

27.05.2026 11:23:50 - 50017 - Could not edit configuration
	Description : The configuration could not be edited.
	Time        : 11:23:50.79
	Exception   : Gesim.ConfigException: Object: Target_Slide_CameraDetection-Invalid mode
   bei Gesim.GsMachine.deleteGsObject(GsObject gsObject)
   bei Gesim.GsObject.Dispose(DeleteObjectDelegate delObjDelegate)
   bei Gesim.GsObjectDirectory.DeleteObject(GsObject gsObject)
   bei GesimRobotics.ViewModels.Objects.DisplayObject.delete()

27.05.2026 11:27:01 - 50017 - Could not edit configuration
	Description : The configuration could not be edited.
	Time        : 11:27:01.87
	Exception   : Gesim.ConfigException: Object: SpotArray-Invalid mode
   bei Gesim.GsMachine.createGsObject(GsObject gsObject)
   bei Gesim.GsObjectDirectory.pasteObject(GsObject gsObject, GsObject parent, GsSlot slot, Int32 index)
   bei GesimRobotics.ViewModels.Objects.DisplayObject.addChild(GsObject obj)

28.05.2026 08:52:46 - 50013 - Changed configuration
	Description : The current configuration has changed significantly. Some settings might have changed.
	Time        : 08:52:46.33

28.05.2026 10:04:49 - 41473 - Invalid mode
	Description : Command cannot be executed in this mode.
	Time        : 10:04:49.05
	Command     : EXECUTE_ACTION
	Object      : Gesim.GsRoot(BioScaffolder 5.3/E (SN2343))
	Action      : Park

28.05.2026 10:06:02 - 41473 - Invalid mode
	Description : Command cannot be executed in this mode.
	Time        : 10:06:02.49
	Command     : EXECUTE_ACTION
	Object      : Gesim.GsZSensor(ZSensor)
	Action      : Measure Target->ParentPointNew

28.05.2026 10:09:27 - 41473 - Invalid mode
	Description : Command cannot be executed in this mode.
	Time        : 10:09:27.95
	Command     : EXECUTE_ACTION
	Object      : Gesim.GsRoot(BioScaffolder 5.3/E (SN2343))
	Action      : Park

28.05.2026 10:12:50 - 41530 - Measure Z-distance exceeded
	Description : The tip measurement failed because there was no switching signal within the expected Z-distance.
	Time        : 10:12:52.13
	ActionType  : Measure
	MachineMode : Manu
	MachineState: Active
	Object      : Gesim.GsCartridgeDisp(Stifthalter_auf_Pneu)
	PLC Object  : FB_ComplexAction
	PLC Action  : A_MeasureTool
	PLC AState  : 4

28.05.2026 10:13:06 - 41530 - Measure Z-distance exceeded
	Description : The tip measurement failed because there was no switching signal within the expected Z-distance.
	Time        : 10:13:07.89
	ActionType  : Measure
	MachineMode : Manu
	MachineState: Active
	Object      : Gesim.GsCartridgeDisp(Stifthalter_auf_Pneu)
	PLC Object  : FB_ComplexAction
	PLC Action  : A_MeasureTool
	PLC AState  : 4

28.05.2026 15:47:32 - 50013 - Changed configuration
	Description : The current configuration has changed significantly. Some settings might have changed.
	Time        : 15:47:32.94

29.05.2026 08:55:38 - 41530 - Measure Z-distance exceeded
	Description : The tip measurement failed because there was no switching signal within the expected Z-distance.
	Time        : 08:55:38.67
	ActionType  : Measure
	MachineMode : Manu
	MachineState: Active
	Object      : Gesim.GsCartridgeDisp(Stifthalter_auf_Pneu)
	PLC Object  : FB_ComplexAction
	PLC Action  : A_MeasureTool
	PLC AState  : 4

29.05.2026 09:15:28 - 41530 - Measure Z-distance exceeded
	Description : The tip measurement failed because there was no switching signal within the expected Z-distance.
	Time        : 09:15:28.10
	ActionType  : Measure
	MachineMode : Manu
	MachineState: Active
	Object      : Gesim.GsCartridgeDisp(Stifthalter_auf_Pneu)
	PLC Object  : FB_ComplexAction
	PLC Action  : A_MeasureTool
	PLC AState  : 4

29.05.2026 09:16:42 - 41530 - Measure Z-distance exceeded
	Description : The tip measurement failed because there was no switching signal within the expected Z-distance.
	Time        : 09:16:42.34
	ActionType  : Measure
	MachineMode : Manu
	MachineState: Active
	Object      : Gesim.GsCartridgeDisp(Stifthalter_auf_Pneu)
	PLC Object  : FB_ComplexAction
	PLC Action  : A_MeasureTool
	PLC AState  : 4

29.05.2026 09:17:28 - 41530 - Measure Z-distance exceeded
	Description : The tip measurement failed because there was no switching signal within the expected Z-distance.
	Time        : 09:17:28.59
	ActionType  : Measure
	MachineMode : Manu
	MachineState: Active
	Object      : Gesim.GsCartridgeDisp(Stifthalter_auf_Pneu)
	PLC Object  : FB_ComplexAction
	PLC Action  : A_MeasureTool
	PLC AState  : 4

29.05.2026 09:23:03 - 41530 - Measure Z-distance exceeded
	Description : The tip measurement failed because there was no switching signal within the expected Z-distance.
	Time        : 09:23:03.30
	ActionType  : Measure
	MachineMode : Manu
	MachineState: Active
	Object      : Gesim.GsCartridgeDisp(Stifthalter_auf_Pneu)
	PLC Object  : FB_ComplexAction
	PLC Action  : A_MeasureTool
	PLC AState  : 4

29.05.2026 09:23:52 - 50013 - Changed configuration
	Description : The current configuration has changed significantly. Some settings might have changed.
	Time        : 09:23:52.02

29.05.2026 09:53:14 - 41567 - Target position out of range - Y
	Description : Tool cannot move to target.
	Time        : 09:53:14.83
	Command     : EXECUTE_ACTION
	Object      : Gesim.GsCartridgeDisp(Stifthalter_auf_Pneu)
	Action      : Move to Target->Point->Center

29.05.2026 09:53:25 - 41567 - Target position out of range - Y
	Description : Tool cannot move to target.
	Time        : 09:53:25.28
	Command     : EXECUTE_ACTION
	Object      : Gesim.GsCartridgeDisp(Stifthalter_auf_Pneu)
	Action      : Move to Target->Point->Center

29.05.2026 09:54:11 - 41570 - Risk of crash: Jog
	Description : Can not jog fast in this area.
	Time        : 09:54:11.70
	Command     : EXECUTE_ACTION
	Object      : Gesim.GsCartridgeDisp(Stifthalter_auf_Pneu)
	Action      : Jog

29.05.2026 10:05:07 - 50001 - Camera not found
	Description : The specified camera could not be found.
	Time        : 10:05:07.66
	Exception   : System.InvalidOperationException: Die Sequenz enthält kein übereinstimmendes Element.
   bei System.Linq.Enumerable.First[TSource](IEnumerable`1 source, Func`2 predicate)
   bei GesimRobotics.CameraOptions.GetCamera(String id)
   bei GesimRobotics.ViewModels.CameraControl..ctor(String id, CameraType type)

29.05.2026 10:15:55 -  1864 - ADS port not opened
	Description : Internal error
	Time        : 10:15:55.68
	Command     : EXECUTE_ACTION
	Object      : Gesim.GsCamera(Kamera_Objekterkennung_4K)
	Action      : Jog

29.05.2026 10:16:11 - 41473 - Invalid mode
	Description : Command cannot be executed in this mode.
	Time        : 10:16:11.41
	Command     : EXECUTE_ACTION
	Object      : Gesim.GsCamera(Kamera_Objekterkennung_4K)
	Action      : Jog

29.05.2026 10:16:20 - 41473 - Invalid mode
	Description : Command cannot be executed in this mode.
	Time        : 10:16:20.25
	Command     : EXECUTE_ACTION
	Object      : Gesim.GsCamera(Kamera_Objekterkennung_4K)
	Action      : Jog

29.05.2026 10:17:05 - 50001 - Camera not found
	Description : The specified camera could not be found.
	Time        : 10:17:05.24
	Exception   : System.InvalidOperationException: Die Sequenz enthält kein übereinstimmendes Element.
   bei System.Linq.Enumerable.First[TSource](IEnumerable`1 source, Func`2 predicate)
   bei GesimRobotics.CameraOptions.GetCamera(String id)
   bei GesimRobotics.ViewModels.CameraControl..ctor(String id, CameraType type)

29.05.2026 10:18:37 - 41530 - Measure Z-distance exceeded
	Description : The tip measurement failed because there was no switching signal within the expected Z-distance.
	Time        : 10:18:37.36
	ActionType  : Measure
	MachineMode : Manu
	MachineState: Active
	Object      : Gesim.GsCartridgeDisp(Stifthalter_auf_Pneu)
	PLC Object  : FB_ComplexAction
	PLC Action  : A_MeasureTool
	PLC AState  : 4

29.05.2026 10:19:17 - 41530 - Measure Z-distance exceeded
	Description : The tip measurement failed because there was no switching signal within the expected Z-distance.
	Time        : 10:19:17.09
	ActionType  : Measure
	MachineMode : Manu
	MachineState: Active
	Object      : Gesim.GsCartridgeDisp(Stifthalter_auf_Pneu)
	PLC Object  : FB_ComplexAction
	PLC Action  : A_MeasureTool
	PLC AState  : 4

29.05.2026 10:22:00 - 41530 - Measure Z-distance exceeded
	Description : The tip measurement failed because there was no switching signal within the expected Z-distance.
	Time        : 10:22:00.53
	ActionType  : Measure
	MachineMode : Manu
	MachineState: Active
	Object      : Gesim.GsCartridgeDisp(Stifthalter_auf_Pneu)
	PLC Object  : FB_ComplexAction
	PLC Action  : A_MeasureTool
	PLC AState  : 4

29.05.2026 10:22:33 - 41530 - Measure Z-distance exceeded
	Description : The tip measurement failed because there was no switching signal within the expected Z-distance.
	Time        : 10:22:33.03
	ActionType  : Measure
	MachineMode : Manu
	MachineState: Active
	Object      : Gesim.GsCartridgeDisp(Stifthalter_auf_Pneu)
	PLC Object  : FB_ComplexAction
	PLC Action  : A_MeasureTool
	PLC AState  : 4

29.05.2026 10:30:25 - 41569 - Risk of crash: Jog
	Description : Can not jog long distances in this area.
	Time        : 10:30:25.70
	Command     : EXECUTE_ACTION
	Object      : Gesim.GsCartridgeDisp(Stifthalter_auf_Pneu)
	Action      : Jog

29.05.2026 10:30:56 - 41569 - Risk of crash: Jog
	Description : Can not jog long distances in this area.
	Time        : 10:30:56.16
	Command     : EXECUTE_ACTION
	Object      : Gesim.GsCartridgeDisp(Stifthalter_auf_Pneu)
	Action      : Jog

29.05.2026 10:50:54 - 50013 - Changed configuration
	Description : The current configuration has changed significantly. Some settings might have changed.
	Time        : 10:50:54.30

29.05.2026 10:52:34 - 50013 - Changed configuration
	Description : The current configuration has changed significantly. Some settings might have changed.
	Time        : 10:52:34.03

29.05.2026 11:00:09 - 41530 - Measure Z-distance exceeded
	Description : The tip measurement failed because there was no switching signal within the expected Z-distance.
	Time        : 11:00:08.44
	ActionType  : Measure
	MachineMode : Manu
	MachineState: Active
	Object      : Gesim.GsCartridgeDisp(Stifthalter_auf_Pneu)
	PLC Object  : FB_ComplexAction
	PLC Action  : A_MeasureTool
	PLC AState  : 4

29.05.2026 11:29:59 - 41511 - Z-Sensor not mounted
	Description : A measurement was attempted without mounted Z-Sensor.
	Time        : 11:29:59.56
	Command     : EXECUTE_ACTION
	Object      : Gesim.GsZSensor(ZSensor)
	Action      : Measure Target->Point

01.06.2026 16:26:50 - 41530 - Measure Z-distance exceeded
	Description : The tip measurement failed because there was no switching signal within the expected Z-distance.
	Time        : 16:26:52.04
	ActionType  : Measure
	MachineMode : Manu
	MachineState: Active
	Object      : Gesim.GsCartridgeDisp(Stifthalter_auf_Pneu)
	PLC Object  : FB_ComplexAction
	PLC Action  : A_MeasureTool
	PLC AState  : 4

02.06.2026 11:02:43 - 41530 - Measure Z-distance exceeded
	Description : The tip measurement failed because there was no switching signal within the expected Z-distance.
	Time        : 11:02:46.61
	ActionType  : Measure
	MachineMode : Manu
	MachineState: Active
	Object      : Gesim.GsCartridgeDisp(Stifthalter_auf_Pneu)
	PLC Object  : FB_ComplexAction
	PLC Action  : A_MeasureTool
	PLC AState  : 4

02.06.2026 16:18:42 - 41530 - Measure Z-distance exceeded
	Description : The tip measurement failed because there was no switching signal within the expected Z-distance.
	Time        : 16:18:41.34
	ActionType  : Measure
	MachineMode : Manu
	MachineState: Active
	Object      : Gesim.GsCartridgeDisp(Stifthalter_auf_Pneu)
	PLC Object  : FB_ComplexAction
	PLC Action  : A_MeasureTool
	PLC AState  : 4

03.06.2026 15:53:30 - 42243 - ZMoveOutsidePrintArea
	Description : 
	Time        : 15:53:29.61
	ActionType  : Undefined
	MachineMode : Manu
	MachineState: Active
	PLC Object  : GCode
	PLC Action  : A_Run
	PLC AState  : 20

03.06.2026 16:09:40 - 42243 - ZMoveOutsidePrintArea
	Description : 
	Time        : 16:09:38.91
	ActionType  : Undefined
	MachineMode : Manu
	MachineState: Active
	PLC Object  : GCode
	PLC Action  : A_Run
	PLC AState  : 20

03.06.2026 16:10:28 - 42243 - ZMoveOutsidePrintArea
	Description : 
	Time        : 16:10:26.57
	ActionType  : Undefined
	MachineMode : Manu
	MachineState: Active
	PLC Object  : GCode
	PLC Action  : A_Run
	PLC AState  : 20

03.06.2026 16:11:09 - 42243 - ZMoveOutsidePrintArea
	Description : 
	Time        : 16:11:08.79
	ActionType  : Undefined
	MachineMode : Manu
	MachineState: Active
	PLC Object  : GCode
	PLC Action  : A_Run
	PLC AState  : 20

03.06.2026 16:12:16 - 42243 - ZMoveOutsidePrintArea
	Description : 
	Time        : 16:12:15.46
	ActionType  : Undefined
	MachineMode : Manu
	MachineState: Active
	PLC Object  : GCode
	PLC Action  : A_Run
	PLC AState  : 20

03.06.2026 16:12:42 - 42243 - ZMoveOutsidePrintArea
	Description : 
	Time        : 16:12:40.54
	ActionType  : Undefined
	MachineMode : Manu
	MachineState: Active
	PLC Object  : GCode
	PLC Action  : A_Run
	PLC AState  : 20

03.06.2026 16:13:13 - 42243 - ZMoveOutsidePrintArea
	Description : 
	Time        : 16:13:12.59
	ActionType  : Undefined
	MachineMode : Manu
	MachineState: Active
	PLC Object  : GCode
	PLC Action  : A_Run
	PLC AState  : 20

03.06.2026 16:13:58 - 42243 - ZMoveOutsidePrintArea
	Description : 
	Time        : 16:13:56.73
	ActionType  : Undefined
	MachineMode : Manu
	MachineState: Active
	PLC Object  : GCode
	PLC Action  : A_Run
	PLC AState  : 20

03.06.2026 16:22:13 - 42243 - ZMoveOutsidePrintArea
	Description : 
	Time        : 16:22:12.36
	ActionType  : Undefined
	MachineMode : Manu
	MachineState: Active
	PLC Object  : GCode
	PLC Action  : A_Run
	PLC AState  : 20

04.06.2026 09:00:14 - 41530 - Measure Z-distance exceeded
	Description : The tip measurement failed because there was no switching signal within the expected Z-distance.
	Time        : 09:00:14.89
	ActionType  : Measure
	MachineMode : Manu
	MachineState: Active
	Object      : Gesim.GsCartridgeDisp(Stifthalter_auf_Pneu)
	PLC Object  : FB_ComplexAction
	PLC Action  : A_MeasureTool
	PLC AState  : 4

05.06.2026 09:42:43 - 50001 - Camera not found
	Description : The specified camera could not be found.
	Time        : 09:42:43.04
	Exception   : System.InvalidOperationException: Die Sequenz enthält kein übereinstimmendes Element.
   bei System.Linq.Enumerable.First[TSource](IEnumerable`1 source, Func`2 predicate)
   bei GesimRobotics.CameraOptions.GetCamera(String id)
   bei GesimRobotics.ViewModels.CameraControl..ctor(String id, CameraType type)

05.06.2026 09:47:53 - 50001 - Camera not found
	Description : The specified camera could not be found.
	Time        : 09:47:53.61
	Exception   : System.InvalidOperationException: Die Sequenz enthält kein übereinstimmendes Element.
   bei System.Linq.Enumerable.First[TSource](IEnumerable`1 source, Func`2 predicate)
   bei GesimRobotics.CameraOptions.GetCamera(String id)
   bei GesimRobotics.ViewModels.CameraControl..ctor(String id, CameraType type)

05.06.2026 10:08:13 - 50003 - Camera connection lost
	Description : The connection to the camera has been lost.
	Time        : 10:08:13.81

