09.01.2023 20:58:35 - 41535 - Z-Sensor not calibrated
	Description : 
	Time        : 21:00:55.91
	ActionType  : Measure
	MachineMode : Manu
	MachineState: Active
	Object      : Gesim.GsZSensor(ZSensor)
	PLC Object  : FB_ComplexAction
	PLC Action  : A_MeasureTarget
	PLC AState  : 0

09.01.2023 21:00:10 - 41734 - Low position accuracy
	Description : Target not reached with required accuracy but motor has stopped - Internal error (7)
	Time        : 21:02:31.42
	ActionType  : MoveZ
	MachineMode : Manu
	MachineState: Active
	Object      : Gesim.GsStampSupport(StampSupport_Gen1)
	PLC Object  : FB_MzTool
	PLC Action  : A_MoveZ
	PLC AState  : 0

09.01.2023 21:00:10 - 41734 - Low position accuracy
	Description : Target not reached with required accuracy but motor has stopped - Internal error (7)
	Time        : 21:02:31.43
	ActionType  : ExchangePiece
	MachineMode : Manu
	MachineState: Active
	Object      : Gesim.GsStampSupport(StampSupport_Gen1)
	PLC Object  : FB_ComplexAction
	PLC Action  : A_ExchangeStamp
	PLC AState  : 7

09.01.2023 21:00:43 - 41519 - Timeout
	Description : Internal error
	Time        : 21:03:04.32
	ActionType  : InitDevices
	MachineMode : Init
	MachineState: Active
	Object      : Gesim.GsStampSupport(StampSupport_Gen1)
	PLC Object  : FB_StampSupport
	PLC Action  : A_InitSpec
	PLC AState  : 2

09.01.2023 21:06:40 - 41613 - PressureSupply
	Description : 
	Time        : 21:09:01.47
	ActionType  : Undefined
	MachineMode : Manu
	MachineState: Active
	Object      : Gesim.GsCartridgeDisp(Cartridge Dispenser (10ml))
	PLC Object  : FB_HskMFunc
	PLC Action  : A_SetPrintParams
	PLC AState  : 0

12.01.2023 16:57:56 - 41734 - Low position accuracy
	Description : Target not reached with required accuracy but motor has stopped - Internal error (7)
	Time        : 17:00:29.68
	ActionType  : MoveZ
	MachineMode : Manu
	MachineState: Active
	Object      : Gesim.GsStampSupport(StampSupport_Gen1)
	PLC Object  : FB_MzTool
	PLC Action  : A_MoveZ
	PLC AState  : 0

12.01.2023 16:57:57 - 41734 - Low position accuracy
	Description : Target not reached with required accuracy but motor has stopped - Internal error (7)
	Time        : 17:00:29.69
	ActionType  : MoveToTarget
	MachineMode : Manu
	MachineState: Active
	PLC Object  : FB_ComplexAction
	PLC Action  : A_MoveToTarget
	PLC AState  : 0

12.01.2023 16:58:45 - 41734 - Low position accuracy
	Description : Target not reached with required accuracy but motor has stopped - Internal error (7)
	Time        : 17:01:17.90
	ActionType  : MoveZ
	MachineMode : Manu
	MachineState: Active
	Object      : Gesim.GsStampSupport(StampSupport_Gen1)
	PLC Object  : FB_MzTool
	PLC Action  : A_MoveZ
	PLC AState  : 0

12.01.2023 16:58:45 - 41734 - Low position accuracy
	Description : Target not reached with required accuracy but motor has stopped - Internal error (7)
	Time        : 17:01:17.91
	ActionType  : MoveToTarget
	MachineMode : Manu
	MachineState: Active
	PLC Object  : FB_ComplexAction
	PLC Action  : A_MoveToTarget
	PLC AState  : 0

12.01.2023 17:00:15 - 41749 - FollowingErrorZAxis
	Description : 
	Time        : 17:02:48.51
	ActionType  : Jog
	MachineMode : Manu
	MachineState: Active
	Object      : Gesim.GsStampSupport(StampSupport_Gen1)
	PLC Object  : FB_MzTool
	PLC Action  : A_JogZ
	PLC AState  : 80

12.01.2023 17:04:55 - 41749 - FollowingErrorZAxis
	Description : 
	Time        : 17:07:28.60
	ActionType  : MoveZ
	MachineMode : Manu
	MachineState: Active
	Object      : Gesim.GsStampSupport(StampSupport_Gen1)
	PLC Object  : FB_MzTool
	PLC Action  : A_MoveZ
	PLC AState  : 0

12.01.2023 17:06:19 - 41749 - FollowingErrorZAxis
	Description : 
	Time        : 17:08:52.31
	ActionType  : MoveZ
	MachineMode : Manu
	MachineState: Active
	Object      : Gesim.GsStampSupport(StampSupport_Gen1)
	PLC Object  : FB_MzTool
	PLC Action  : A_MoveZ
	PLC AState  : 0

12.01.2023 17:06:29 - 41491 - Device not initialized
	Description : 
	Time        : 17:06:29.58
	Command     : EXECUTE_ACTION
	Object      : Gesim.GsStampSupport(StampSupport_Gen1)
	Action      : Move Z->Home

12.01.2023 17:07:29 - 41749 - FollowingErrorZAxis
	Description : 
	Time        : 17:10:02.53
	ActionType  : MoveZ
	MachineMode : Manu
	MachineState: Active
	Object      : Gesim.GsStampSupport(StampSupport_Gen1)
	PLC Object  : FB_MzTool
	PLC Action  : A_MoveZ
	PLC AState  : 0

12.01.2023 17:12:00 - 41747 - Z-Sensor switch not found
	Description : Measurement: switching point not reached - Internal error (20)
	Time        : 17:14:32.86
	ActionType  : MoveZ
	MachineMode : Manu
	MachineState: Active
	Object      : Gesim.GsZSensor(ZSensor)
	PLC Object  : FB_MzTool
	PLC Action  : A_MoveZ
	PLC AState  : 0

12.01.2023 17:12:00 - 41747 - Z-Sensor switch not found
	Description : Measurement: switching point not reached - Internal error (20)
	Time        : 17:14:32.87
	ActionType  : CalibrateZSensor
	MachineMode : Manu
	MachineState: Active
	Object      : Gesim.GsZSensor(ZSensor)
	PLC Object  : FB_ComplexAction
	PLC Action  : A_CalibrateZSensor
	PLC AState  : 3

12.01.2023 17:17:17 - 41525 - System fluid bottle empty
	Description : 
	Time        : 17:17:17.62
	Command     : EXECUTE_ACTION
	Object      : Gesim.GsDiluter(Diluter 3-Way)
	Action      : DilPrepare->ForAspirate->50 µl

12.01.2023 17:17:39 - 41613 - PressureSupply
	Description : 
	Time        : 17:20:12.50
	ActionType  : Undefined
	MachineMode : Manu
	MachineState: Active
	Object      : Gesim.GsCartridgeDisp(Cartridge Dispenser (10ml))
	PLC Object  : FB_HskMFunc
	PLC Action  : A_SetPrintParams
	PLC AState  : 0

12.01.2023 17:20:00 - 41473 - Invalid mode
	Description : Command cannot be executed in this mode.
	Time        : 17:20:00.17
	Command     : EXECUTE_ACTION
	Object      : Gesim.GsCartridgeDisp(Cartridge Dispenser (10ml))
	Action      : Jog

24.02.2023 13:16:28 - 41474 - Mode change impossible
	Description : Mode can only be changed in state "idle".
	Time        : 13:16:28.81
	Command     : CHANGE_MODE

24.02.2023 13:21:27 - 41474 - Mode change impossible
	Description : Mode can only be changed in state "idle".
	Time        : 13:21:27.27
	Command     : CHANGE_MODE

24.02.2023 13:21:39 - 50000 - Internal Error
	Description : 
	Time        : 13:21:39.28
	Location    : GsMachine.GsPlcControl_ObjectWasMovedWithinOD 1

24.02.2023 13:21:46 -  1861 - Timeout elapsed
	Description : Internal error due to slow/missing communication.
	Time        : 13:21:46.34
	Command     : RESET_ERROR

24.02.2023 13:21:46 - 50000 - Internal Error
	Description : 
	Time        : 13:21:46.34
	Location    : GsMachine.GsPlcControl_ObjectWasMovedWithinOD 2

24.02.2023 13:22:00 - 41730 - Limit switch failed
	Description : Limit switch defect - Internal error (3)
	Time        : 13:27:33.26
	ActionType  : InitDevices
	MachineMode : Init
	MachineState: Active
	Object      : Gesim.GsStampSupport(StampSupport_Gen1)
	PLC Object  : FB_MzTool
	PLC Action  : A_Init
	PLC AState  : 1

24.02.2023 13:22:00 - 41730 - Limit switch failed
	Description : Limit switch defect - Internal error (3)
	Time        : 13:27:33.26
	ActionType  : InitDevices
	MachineMode : Init
	MachineState: Active
	Object      : Gesim.GsStampSupport(StampSupport_Gen1)
	PLC Object  : FB_MzTool
	PLC Action  : A_Init
	PLC AState  : 1

24.02.2023 13:23:12 - 41556 - Head not in free Z-pos.
	Description : 
	Time        : 13:28:44.51
	ActionType  : InitDevices
	MachineMode : Init
	MachineState: Active
	Object      : Gesim.GsHead(Head)
	PLC Object  : FB_MzHead
	PLC Action  : A_Init
	PLC AState  : 3

24.02.2023 13:23:12 - 41556 - Head not in free Z-pos.
	Description : 
	Time        : 13:28:44.51
	ActionType  : InitDevices
	MachineMode : Init
	MachineState: Active
	Object      : Gesim.GsHead(Head)
	PLC Object  : FB_MzHead
	PLC Action  : A_Init
	PLC AState  : 3

24.02.2023 13:23:46 - 41556 - Head not in free Z-pos.
	Description : 
	Time        : 13:29:18.69
	ActionType  : InitDevices
	MachineMode : Init
	MachineState: Active
	Object      : Gesim.GsHead(Head)
	PLC Object  : FB_MzHead
	PLC Action  : A_Init
	PLC AState  : 3

24.02.2023 13:23:46 - 41556 - Head not in free Z-pos.
	Description : 
	Time        : 13:29:18.69
	ActionType  : InitDevices
	MachineMode : Init
	MachineState: Active
	Object      : Gesim.GsHead(Head)
	PLC Object  : FB_MzHead
	PLC Action  : A_Init
	PLC AState  : 3

24.02.2023 13:25:22 - 41730 - Limit switch failed
	Description : Limit switch defect - Internal error (3)
	Time        : 13:30:54.42
	ActionType  : InitDevices
	MachineMode : Init
	MachineState: Active
	Object      : Gesim.GsHead(Head)
	PLC Object  : FB_MzHead
	PLC Action  : A_Init
	PLC AState  : 2

24.02.2023 13:26:38 - 41749 - FollowingErrorZAxis
	Description : 
	Time        : 13:32:10.73
	ActionType  : InitDevices
	MachineMode : Init
	MachineState: Active
	Object      : Gesim.GsHead(Head)
	PLC Object  : FB_MzHead
	PLC Action  : A_Init
	PLC AState  : 2

24.02.2023 13:32:55 - 50005 - Connection error
	Description : The connection to the device could not be established.
	Time        : 13:32:55.30
	Exception   : System.InvalidOperationException: This BackgroundWorker is currently busy and cannot run multiple tasks concurrently.
   at Gesim.GsMachine.Connect(String routeName, Boolean record, Boolean withoutActivation)
   at GesimRobotics.ViewModels.Dialogs.DebugMenuDialog.connect()

24.02.2023 13:36:10 - 41727 - UnknownMzError
	Description : 
	Time        : 13:41:42.69
	ActionType  : InitDevices
	MachineMode : Init
	MachineState: Active
	Object      : Gesim.GsHead(Head)
	PLC Object  : FB_MzHead
	PLC Action  : A_Init
	PLC AState  : 2

24.02.2023 13:38:13 - 41519 - Timeout
	Description : Internal error
	Time        : 13:43:46.06
	ActionType  : InitDevices
	MachineMode : Init
	MachineState: Active
	Object      : Gesim.GsStampSupport(StampSupport_Gen1)
	PLC Object  : FB_StampSupport
	PLC Action  : A_InitSpec
	PLC AState  : 2

24.02.2023 13:38:27 - 41730 - Limit switch failed
	Description : Limit switch defect - Internal error (3)
	Time        : 13:44:00.14
	ActionType  : InitDevices
	MachineMode : Init
	MachineState: Active
	Object      : Gesim.GsStampSupport(StampSupport_Gen1)
	PLC Object  : FB_MzTool
	PLC Action  : A_Init
	PLC AState  : 1

24.02.2023 13:39:33 - 41556 - Head not in free Z-pos.
	Description : 
	Time        : 13:45:06.94
	ActionType  : InitDevices
	MachineMode : Init
	MachineState: Active
	Object      : Gesim.GsHead(Head)
	PLC Object  : FB_MzHead
	PLC Action  : A_Init
	PLC AState  : 3

24.02.2023 13:41:37 - 41519 - Timeout
	Description : Internal error
	Time        : 13:47:10.43
	ActionType  : InitDevices
	MachineMode : Init
	MachineState: Active
	Object      : Gesim.GsStampSupport(StampSupport_Gen1)
	PLC Object  : FB_StampSupport
	PLC Action  : A_InitSpec
	PLC AState  : 2

24.02.2023 13:42:02 - 41519 - Timeout
	Description : Internal error
	Time        : 13:47:35.49
	ActionType  : InitDevices
	MachineMode : Init
	MachineState: Active
	Object      : Gesim.GsStampSupport(StampSupport_Gen1)
	PLC Object  : FB_StampSupport
	PLC Action  : A_InitSpec
	PLC AState  : 2

24.02.2023 13:47:08 -  1864 - ADS port not opened
	Description : Internal error
	Time        : 13:47:08.03
	Command     : INTERACT_RESPONSE

28.02.2023 07:53:16 - 41730 - Limit switch failed
	Description : Limit switch defect - Internal error (3)
	Time        : 07:59:06.61
	ActionType  : InitDevices
	MachineMode : Init
	MachineState: Active
	Object      : Gesim.GsStampSupport(StampSupport_Gen1)
	PLC Object  : FB_MzTool
	PLC Action  : A_Init
	PLC AState  : 1

28.02.2023 07:54:07 - 41556 - Head not in free Z-pos.
	Description : 
	Time        : 07:59:57.55
	ActionType  : InitDevices
	MachineMode : Init
	MachineState: Active
	Object      : Gesim.GsHead(Head)
	PLC Object  : FB_MzHead
	PLC Action  : A_Init
	PLC AState  : 3

28.02.2023 08:00:15 - 41478 - Invalid state
	Description : Command can not be executed in this state.
	Time        : 08:00:15.55
	Command     : SETUP_AXIS

28.02.2023 08:05:50 - 41730 - Limit switch failed
	Description : Limit switch defect - Internal error (3)
	Time        : 08:11:40.74
	ActionType  : InitDevices
	MachineMode : Init
	MachineState: Active
	Object      : Gesim.GsStampSupport(StampSupport_Gen1)
	PLC Object  : FB_MzTool
	PLC Action  : A_Init
	PLC AState  : 1

28.02.2023 08:07:51 - 41503 - Configuration not activated
	Description : 
	Time        : 08:07:51.30
	Command     : CHANGE_MODE

28.02.2023 08:08:15 - 41730 - Limit switch failed
	Description : Limit switch defect - Internal error (3)
	Time        : 08:14:05.98
	ActionType  : InitDevices
	MachineMode : Init
	MachineState: Active
	Object      : Gesim.GsStampSupport(StampSupport_Gen1)
	PLC Object  : FB_MzTool
	PLC Action  : A_Init
	PLC AState  : 1

28.02.2023 08:15:16 - 41730 - Limit switch failed
	Description : Limit switch defect - Internal error (3)
	Time        : 08:21:07.22
	ActionType  : InitDevices
	MachineMode : Init
	MachineState: Active
	Object      : Gesim.GsStampSupport(StampSupport_Gen1)
	PLC Object  : FB_MzTool
	PLC Action  : A_Init
	PLC AState  : 1

01.03.2023 12:39:31 - 50000 - Internal Error
	Description : 
	Time        : 12:39:31.36
	Location    : GsMachine.GsPlcControl_ObjectWasMovedWithinOD 1

01.03.2023 12:39:38 -  1861 - Timeout elapsed
	Description : Internal error due to slow/missing communication.
	Time        : 12:39:38.00
	Command     : RESET_ERROR

01.03.2023 12:39:38 - 50000 - Internal Error
	Description : 
	Time        : 12:39:38.00
	Location    : GsMachine.GsPlcControl_ObjectWasMovedWithinOD 2

01.03.2023 12:39:51 - 50000 - Internal Error
	Description : 
	Time        : 12:39:51.91
	Location    : GsMachine.GsPlcControl_ObjectWasMovedWithinOD 1

01.03.2023 12:39:58 -  1861 - Timeout elapsed
	Description : Internal error due to slow/missing communication.
	Time        : 12:39:58.05
	Command     : RESET_ERROR

01.03.2023 12:39:58 - 50000 - Internal Error
	Description : 
	Time        : 12:39:58.05
	Location    : GsMachine.GsPlcControl_ObjectWasMovedWithinOD 2

01.03.2023 12:40:02 - 50000 - Internal Error
	Description : 
	Time        : 12:40:02.67
	Location    : GsMachine.GsPlcControl_ObjectWasMovedWithinOD 1

01.03.2023 12:40:02 - 50000 - Internal Error
	Description : 
	Time        : 12:40:02.67
	Location    : GsMachine.GsPlcControl_ObjectWasMovedWithinOD 2

01.03.2023 12:44:52 - 50000 - Internal Error
	Description : 
	Time        : 12:44:52.07
	Location    : GsMachine.GsPlcControl_ObjectWasMovedWithinOD 1

01.03.2023 12:44:58 -  1861 - Timeout elapsed
	Description : Internal error due to slow/missing communication.
	Time        : 12:44:58.19
	Command     : RESET_ERROR

01.03.2023 12:44:58 - 50000 - Internal Error
	Description : 
	Time        : 12:44:58.19
	Location    : GsMachine.GsPlcControl_ObjectWasMovedWithinOD 2

01.03.2023 12:45:05 - 50000 - Internal Error
	Description : 
	Time        : 12:45:05.06
	Location    : GsMachine.GsPlcControl_ObjectWasMovedWithinOD 1

01.03.2023 12:45:06 - 50000 - Internal Error
	Description : 
	Time        : 12:45:06.29
	Location    : GsMachine.GsPlcControl_ObjectWasMovedWithinOD 2

01.03.2023 12:51:35 - 50000 - Internal Error
	Description : 
	Time        : 12:51:35.22
	Location    : GsMachine.GsPlcControl_ObjectWasMovedWithinOD 1

01.03.2023 12:51:39 - 50000 - Internal Error
	Description : 
	Time        : 12:51:39.96
	Location    : GsMachine.GsPlcControl_ObjectWasMovedWithinOD 2

02.03.2023 10:10:13 - 41519 - Timeout
	Description : Internal error
	Time        : 10:16:10.86
	ActionType  : InitDevices
	MachineMode : Init
	MachineState: Active
	Object      : Gesim.GsStampSupport(StampSupport_Gen1)
	PLC Object  : FB_StampSupport
	PLC Action  : A_InitSpec
	PLC AState  : 2

02.03.2023 10:10:35 - 41519 - Timeout
	Description : Internal error
	Time        : 10:16:33.37
	ActionType  : InitDevices
	MachineMode : Init
	MachineState: Active
	Object      : Gesim.GsStampSupport(StampSupport_Gen1)
	PLC Object  : FB_StampSupport
	PLC Action  : A_InitSpec
	PLC AState  : 2

02.03.2023 10:10:59 - 41519 - Timeout
	Description : Internal error
	Time        : 10:16:57.44
	ActionType  : InitDevices
	MachineMode : Init
	MachineState: Active
	Object      : Gesim.GsStampSupport(StampSupport_Gen1)
	PLC Object  : FB_StampSupport
	PLC Action  : A_InitSpec
	PLC AState  : 2

02.03.2023 10:11:49 - 41519 - Timeout
	Description : Internal error
	Time        : 10:16:57.44
	ActionType  : InitDevices
	MachineMode : Init
	MachineState: Active
	Object      : Gesim.GsStampSupport(StampSupport_Gen1)
	PLC Object  : FB_StampSupport
	PLC Action  : A_InitSpec
	PLC AState  : 2

02.03.2023 10:18:45 - 41568 - Target position out of range - Z
	Description : Tool cannot move to target.
	Time        : 10:24:42.99
	ActionType  : MoveZ
	MachineMode : Manu
	MachineState: Active
	Object      : Gesim.GsStampSupport(StampSupport_Gen1)
	PLC Object  : FB_MzTool
	PLC Action  : A_MoveZ
	PLC AState  : 0

02.03.2023 10:18:45 - 41568 - Target position out of range - Z
	Description : Tool cannot move to target.
	Time        : 10:24:43.00
	ActionType  : ExchangePiece
	MachineMode : Manu
	MachineState: Active
	Object      : Gesim.GsStampSupport(StampSupport_Gen1)
	PLC Object  : FB_ComplexAction
	PLC Action  : A_ExchangeStamp
	PLC AState  : 2

02.03.2023 10:18:51 - 41568 - Target position out of range - Z
	Description : Tool cannot move to target.
	Time        : 10:24:49.11
	ActionType  : MoveZ
	MachineMode : Manu
	MachineState: Active
	Object      : Gesim.GsStampSupport(StampSupport_Gen1)
	PLC Object  : FB_MzTool
	PLC Action  : A_MoveZ
	PLC AState  : 0

02.03.2023 10:18:51 - 41568 - Target position out of range - Z
	Description : Tool cannot move to target.
	Time        : 10:24:49.12
	ActionType  : ExchangePiece
	MachineMode : Manu
	MachineState: Active
	Object      : Gesim.GsStampSupport(StampSupport_Gen1)
	PLC Object  : FB_ComplexAction
	PLC Action  : A_ExchangeStamp
	PLC AState  : 2

02.03.2023 10:21:13 - 41568 - Target position out of range - Z
	Description : Tool cannot move to target.
	Time        : 10:27:11.57
	ActionType  : MoveZ
	MachineMode : Manu
	MachineState: Active
	Object      : Gesim.GsStampSupport(StampSupport_Gen1)
	PLC Object  : FB_MzTool
	PLC Action  : A_MoveZ
	PLC AState  : 0

02.03.2023 10:21:14 - 41568 - Target position out of range - Z
	Description : Tool cannot move to target.
	Time        : 10:27:11.58
	ActionType  : MoveToTarget
	MachineMode : Manu
	MachineState: Active
	Object      : Gesim.GsStampSupport(StampSupport_Gen1)
	PLC Object  : FB_ComplexAction
	PLC Action  : A_MoveToTarget
	PLC AState  : 0

02.03.2023 10:21:20 - 41568 - Target position out of range - Z
	Description : Tool cannot move to target.
	Time        : 10:27:17.85
	ActionType  : MoveZ
	MachineMode : Manu
	MachineState: Active
	Object      : Gesim.GsStampSupport(StampSupport_Gen1)
	PLC Object  : FB_MzTool
	PLC Action  : A_MoveZ
	PLC AState  : 0

02.03.2023 10:21:20 - 41568 - Target position out of range - Z
	Description : Tool cannot move to target.
	Time        : 10:27:17.86
	ActionType  : MoveToTarget
	MachineMode : Manu
	MachineState: Active
	Object      : Gesim.GsStampSupport(StampSupport_Gen1)
	PLC Object  : FB_ComplexAction
	PLC Action  : A_MoveToTarget
	PLC AState  : 0

02.03.2023 10:21:25 - 41568 - Target position out of range - Z
	Description : Tool cannot move to target.
	Time        : 10:27:23.10
	ActionType  : MoveZ
	MachineMode : Manu
	MachineState: Active
	Object      : Gesim.GsStampSupport(StampSupport_Gen1)
	PLC Object  : FB_MzTool
	PLC Action  : A_MoveZ
	PLC AState  : 0

02.03.2023 10:21:25 - 41568 - Target position out of range - Z
	Description : Tool cannot move to target.
	Time        : 10:27:23.11
	ActionType  : MoveToTarget
	MachineMode : Manu
	MachineState: Active
	Object      : Gesim.GsStampSupport(StampSupport_Gen1)
	PLC Object  : FB_ComplexAction
	PLC Action  : A_MoveToTarget
	PLC AState  : 0

02.03.2023 10:21:48 - 41570 - Risk of crash: Jog
	Description : Can not jog fast in this area.
	Time        : 10:21:48.71
	Command     : EXECUTE_ACTION
	Object      : Gesim.GsStampSupport(StampSupport_Gen1)
	Action      : Jog

02.03.2023 10:22:01 - 41570 - Risk of crash: Jog
	Description : Can not jog fast in this area.
	Time        : 10:22:01.68
	Command     : EXECUTE_ACTION
	Object      : Gesim.GsStampSupport(StampSupport_Gen1)
	Action      : Jog

02.03.2023 10:44:33 - 41734 - Low position accuracy
	Description : Target not reached with required accuracy but motor has stopped - Internal error (7)
	Time        : 10:50:30.79
	ActionType  : MoveZ
	MachineMode : Manu
	MachineState: Active
	Object      : Gesim.GsStampSupport(StampSupport_Gen1)
	PLC Object  : FB_MzTool
	PLC Action  : A_MoveZ
	PLC AState  : 0

02.03.2023 10:44:33 - 41734 - Low position accuracy
	Description : Target not reached with required accuracy but motor has stopped - Internal error (7)
	Time        : 10:50:30.80
	ActionType  : ExchangePiece
	MachineMode : Manu
	MachineState: Active
	Object      : Gesim.GsStampSupport(StampSupport_Gen1)
	PLC Object  : FB_ComplexAction
	PLC Action  : A_ExchangeStamp
	PLC AState  : 5

02.03.2023 10:45:08 - 41473 - Invalid mode
	Description : Command cannot be executed in this mode.
	Time        : 10:45:08.59
	Command     : EXECUTE_ACTION
	Object      : Gesim.GsStampSupport(StampSupport_Gen1)
	Action      : Jog

02.03.2023 10:45:08 - 41473 - Invalid mode
	Description : Command cannot be executed in this mode.
	Time        : 10:45:08.60
	Command     : EXECUTE_ACTION
	Object      : Gesim.GsStampSupport(StampSupport_Gen1)
	Action      : Jog

02.03.2023 10:45:08 - 41519 - Timeout
	Description : Internal error
	Time        : 10:51:06.24
	ActionType  : InitDevices
	MachineMode : Init
	MachineState: Active
	Object      : Gesim.GsStampSupport(StampSupport_Gen1)
	PLC Object  : FB_StampSupport
	PLC Action  : A_InitSpec
	PLC AState  : 2

02.03.2023 10:47:35 - 41539 - Piece already in slot
	Description : 
	Time        : 10:53:33.39
	ActionType  : ExchangePiece
	MachineMode : Manu
	MachineState: Active
	Object      : Gesim.GsStampSupport(StampSupport_Gen1)
	PLC Object  : FB_ComplexAction
	PLC Action  : A_ExchangeStamp
	PLC AState  : 3

02.03.2023 12:52:47 - 41539 - Piece already in slot
	Description : 
	Time        : 12:58:44.16
	ActionType  : ExchangePiece
	MachineMode : Manu
	MachineState: Active
	Object      : Gesim.GsStampSupport(StampSupport_Gen1)
	PLC Object  : FB_ComplexAction
	PLC Action  : A_ExchangeStamp
	PLC AState  : 3

02.03.2023 12:53:14 - 41539 - Piece already in slot
	Description : 
	Time        : 12:59:11.66
	ActionType  : ExchangePiece
	MachineMode : Manu
	MachineState: Active
	Object      : Gesim.GsStampSupport(StampSupport_Gen1)
	PLC Object  : FB_ComplexAction
	PLC Action  : A_ExchangeStamp
	PLC AState  : 3

02.03.2023 12:53:33 - 41539 - Piece already in slot
	Description : 
	Time        : 12:59:29.95
	ActionType  : ExchangePiece
	MachineMode : Manu
	MachineState: Active
	Object      : Gesim.GsStampSupport(StampSupport_Gen1)
	PLC Object  : FB_ComplexAction
	PLC Action  : A_ExchangeStamp
	PLC AState  : 3

02.03.2023 12:53:53 - 41539 - Piece already in slot
	Description : 
	Time        : 12:59:50.24
	ActionType  : ExchangePiece
	MachineMode : Manu
	MachineState: Active
	Object      : Gesim.GsStampSupport(StampSupport_Gen1)
	PLC Object  : FB_ComplexAction
	PLC Action  : A_ExchangeStamp
	PLC AState  : 3

02.03.2023 12:54:47 - 41519 - Timeout
	Description : Internal error
	Time        : 13:00:43.88
	ActionType  : InitDevices
	MachineMode : Init
	MachineState: Active
	Object      : Gesim.GsStampSupport(StampSupport_Gen1)
	PLC Object  : FB_StampSupport
	PLC Action  : A_InitSpec
	PLC AState  : 2

02.03.2023 12:55:05 - 41519 - Timeout
	Description : Internal error
	Time        : 13:01:02.70
	ActionType  : InitDevices
	MachineMode : Init
	MachineState: Active
	Object      : Gesim.GsStampSupport(StampSupport_Gen1)
	PLC Object  : FB_StampSupport
	PLC Action  : A_InitSpec
	PLC AState  : 2

02.03.2023 12:56:22 - 41519 - Timeout
	Description : Internal error
	Time        : 13:02:19.20
	ActionType  : InitDevices
	MachineMode : Init
	MachineState: Active
	Object      : Gesim.GsStampSupport(StampSupport_Gen1)
	PLC Object  : FB_StampSupport
	PLC Action  : A_InitSpec
	PLC AState  : 2

02.03.2023 12:57:48 - 41539 - Piece already in slot
	Description : 
	Time        : 13:03:45.27
	ActionType  : ExchangePiece
	MachineMode : Manu
	MachineState: Active
	Object      : Gesim.GsStampSupport(StampSupport_Gen1)
	PLC Object  : FB_ComplexAction
	PLC Action  : A_ExchangeStamp
	PLC AState  : 3

02.03.2023 12:58:24 - 41539 - Piece already in slot
	Description : 
	Time        : 13:04:21.06
	ActionType  : ExchangePiece
	MachineMode : Manu
	MachineState: Active
	Object      : Gesim.GsStampSupport(StampSupport_Gen1)
	PLC Object  : FB_ComplexAction
	PLC Action  : A_ExchangeStamp
	PLC AState  : 3

02.03.2023 13:05:01 - 41571 - PieceExchangeFailed
	Description : 
	Time        : 13:10:57.97
	ActionType  : ExchangePiece
	MachineMode : Manu
	MachineState: Active
	Object      : Gesim.GsStampSupport(StampSupport_Gen1)
	PLC Object  : FB_ComplexAction
	PLC Action  : A_ExchangeStamp
	PLC AState  : 12

02.03.2023 13:28:32 - 41539 - Piece already in slot
	Description : 
	Time        : 13:34:29.04
	ActionType  : ExchangePiece
	MachineMode : Manu
	MachineState: Active
	Object      : Gesim.GsStampSupport(StampSupport_Gen1)
	PLC Object  : FB_ComplexAction
	PLC Action  : A_ExchangeStamp
	PLC AState  : 3

02.03.2023 13:55:57 - 41730 - Limit switch failed
	Description : Limit switch defect - Internal error (3)
	Time        : 14:01:55.66
	ActionType  : InitDevices
	MachineMode : Init
	MachineState: Active
	Object      : Gesim.GsStampSupport(StampSupport_Gen1)
	PLC Object  : FB_MzTool
	PLC Action  : A_Init
	PLC AState  : 1

02.03.2023 13:56:51 - 41730 - Limit switch failed
	Description : Limit switch defect - Internal error (3)
	Time        : 14:02:49.68
	ActionType  : InitDevices
	MachineMode : Init
	MachineState: Active
	Object      : Gesim.GsExposure(Omnicure S1500)
	PLC Object  : FB_MzTool
	PLC Action  : A_Init
	PLC AState  : 1

02.03.2023 13:57:12 - 41730 - Limit switch failed
	Description : Limit switch defect - Internal error (3)
	Time        : 14:03:11.03
	ActionType  : InitDevices
	MachineMode : Init
	MachineState: Active
	Object      : Gesim.GsExposure(Omnicure S1500)
	PLC Object  : FB_MzTool
	PLC Action  : A_Init
	PLC AState  : 1

02.03.2023 13:57:26 - 41556 - Head not in free Z-pos.
	Description : 
	Time        : 14:03:24.37
	ActionType  : InitDevices
	MachineMode : Init
	MachineState: Active
	Object      : Gesim.GsHead(Head)
	PLC Object  : FB_MzHead
	PLC Action  : A_Init
	PLC AState  : 3

02.03.2023 13:57:35 - 41556 - Head not in free Z-pos.
	Description : 
	Time        : 14:03:33.71
	ActionType  : InitDevices
	MachineMode : Init
	MachineState: Active
	Object      : Gesim.GsHead(Head)
	PLC Object  : FB_MzHead
	PLC Action  : A_Init
	PLC AState  : 3

02.03.2023 14:00:26 - 41556 - Head not in free Z-pos.
	Description : 
	Time        : 14:06:24.84
	ActionType  : InitDevices
	MachineMode : Init
	MachineState: Active
	Object      : Gesim.GsHead(Head)
	PLC Object  : FB_MzHead
	PLC Action  : A_Init
	PLC AState  : 3

02.03.2023 14:00:46 - 41556 - Head not in free Z-pos.
	Description : 
	Time        : 14:06:44.70
	ActionType  : InitDevices
	MachineMode : Init
	MachineState: Active
	Object      : Gesim.GsHead(Head)
	PLC Object  : FB_MzHead
	PLC Action  : A_Init
	PLC AState  : 3

02.03.2023 14:02:36 - 41556 - Head not in free Z-pos.
	Description : 
	Time        : 14:08:34.77
	ActionType  : InitDevices
	MachineMode : Init
	MachineState: Active
	Object      : Gesim.GsHead(Head)
	PLC Object  : FB_MzHead
	PLC Action  : A_Init
	PLC AState  : 3

02.03.2023 14:03:19 - 41556 - Head not in free Z-pos.
	Description : 
	Time        : 14:09:17.63
	ActionType  : InitDevices
	MachineMode : Init
	MachineState: Active
	Object      : Gesim.GsHead(Head)
	PLC Object  : FB_MzHead
	PLC Action  : A_Init
	PLC AState  : 3

02.03.2023 14:03:26 - 41556 - Head not in free Z-pos.
	Description : 
	Time        : 14:09:24.95
	ActionType  : InitDevices
	MachineMode : Init
	MachineState: Active
	Object      : Gesim.GsHead(Head)
	PLC Object  : FB_MzHead
	PLC Action  : A_Init
	PLC AState  : 3

02.03.2023 14:03:31 - 41556 - Head not in free Z-pos.
	Description : 
	Time        : 14:09:29.43
	ActionType  : InitDevices
	MachineMode : Init
	MachineState: Active
	Object      : Gesim.GsHead(Head)
	PLC Object  : FB_MzHead
	PLC Action  : A_Init
	PLC AState  : 3

02.03.2023 14:03:34 - 41556 - Head not in free Z-pos.
	Description : 
	Time        : 14:09:32.82
	ActionType  : InitDevices
	MachineMode : Init
	MachineState: Active
	Object      : Gesim.GsHead(Head)
	PLC Object  : FB_MzHead
	PLC Action  : A_Init
	PLC AState  : 3

02.03.2023 14:03:42 - 41556 - Head not in free Z-pos.
	Description : 
	Time        : 14:09:40.90
	ActionType  : InitDevices
	MachineMode : Init
	MachineState: Active
	Object      : Gesim.GsHead(Head)
	PLC Object  : FB_MzHead
	PLC Action  : A_Init
	PLC AState  : 3

02.03.2023 14:03:50 - 41556 - Head not in free Z-pos.
	Description : 
	Time        : 14:09:48.96
	ActionType  : InitDevices
	MachineMode : Init
	MachineState: Active
	Object      : Gesim.GsHead(Head)
	PLC Object  : FB_MzHead
	PLC Action  : A_Init
	PLC AState  : 3

02.03.2023 14:03:54 - 41556 - Head not in free Z-pos.
	Description : 
	Time        : 14:09:52.80
	ActionType  : InitDevices
	MachineMode : Init
	MachineState: Active
	Object      : Gesim.GsHead(Head)
	PLC Object  : FB_MzHead
	PLC Action  : A_Init
	PLC AState  : 3

02.03.2023 14:03:58 - 41556 - Head not in free Z-pos.
	Description : 
	Time        : 14:09:56.44
	ActionType  : InitDevices
	MachineMode : Init
	MachineState: Active
	Object      : Gesim.GsHead(Head)
	PLC Object  : FB_MzHead
	PLC Action  : A_Init
	PLC AState  : 3

02.03.2023 14:04:11 - 41556 - Head not in free Z-pos.
	Description : 
	Time        : 14:10:09.99
	ActionType  : InitDevices
	MachineMode : Init
	MachineState: Active
	Object      : Gesim.GsHead(Head)
	PLC Object  : FB_MzHead
	PLC Action  : A_Init
	PLC AState  : 3

02.03.2023 14:04:21 - 41556 - Head not in free Z-pos.
	Description : 
	Time        : 14:10:19.56
	ActionType  : InitDevices
	MachineMode : Init
	MachineState: Active
	Object      : Gesim.GsHead(Head)
	PLC Object  : FB_MzHead
	PLC Action  : A_Init
	PLC AState  : 3

02.03.2023 14:04:27 - 41556 - Head not in free Z-pos.
	Description : 
	Time        : 14:10:25.24
	ActionType  : InitDevices
	MachineMode : Init
	MachineState: Active
	Object      : Gesim.GsHead(Head)
	PLC Object  : FB_MzHead
	PLC Action  : A_Init
	PLC AState  : 3

02.03.2023 14:05:02 - 41556 - Head not in free Z-pos.
	Description : 
	Time        : 14:11:00.57
	ActionType  : InitDevices
	MachineMode : Init
	MachineState: Active
	Object      : Gesim.GsHead(Head)
	PLC Object  : FB_MzHead
	PLC Action  : A_Init
	PLC AState  : 3

02.03.2023 14:05:15 - 41556 - Head not in free Z-pos.
	Description : 
	Time        : 14:11:13.49
	ActionType  : InitDevices
	MachineMode : Init
	MachineState: Active
	Object      : Gesim.GsHead(Head)
	PLC Object  : FB_MzHead
	PLC Action  : A_Init
	PLC AState  : 3

02.03.2023 14:05:18 - 41556 - Head not in free Z-pos.
	Description : 
	Time        : 14:11:16.16
	ActionType  : InitDevices
	MachineMode : Init
	MachineState: Active
	Object      : Gesim.GsHead(Head)
	PLC Object  : FB_MzHead
	PLC Action  : A_Init
	PLC AState  : 3

02.03.2023 14:05:20 - 41556 - Head not in free Z-pos.
	Description : 
	Time        : 14:11:18.93
	ActionType  : InitDevices
	MachineMode : Init
	MachineState: Active
	Object      : Gesim.GsHead(Head)
	PLC Object  : FB_MzHead
	PLC Action  : A_Init
	PLC AState  : 3

02.03.2023 14:05:28 - 41556 - Head not in free Z-pos.
	Description : 
	Time        : 14:11:26.70
	ActionType  : InitDevices
	MachineMode : Init
	MachineState: Active
	Object      : Gesim.GsHead(Head)
	PLC Object  : FB_MzHead
	PLC Action  : A_Init
	PLC AState  : 3

02.03.2023 14:08:31 - 41730 - Limit switch failed
	Description : Limit switch defect - Internal error (3)
	Time        : 14:14:29.88
	ActionType  : InitDevices
	MachineMode : Init
	MachineState: Active
	Object      : Gesim.GsStampSupport(StampSupport_Gen1)
	PLC Object  : FB_MzTool
	PLC Action  : A_Init
	PLC AState  : 1

02.03.2023 14:08:54 - 41556 - Head not in free Z-pos.
	Description : 
	Time        : 14:14:52.26
	ActionType  : InitDevices
	MachineMode : Init
	MachineState: Active
	Object      : Gesim.GsHead(Head)
	PLC Object  : FB_MzHead
	PLC Action  : A_Init
	PLC AState  : 3

02.03.2023 14:10:18 - 41556 - Head not in free Z-pos.
	Description : 
	Time        : 14:16:16.25
	ActionType  : InitDevices
	MachineMode : Init
	MachineState: Active
	Object      : Gesim.GsHead(Head)
	PLC Object  : FB_MzHead
	PLC Action  : A_Init
	PLC AState  : 3

02.03.2023 14:20:09 - 41556 - Head not in free Z-pos.
	Description : 
	Time        : 14:26:07.47
	ActionType  : InitDevices
	MachineMode : Init
	MachineState: Active
	Object      : Gesim.GsHead(Head)
	PLC Object  : FB_MzHead
	PLC Action  : A_Init
	PLC AState  : 3

02.03.2023 14:21:15 - 41556 - Head not in free Z-pos.
	Description : 
	Time        : 14:27:13.52
	ActionType  : InitDevices
	MachineMode : Init
	MachineState: Active
	Object      : Gesim.GsHead(Head)
	PLC Object  : FB_MzHead
	PLC Action  : A_Init
	PLC AState  : 3

02.03.2023 14:23:37 - 41556 - Head not in free Z-pos.
	Description : 
	Time        : 14:29:35.16
	ActionType  : InitDevices
	MachineMode : Init
	MachineState: Active
	Object      : Gesim.GsHead(Head)
	PLC Object  : FB_MzHead
	PLC Action  : A_Init
	PLC AState  : 3

02.03.2023 14:25:47 - 41556 - Head not in free Z-pos.
	Description : 
	Time        : 14:29:35.16
	ActionType  : InitDevices
	MachineMode : Init
	MachineState: Active
	Object      : Gesim.GsHead(Head)
	PLC Object  : FB_MzHead
	PLC Action  : A_Init
	PLC AState  : 3

02.03.2023 14:25:51 - 41556 - Head not in free Z-pos.
	Description : 
	Time        : 14:29:35.16
	ActionType  : InitDevices
	MachineMode : Init
	MachineState: Active
	Object      : Gesim.GsHead(Head)
	PLC Object  : FB_MzHead
	PLC Action  : A_Init
	PLC AState  : 3

02.03.2023 14:26:56 - 41519 - Timeout
	Description : Internal error
	Time        : 14:32:54.87
	ActionType  : InitDevices
	MachineMode : Init
	MachineState: Active
	Object      : Gesim.GsStampSupport(StampSupport_Gen1)
	PLC Object  : FB_StampSupport
	PLC Action  : A_InitSpec
	PLC AState  : 2

02.03.2023 14:50:09 - 41571 - PieceExchangeFailed
	Description : 
	Time        : 14:56:07.26
	ActionType  : ExchangePiece
	MachineMode : Manu
	MachineState: Active
	Object      : Gesim.GsStampSupport(StampSupport_Gen1)
	PLC Object  : FB_ComplexAction
	PLC Action  : A_ExchangeStamp
	PLC AState  : 12

02.03.2023 14:50:37 - 41536 - No piece on tool
	Description : 
	Time        : 14:50:37.69
	Command     : EXECUTE_ACTION
	Object      : Gesim.GsStampSupport(StampSupport_Gen1)
	Action      : Drop Piece->Rack Stamp (8x)->Slot 1

02.03.2023 14:50:48 - 41536 - No piece on tool
	Description : 
	Time        : 14:50:48.16
	Command     : EXECUTE_ACTION
	Object      : Gesim.GsStampSupport(StampSupport_Gen1)
	Action      : Drop Piece->Rack Stamp (8x)->Slot 1

02.03.2023 14:53:31 - 41539 - Piece already in slot
	Description : 
	Time        : 14:59:29.67
	ActionType  : ExchangePiece
	MachineMode : Manu
	MachineState: Active
	Object      : Gesim.GsStampSupport(StampSupport_Gen1)
	PLC Object  : FB_ComplexAction
	PLC Action  : A_ExchangeStamp
	PLC AState  : 3

02.03.2023 14:53:47 - 41539 - Piece already in slot
	Description : 
	Time        : 14:59:45.03
	ActionType  : ExchangePiece
	MachineMode : Manu
	MachineState: Active
	Object      : Gesim.GsStampSupport(StampSupport_Gen1)
	PLC Object  : FB_ComplexAction
	PLC Action  : A_ExchangeStamp
	PLC AState  : 3

02.03.2023 14:53:55 - 41539 - Piece already in slot
	Description : 
	Time        : 14:59:53.74
	ActionType  : ExchangePiece
	MachineMode : Manu
	MachineState: Active
	Object      : Gesim.GsStampSupport(StampSupport_Gen1)
	PLC Object  : FB_ComplexAction
	PLC Action  : A_ExchangeStamp
	PLC AState  : 3

02.03.2023 14:54:16 - 41539 - Piece already in slot
	Description : 
	Time        : 15:00:14.19
	ActionType  : ExchangePiece
	MachineMode : Manu
	MachineState: Active
	Object      : Gesim.GsStampSupport(StampSupport_Gen1)
	PLC Object  : FB_ComplexAction
	PLC Action  : A_ExchangeStamp
	PLC AState  : 3

02.03.2023 14:55:09 - 41539 - Piece already in slot
	Description : 
	Time        : 15:01:06.98
	ActionType  : ExchangePiece
	MachineMode : Manu
	MachineState: Active
	Object      : Gesim.GsStampSupport(StampSupport_Gen1)
	PLC Object  : FB_ComplexAction
	PLC Action  : A_ExchangeStamp
	PLC AState  : 3

02.03.2023 14:57:47 - 41734 - Low position accuracy
	Description : Target not reached with required accuracy but motor has stopped - Internal error (7)
	Time        : 15:03:44.83
	ActionType  : MoveZ
	MachineMode : Manu
	MachineState: Active
	Object      : Gesim.GsStampSupport(StampSupport_Gen1)
	PLC Object  : FB_MzTool
	PLC Action  : A_MoveZ
	PLC AState  : 0

02.03.2023 14:57:47 - 41734 - Low position accuracy
	Description : Target not reached with required accuracy but motor has stopped - Internal error (7)
	Time        : 15:03:44.84
	ActionType  : ExchangePiece
	MachineMode : Manu
	MachineState: Active
	Object      : Gesim.GsStampSupport(StampSupport_Gen1)
	PLC Object  : FB_ComplexAction
	PLC Action  : A_ExchangeStamp
	PLC AState  : 2

02.03.2023 14:58:09 - 41519 - Timeout
	Description : Internal error
	Time        : 15:04:07.68
	ActionType  : InitDevices
	MachineMode : Init
	MachineState: Active
	Object      : Gesim.GsStampSupport(StampSupport_Gen1)
	PLC Object  : FB_StampSupport
	PLC Action  : A_InitSpec
	PLC AState  : 2

02.03.2023 14:58:27 - 41539 - Piece already in slot
	Description : 
	Time        : 15:04:25.64
	ActionType  : ExchangePiece
	MachineMode : Manu
	MachineState: Active
	Object      : Gesim.GsStampSupport(StampSupport_Gen1)
	PLC Object  : FB_ComplexAction
	PLC Action  : A_ExchangeStamp
	PLC AState  : 3

02.03.2023 14:59:40 - 41539 - Piece already in slot
	Description : 
	Time        : 15:05:38.32
	ActionType  : ExchangePiece
	MachineMode : Manu
	MachineState: Active
	Object      : Gesim.GsStampSupport(StampSupport_Gen1)
	PLC Object  : FB_ComplexAction
	PLC Action  : A_ExchangeStamp
	PLC AState  : 3

02.03.2023 15:00:50 - 41571 - PieceExchangeFailed
	Description : 
	Time        : 15:06:48.45
	ActionType  : ExchangePiece
	MachineMode : Manu
	MachineState: Active
	Object      : Gesim.GsStampSupport(StampSupport_Gen1)
	PLC Object  : FB_ComplexAction
	PLC Action  : A_ExchangeStamp
	PLC AState  : 12

03.03.2023 09:17:12 - 41539 - Piece already in slot
	Description : 
	Time        : 09:23:14.68
	ActionType  : ExchangePiece
	MachineMode : Manu
	MachineState: Active
	Object      : Gesim.GsStampSupport(StampSupport_Gen1)
	PLC Object  : FB_ComplexAction
	PLC Action  : A_ExchangeStamp
	PLC AState  : 3

03.03.2023 09:22:00 - 41539 - Piece already in slot
	Description : 
	Time        : 09:28:02.34
	ActionType  : ExchangePiece
	MachineMode : Manu
	MachineState: Active
	Object      : Gesim.GsStampSupport(StampSupport_Gen1)
	PLC Object  : FB_ComplexAction
	PLC Action  : A_ExchangeStamp
	PLC AState  : 3

03.03.2023 09:29:09 - 41539 - Piece already in slot
	Description : 
	Time        : 09:35:12.16
	ActionType  : ExchangePiece
	MachineMode : Manu
	MachineState: Active
	Object      : Gesim.GsStampSupport(StampSupport_Gen1)
	PLC Object  : FB_ComplexAction
	PLC Action  : A_ExchangeStamp
	PLC AState  : 3

03.03.2023 09:31:40 - 41539 - Piece already in slot
	Description : 
	Time        : 09:37:42.82
	ActionType  : ExchangePiece
	MachineMode : Manu
	MachineState: Active
	Object      : Gesim.GsStampSupport(StampSupport_Gen1)
	PLC Object  : FB_ComplexAction
	PLC Action  : A_ExchangeStamp
	PLC AState  : 3

03.03.2023 09:32:10 - 41539 - Piece already in slot
	Description : 
	Time        : 09:38:12.53
	ActionType  : ExchangePiece
	MachineMode : Manu
	MachineState: Active
	Object      : Gesim.GsStampSupport(StampSupport_Gen1)
	PLC Object  : FB_ComplexAction
	PLC Action  : A_ExchangeStamp
	PLC AState  : 3

03.03.2023 09:33:14 - 41539 - Piece already in slot
	Description : 
	Time        : 09:39:16.22
	ActionType  : ExchangePiece
	MachineMode : Manu
	MachineState: Active
	Object      : Gesim.GsStampSupport(StampSupport_Gen1)
	PLC Object  : FB_ComplexAction
	PLC Action  : A_ExchangeStamp
	PLC AState  : 3

03.03.2023 09:33:48 - 41539 - Piece already in slot
	Description : 
	Time        : 09:39:50.98
	ActionType  : ExchangePiece
	MachineMode : Manu
	MachineState: Active
	Object      : Gesim.GsStampSupport(StampSupport_Gen1)
	PLC Object  : FB_ComplexAction
	PLC Action  : A_ExchangeStamp
	PLC AState  : 3

03.03.2023 10:03:10 - 41538 - No piece in slot
	Description : 
	Time        : 10:09:12.19
	ActionType  : ExchangePiece
	MachineMode : Manu
	MachineState: Active
	Object      : Gesim.GsStampSupport(StampSupport_Gen1)
	PLC Object  : FB_ComplexAction
	PLC Action  : A_ExchangeStamp
	PLC AState  : 3

03.03.2023 10:03:48 - 41538 - No piece in slot
	Description : 
	Time        : 10:09:50.69
	ActionType  : ExchangePiece
	MachineMode : Manu
	MachineState: Active
	Object      : Gesim.GsStampSupport(StampSupport_Gen1)
	PLC Object  : FB_ComplexAction
	PLC Action  : A_ExchangeStamp
	PLC AState  : 3

03.03.2023 10:04:20 - 41538 - No piece in slot
	Description : 
	Time        : 10:10:22.32
	ActionType  : ExchangePiece
	MachineMode : Manu
	MachineState: Active
	Object      : Gesim.GsStampSupport(StampSupport_Gen1)
	PLC Object  : FB_ComplexAction
	PLC Action  : A_ExchangeStamp
	PLC AState  : 3

03.03.2023 10:09:41 - 41986 - TimeoutWaitTargetReached
	Description : Internal error
	Time        : 10:15:43.20
	ActionType  : InitDevices
	MachineMode : Init
	MachineState: Active
	Object      : Gesim.GsStampSupport(StampSupport_Gen1)
	PLC Object  : FB_MzTool
	PLC Action  : A_Init
	PLC AState  : 1

03.03.2023 10:12:47 - 41986 - TimeoutWaitTargetReached
	Description : Internal error
	Time        : 10:18:50.16
	ActionType  : InitDevices
	MachineMode : Init
	MachineState: Active
	Object      : Gesim.GsStampSupport(StampSupport_Gen1)
	PLC Object  : FB_MzTool
	PLC Action  : A_Init
	PLC AState  : 1

03.03.2023 10:14:37 - 41491 - Device not initialized
	Description : 
	Time        : 10:14:37.13
	Command     : EXECUTE_ACTION
	Object      : Gesim.GsStampSupport(StampSupport_Gen1)
	Action      : Jog

03.03.2023 10:14:37 - 41491 - Device not initialized
	Description : 
	Time        : 10:14:37.13
	Command     : EXECUTE_ACTION
	Object      : Gesim.GsStampSupport(StampSupport_Gen1)
	Action      : Jog

03.03.2023 10:15:03 - 41731 - Init loop
	Description : Error during initialization - Internal error (4)
	Time        : 10:21:05.14
	ActionType  : InitDevices
	MachineMode : Init
	MachineState: Active
	Object      : Gesim.GsStampSupport(StampSupport_Gen1)
	PLC Object  : FB_MzTool
	PLC Action  : A_Init
	PLC AState  : 1

03.03.2023 11:44:59 - 50017 - Could not edit configuration
	Description : The configuration could not be edited.
	Time        : 11:44:59.14
	Exception   : Gesim.ConfigException: Object: Rack Stamp (2Inch/3Inch)-ObjectAlreadyOnAnotherParent
   at Gesim.GsMachine.createGsObject(GsObject gsObject)
   at Gesim.GsObjectDirectory.pasteObject(GsObject gsObject, GsObject parent, GsSlot slot, Int32 index)
   at Gesim.GsObjectDirectory.ReplaceObject(GsObject oldObject, GsObject newObject)
   at GesimRobotics.ViewModels.Objects.DisplayObject.replaceObject(GsObject obj)

03.03.2023 11:48:25 -  1864 - ADS port not opened
	Description : Internal error
	Time        : 11:48:25.83
	Command     : RESET_ERROR

03.03.2023 11:48:29 - 50000 - Internal Error
	Description : 
	Time        : 11:48:29.45
	Location    : GsMachine.GsPlcControl_ObjectWasMovedWithinOD 1

03.03.2023 11:48:30 - 50000 - Internal Error
	Description : 
	Time        : 11:48:30.49
	Location    : GsMachine.GsPlcControl_ObjectWasMovedWithinOD 2

03.03.2023 12:02:38 - 41617 - Sensor already switched
	Description : 
	Time        : 12:02:38.60
	Command     : EXECUTE_ACTION
	Object      : Gesim.GsStampSupport(StampSupport_Gen1)
	Action      : MeasureTool->Rack Stamp (2Inch/3Inch)

03.03.2023 12:06:43 - 41985 - TimeoutWaitSetpointAck
	Description : Internal error
	Time        : 12:12:46.62
	ActionType  : InitDevices
	MachineMode : Init
	MachineState: Active
	Object      : Gesim.GsHead(Head)
	PLC Object  : FB_MzHead
	PLC Action  : A_Init
	PLC AState  : 2

03.03.2023 12:06:51 - 41985 - TimeoutWaitSetpointAck
	Description : Internal error
	Time        : 12:12:53.88
	ActionType  : InitDevices
	MachineMode : Init
	MachineState: Active
	Object      : Gesim.GsHead(Head)
	PLC Object  : FB_MzHead
	PLC Action  : A_Init
	PLC AState  : 2

03.03.2023 12:07:23 - 41985 - TimeoutWaitSetpointAck
	Description : Internal error
	Time        : 12:13:26.74
	ActionType  : InitDevices
	MachineMode : Init
	MachineState: Active
	Object      : Gesim.GsHead(Head)
	PLC Object  : FB_MzHead
	PLC Action  : A_Init
	PLC AState  : 2

03.03.2023 12:11:39 - 41539 - Piece already in slot
	Description : 
	Time        : 12:17:41.58
	ActionType  : ExchangePiece
	MachineMode : Manu
	MachineState: Active
	Object      : Gesim.GsStampSupport(StampSupport_Gen1)
	PLC Object  : FB_ComplexAction
	PLC Action  : A_ExchangeStamp
	PLC AState  : 3

22.03.2023 11:24:31 - 17744 - Following error monitoring (position).
	Description : With active following error monitoring (position) a following error exceedance has occurred, whose magnitude is greater than the following error window, and whose duration is longer than the parameterised following error filter time.
	Time        : 11:47:16.67
	ActionType  : Undefined
	MachineMode : Maintenance
	MachineState: Active
	PLC Object  : UNDEFIEND
	PLC Action  : UNDEFIEND
	PLC AState  : 0

22.03.2023 11:24:32 - 17744 - Following error monitoring (position).
	Description : With active following error monitoring (position) a following error exceedance has occurred, whose magnitude is greater than the following error window, and whose duration is longer than the parameterised following error filter time.
	Time        : 11:47:16.68
	ActionType  : Undefined
	MachineMode : Maintenance
	MachineState: Active
	PLC Object  : UNDEFIEND
	PLC Action  : UNDEFIEND
	PLC AState  : 0

22.03.2023 13:09:29 - 41216 - Communication timeout
	Description : Communication timeout - diluter.
	Time        : 13:32:13.80
	ActionType  : InitDevices
	MachineMode : Init
	MachineState: Active
	PLC Object  : FB_Diluter
	PLC Action  : A_Init
	PLC AState  : 1

22.03.2023 13:09:30 - 41216 - Communication timeout
	Description : Communication timeout - diluter.
	Time        : 13:32:14.03
	ActionType  : InitDevices
	MachineMode : Init
	MachineState: Error
	PLC Object  : FB_Diluter
	PLC Action  : A_Init
	PLC AState  : 1

22.03.2023 13:17:00 - 41995 - InvalidToolConfig
	Description : 
	Time        : 13:39:44.53
	ActionType  : Undefined
	MachineMode : Config
	MachineState: Active
	PLC Object  : FB_MultiZRef
	PLC Action  : A_SetConfig
	PLC AState  : 0

22.03.2023 13:17:00 - 41995 - InvalidToolConfig
	Description : 
	Time        : 13:39:44.54
	ActionType  : Undefined
	MachineMode : Config
	MachineState: Active
	PLC Object  : FB_Configuration
	PLC Action  : A_Activate
	PLC AState  : 0

23.03.2023 08:04:16 - 41216 - Communication timeout
	Description : Communication timeout - diluter.
	Time        : 08:27:03.38
	ActionType  : InitDevices
	MachineMode : Init
	MachineState: Active
	PLC Object  : FB_Diluter
	PLC Action  : A_Init
	PLC AState  : 1

23.03.2023 08:04:17 - 41216 - Communication timeout
	Description : Communication timeout - diluter.
	Time        : 08:27:03.61
	ActionType  : InitDevices
	MachineMode : Init
	MachineState: Error
	PLC Object  : FB_Diluter
	PLC Action  : A_Init
	PLC AState  : 1

23.03.2023 10:24:23 - 41569 - Risk of crash: Jog
	Description : Can not jog long distances in this area.
	Time        : 10:24:23.81
	Command     : EXECUTE_ACTION
	Object      : Gesim.GsCartridgeHolder(7CatridgeHolderNoHeater)
	Action      : Jog

23.03.2023 10:29:06 - 41473 - Invalid mode
	Description : Command cannot be executed in this mode.
	Time        : 10:29:06.00
	Command     : EXECUTE_ACTION
	Object      : Gesim.GsHead(Head)
	Action      : Jog

23.03.2023 10:29:09 - 41473 - Invalid mode
	Description : Command cannot be executed in this mode.
	Time        : 10:29:09.46
	Command     : EXECUTE_ACTION
	Object      : Gesim.GsHead(Head)
	Action      : Jog

23.03.2023 10:35:17 - 41476 - Object does not exist
	Description : 
	Time        : 10:35:17.20
	Command     : READ_ALL_PROPS
	Object      : Gesim.GsDiluter(Diluter 3-Way)

23.03.2023 10:36:12 - 41473 - Invalid mode
	Description : Command cannot be executed in this mode.
	Time        : 10:36:12.74
	Command     : EXECUTE_ACTION
	Object      : Gesim.GsHead(Head)
	Action      : Jog

23.03.2023 10:36:12 - 41473 - Invalid mode
	Description : Command cannot be executed in this mode.
	Time        : 10:36:12.75
	Command     : EXECUTE_ACTION
	Object      : Gesim.GsHead(Head)
	Action      : Jog

23.03.2023 11:05:58 - 41503 - Configuration not activated
	Description : 
	Time        : 11:05:58.44
	Command     : CHANGE_MODE

23.03.2023 12:09:00 - 41491 - Device not initialized
	Description : 
	Time        : 12:31:47.13
	ActionType  : MoveZ
	MachineMode : Auto
	MachineState: Running
	Object      : Gesim.GsHead(Head)
	PLC Object  : FB_MzHead
	PLC Action  : A_MoveZ
	PLC AState  : 80

23.03.2023 12:09:00 - 41491 - Device not initialized
	Description : 
	Time        : 12:31:47.13
	ActionType  : Undefined
	MachineMode : Auto
	MachineState: Running
	Object      : Gesim.GsHead(Head)
	PLC Object  : GCode
	PLC Action  : A_Start
	PLC AState  : 2

23.03.2023 12:59:54 - 41478 - Invalid state
	Description : Command can not be executed in this state.
	Time        : 12:59:54.20
	Command     : EXECUTE_ACTION
	Object      : Gesim.GsCartridgeDisp(5Cartridge Dispenser (10ml))
	Action      : Switch Pressure->PressOn

23.03.2023 13:04:23 - 41474 - Mode change impossible
	Description : Mode can only be changed in state "idle".
	Time        : 13:04:23.35
	Command     : CHANGE_MODE

23.03.2023 13:04:25 - 41473 - Invalid mode
	Description : Command cannot be executed in this mode.
	Time        : 13:04:25.68
	Command     : WRITE_HW_PROP
	Comment     : ModulId: 65537 PropType: WorkplateDim Value: 588000

23.03.2023 13:11:37 - 41473 - Invalid mode
	Description : Command cannot be executed in this mode.
	Time        : 13:11:37.48
	Command     : EXECUTE_ACTION
	Object      : Gesim.GsCartridgeHolder(3CatridgeHolderNoHeater)
	Action      : Jog

23.03.2023 13:11:37 - 41473 - Invalid mode
	Description : Command cannot be executed in this mode.
	Time        : 13:11:37.49
	Command     : EXECUTE_ACTION
	Object      : Gesim.GsCartridgeHolder(3CatridgeHolderNoHeater)
	Action      : Jog

23.03.2023 13:11:37 - 41749 - FollowingErrorZAxis
	Description : 
	Time        : 13:34:23.98
	ActionType  : Jog
	MachineMode : Manu
	MachineState: Active
	Object      : Gesim.GsCartridgeHolder(3CatridgeHolderNoHeater)
	PLC Object  : FB_MzTool
	PLC Action  : A_JogZ
	PLC AState  : 80

23.03.2023 13:12:22 - 41749 - FollowingErrorZAxis
	Description : 
	Time        : 13:35:08.98
	ActionType  : MoveZ
	MachineMode : Auto
	MachineState: Running
	Object      : Gesim.GsCartridgeDisp(Cartridge Dispenser (10ml))
	PLC Object  : FB_MzTool
	PLC Action  : A_MoveZ
	PLC AState  : 0

23.03.2023 13:12:22 - 41749 - FollowingErrorZAxis
	Description : 
	Time        : 13:35:08.98
	ActionType  : Undefined
	MachineMode : Auto
	MachineState: Running
	PLC Object  : GCode
	PLC Action  : A_MoveZ
	PLC AState  : 1

23.03.2023 13:36:11 - 41474 - Mode change impossible
	Description : Mode can only be changed in state "idle".
	Time        : 13:36:11.07
	Command     : CHANGE_MODE

23.03.2023 13:36:16 - 41473 - Invalid mode
	Description : Command cannot be executed in this mode.
	Time        : 13:36:16.38
	Command     : WRITE_HW_PROP
	Comment     : ModulId: 65537 PropType: WorkplateDim Value: 588000

24.03.2023 07:47:15 - 41535 - Z-Sensor not calibrated
	Description : 
	Time        : 08:10:03.34
	ActionType  : Measure
	MachineMode : Manu
	MachineState: Active
	Object      : Gesim.GsZSensor(ZSensor)
	PLC Object  : FB_ComplexAction
	PLC Action  : A_MeasureTarget
	PLC AState  : 0

24.03.2023 07:48:08 - 41747 - Z-Sensor switch not found
	Description : Measurement: switching point not reached - Internal error (20)
	Time        : 08:10:56.31
	ActionType  : MoveZ
	MachineMode : Manu
	MachineState: Active
	Object      : Gesim.GsZSensor(ZSensor)
	PLC Object  : FB_MzTool
	PLC Action  : A_MoveZ
	PLC AState  : 0

24.03.2023 07:48:09 - 41747 - Z-Sensor switch not found
	Description : Measurement: switching point not reached - Internal error (20)
	Time        : 08:10:56.32
	ActionType  : Measure
	MachineMode : Manu
	MachineState: Active
	Object      : Gesim.GsZSensor(ZSensor)
	PLC Object  : FB_ComplexAction
	PLC Action  : A_MeasureTarget
	PLC AState  : 4

24.03.2023 08:06:36 - 41623 - Calibration point has an offset
	Description : 
	Time        : 08:06:36.73
	Command     : EXECUTE_ACTION
	Object      : Gesim.GsZSensor(ZSensor)
	Action      : Calibrate Z-Sensor

24.03.2023 09:13:44 - 41568 - Target position out of range - Z
	Description : Tool cannot move to target.
	Time        : 09:36:32.08
	ActionType  : Measure
	MachineMode : Manu
	MachineState: Active
	Object      : Gesim.GsZSensor(ZSensor)
	PLC Object  : FB_ComplexAction
	PLC Action  : A_MeasureTarget
	PLC AState  : 2

24.03.2023 09:14:19 - 41747 - Z-Sensor switch not found
	Description : Measurement: switching point not reached - Internal error (20)
	Time        : 09:37:07.08
	ActionType  : MoveZ
	MachineMode : Manu
	MachineState: Active
	Object      : Gesim.GsZSensor(ZSensor)
	PLC Object  : FB_MzTool
	PLC Action  : A_MoveZ
	PLC AState  : 0

24.03.2023 09:14:19 - 41747 - Z-Sensor switch not found
	Description : Measurement: switching point not reached - Internal error (20)
	Time        : 09:37:07.09
	ActionType  : Measure
	MachineMode : Manu
	MachineState: Active
	Object      : Gesim.GsZSensor(ZSensor)
	PLC Object  : FB_ComplexAction
	PLC Action  : A_MeasureTarget
	PLC AState  : 4

24.03.2023 09:59:57 - 41567 - Target position out of range - Y
	Description : Tool cannot move to target.
	Time        : 10:22:45.26
	ActionType  : CalibrateZSensor
	MachineMode : Manu
	MachineState: Active
	Object      : Gesim.GsZSensor(ZSensor)
	PLC Object  : FB_ComplexAction
	PLC Action  : A_CalibrateZSensor
	PLC AState  : 0

24.03.2023 10:48:01 - 41575 - StopButtonNotReleased
	Description : 
	Time        : 10:48:01.54
	Command     : EXECUTE_ACTION

24.03.2023 11:04:06 - 41575 - StopButtonNotReleased
	Description : 
	Time        : 11:04:06.76
	Command     : EXECUTE_ACTION

24.03.2023 11:11:15 - 41575 - StopButtonNotReleased
	Description : 
	Time        : 11:11:15.50
	Command     : EXECUTE_ACTION
	Object      : Gesim.GsHead(Head)
	Action      : Jog

24.03.2023 11:24:49 - 41575 - StopButtonNotReleased
	Description : 
	Time        : 11:24:49.41
	Command     : EXECUTE_ACTION

24.03.2023 11:36:30 - 50013 - Changed configuration
	Description : The current configuration has changed significantly. Some settings might have changed.
	Time        : 11:36:30.94

24.03.2023 11:49:25 - 41525 - System fluid bottle empty
	Description : 
	Time        : 12:12:12.66
	ActionType  : Undefined
	MachineMode : Manu
	MachineState: Idle
	PLC Object  : FB_DeviceBase
	PLC Action  : UNDEFIEND
	PLC AState  : 0

24.03.2023 11:54:16 - 41476 - Object does not exist
	Description : 
	Time        : 11:54:16.63
	Command     : READ_ALL_PROPS
	Object      : Gesim.GsDiluter(Diluter 3-Way)

24.03.2023 11:54:23 - 41476 - Object does not exist
	Description : 
	Time        : 11:54:23.33
	Command     : WRITE_ALL_PROPS
	Object      : Gesim.GsDiluter(Diluter 3-Way)

24.03.2023 11:56:44 - 41527 - Timeout while filling PCV
	Description : A timeout occurred while filling the pressure compensation vessel.
	Time        : 12:19:31.96
	ActionType  : Undefined
	MachineMode : Manu
	MachineState: Idle
	PLC Object  : FB_DeviceBase
	PLC Action  : UNDEFIEND
	PLC AState  : 0

24.03.2023 12:06:26 - 41527 - Timeout while filling PCV
	Description : A timeout occurred while filling the pressure compensation vessel.
	Time        : 12:29:14.30
	ActionType  : Undefined
	MachineMode : Manu
	MachineState: Idle
	PLC Object  : FB_DeviceBase
	PLC Action  : UNDEFIEND
	PLC AState  : 0

24.03.2023 12:14:38 - 41527 - Timeout while filling PCV
	Description : A timeout occurred while filling the pressure compensation vessel.
	Time        : 12:37:26.40
	ActionType  : Undefined
	MachineMode : Manu
	MachineState: Idle
	PLC Object  : FB_DeviceBase
	PLC Action  : UNDEFIEND
	PLC AState  : 0

24.03.2023 13:18:44 - 41526 - Waste bottle full
	Description : 
	Time        : 13:18:44.09
	Command     : EXECUTE_ACTION
	Object      : Gesim.GsPiezoPip(PiezoPipette Nano (Heatable))
	Action      : Wash->Washpoint 1->WashOutside->10 s

24.03.2023 14:42:46 - 41502 - Pipet move with Z-Sensor
	Description : The pipet cannot move with Z-Sensor mounted.
	Time        : 15:05:34.25
	ActionType  : MoveToTarget
	MachineMode : Manu
	MachineState: Active
	PLC Object  : FB_ComplexAction
	PLC Action  : A_MoveToTarget
	PLC AState  : 0

24.03.2023 14:43:05 - 41502 - Pipet move with Z-Sensor
	Description : The pipet cannot move with Z-Sensor mounted.
	Time        : 15:05:52.84
	ActionType  : ActionOnArray
	MachineMode : Manu
	MachineState: Active
	Object      : Gesim.GsPiezoPip(PiezoPipette Nano (Heatable))
	PLC Object  : FB_ComplexAction
	PLC Action  : A_ActionOnArray
	PLC AState  : 1

24.03.2023 14:43:09 - 41502 - Pipet move with Z-Sensor
	Description : The pipet cannot move with Z-Sensor mounted.
	Time        : 15:05:57.19
	ActionType  : WashTool
	MachineMode : Manu
	MachineState: Active
	Object      : Gesim.GsPiezoPip(PiezoPipette Nano (Heatable))
	PLC Object  : FB_ComplexAction
	PLC Action  : A_WashTool
	PLC AState  : 1

24.03.2023 14:43:18 - 41502 - Pipet move with Z-Sensor
	Description : The pipet cannot move with Z-Sensor mounted.
	Time        : 15:06:05.67
	ActionType  : MoveToTarget
	MachineMode : Manu
	MachineState: Active
	Object      : Gesim.GsPiezoPip(PiezoPipette Nano (Heatable))
	PLC Object  : FB_ComplexAction
	PLC Action  : A_MoveToTarget
	PLC AState  : 0

24.03.2023 14:43:48 - 41502 - Pipet move with Z-Sensor
	Description : The pipet cannot move with Z-Sensor mounted.
	Time        : 15:06:36.23
	ActionType  : GetPipSample
	MachineMode : Manu
	MachineState: Active
	Object      : Gesim.GsPiezoPip(PiezoPipette Nano (Heatable))
	PLC Object  : FB_ComplexAction
	PLC Action  : A_GetPipSample
	PLC AState  : 1

24.03.2023 14:46:53 - 50013 - Changed configuration
	Description : The current configuration has changed significantly. Some settings might have changed.
	Time        : 14:46:53.54

24.03.2023 14:47:22 - 16660 - GCode-File too big
	Description : 
	Time        : 15:10:10.30
	ActionType  : Undefined
	MachineMode : Manu
	MachineState: Active
	PLC Object  : GCode
	PLC Action  : A_Load
	PLC AState  : 2

24.03.2023 14:47:47 - 41597 - Device is not locked
	Description : 
	Time        : 15:10:34.48
	ActionType  : Undefined
	MachineMode : Manu
	MachineState: Active
	Object      : Gesim.GsExtruder(SyringeExtruder)
	PLC Object  : GCode
	PLC Action  : A_Start
	PLC AState  : 1

27.03.2023 06:54:57 - 41597 - Device is not locked
	Description : 
	Time        : 07:17:50.34
	ActionType  : Undefined
	MachineMode : Auto
	MachineState: Running
	Object      : Gesim.GsExtruder(SyringeExtruder)
	PLC Object  : GCode
	PLC Action  : A_Start
	PLC AState  : 1

27.03.2023 06:55:26 - 17085 - Limit exceeded
	Description : NC-Block violates software limit switches of the group.
	Time        : 07:18:19.20
	ActionType  : Undefined
	MachineMode : Auto
	MachineState: Running
	Object      : Gesim.GsExtruder(SyringeExtruder)
	PLC Object  : GCode
	PLC Action  : A_Run
	PLC AState  : 20

27.03.2023 06:55:40 - 17085 - Limit exceeded
	Description : NC-Block violates software limit switches of the group.
	Time        : 07:18:33.54
	ActionType  : Undefined
	MachineMode : Auto
	MachineState: Running
	Object      : Gesim.GsExtruder(SyringeExtruder)
	PLC Object  : GCode
	PLC Action  : A_Run
	PLC AState  : 20

27.03.2023 06:57:01 - 17085 - Limit exceeded
	Description : NC-Block violates software limit switches of the group.
	Time        : 07:18:33.54
	ActionType  : Undefined
	MachineMode : Auto
	MachineState: Running
	Object      : Gesim.GsExtruder(SyringeExtruder)
	PLC Object  : GCode
	PLC Action  : A_Run
	PLC AState  : 20

27.03.2023 08:15:10 - 41587 - HighVoltSupplyOff
	Description : High voltage supply not available or not switched on
	Time        : 08:15:10.37
	Command     : EXECUTE_ACTION
	Object      : Gesim.GsHighVoltTray(HighVoltTray)
	Action      : Switch Voltage

27.03.2023 08:15:27 - 41587 - HighVoltSupplyOff
	Description : High voltage supply not available or not switched on
	Time        : 08:15:27.64
	Command     : EXECUTE_ACTION
	Object      : Gesim.GsHighVoltTray(HighVoltTray)
	Action      : Switch Voltage

27.03.2023 08:48:47 - 41216 - Communication timeout
	Description : Communication timeout - diluter.
	Time        : 09:11:41.17
	ActionType  : InitDevices
	MachineMode : Init
	MachineState: Active
	PLC Object  : FB_Diluter
	PLC Action  : A_Init
	PLC AState  : 1

27.03.2023 08:48:47 - 41216 - Communication timeout
	Description : Communication timeout - diluter.
	Time        : 09:11:41.40
	ActionType  : InitDevices
	MachineMode : Init
	MachineState: Error
	PLC Object  : FB_Diluter
	PLC Action  : A_Init
	PLC AState  : 1

27.03.2023 09:00:49 - 41473 - Invalid mode
	Description : Command cannot be executed in this mode.
	Time        : 09:00:49.75
	Command     : EXECUTE_ACTION
	Object      : Gesim.GsHighVoltTray(HighVoltTray)
	Action      : Set Voltage->10 kV

27.03.2023 12:04:03 - 50013 - Changed configuration
	Description : The current configuration has changed significantly. Some settings might have changed.
	Time        : 12:04:03.00

27.03.2023 12:04:27 - 41597 - Device is not locked
	Description : 
	Time        : 12:27:20.86
	ActionType  : Undefined
	MachineMode : Manu
	MachineState: Active
	Object      : Gesim.GsHybridDispenser(Hybrid Dispenser)
	PLC Object  : GCode
	PLC Action  : A_Start
	PLC AState  : 1

29.03.2023 07:10:03 - 41525 - System fluid bottle empty
	Description : 
	Time        : 07:10:03.01
	Command     : EXECUTE_ACTION
	Object      : Gesim.GsPassivePip(DiluterDispenser)
	Action      : Dispense->5000 µl->200 µl/s

29.03.2023 07:11:10 - 41526 - Waste bottle full
	Description : 
	Time        : 07:11:10.99
	Command     : EXECUTE_ACTION
	Object      : Gesim.GsPassivePip(DiluterDispenser)
	Action      : Dispense->5000 µl->200 µl/s

29.03.2023 07:11:50 - 41478 - Invalid state
	Description : Command can not be executed in this state.
	Time        : 07:34:46.65
	ActionType  : Dispense
	MachineMode : Manu
	MachineState: Active
	Object      : Gesim.GsPassivePip(DiluterDispenser)
	PLC Object  : FB_PassivPip
	PLC Action  : A_Dispense
	PLC AState  : 0

29.03.2023 07:12:04 - 41478 - Invalid state
	Description : Command can not be executed in this state.
	Time        : 07:35:00.06
	ActionType  : Dispense
	MachineMode : Manu
	MachineState: Active
	Object      : Gesim.GsPassivePip(DiluterDispenser)
	PLC Object  : FB_PassivPip
	PLC Action  : A_Dispense
	PLC AState  : 0

29.03.2023 07:14:43 - 41597 - Device is not locked
	Description : 
	Time        : 07:14:43.97
	Command     : EXECUTE_ACTION
	Object      : Gesim.GsExtruder(SyringeExtruder)
	Action      : Extrude->Extruder On

29.03.2023 07:17:19 - 41567 - Target position out of range - Y
	Description : Tool cannot move to target.
	Time        : 07:17:19.85
	Command     : EXECUTE_ACTION
	Object      : Gesim.GsHybridDispenser(Hybrid Dispenser)
	Action      : Move to Target->Mtp96_Horizontal->Well: A1->Top

29.03.2023 07:20:21 - 50013 - Changed configuration
	Description : The current configuration has changed significantly. Some settings might have changed.
	Time        : 07:20:21.54

29.03.2023 07:20:38 - 42247 - Scaffold Height Exceeded
	Description : Tool cannot move to all needed print positions (Z).
	Time        : 07:43:33.85
	ActionType  : Undefined
	MachineMode : Manu
	MachineState: Active
	Object      : Gesim.GsHybridDispenser(Hybrid Dispenser)
	PLC Object  : FB_HskMFunc
	PLC Action  : A_AssignRParamHeader
	PLC AState  : 2

29.03.2023 07:21:16 - 42247 - Scaffold Height Exceeded
	Description : Tool cannot move to all needed print positions (Z).
	Time        : 07:44:12.22
	ActionType  : Undefined
	MachineMode : Manu
	MachineState: Active
	Object      : Gesim.GsHybridDispenser(Hybrid Dispenser)
	PLC Object  : FB_HskMFunc
	PLC Action  : A_AssignRParamHeader
	PLC AState  : 2

29.03.2023 07:42:57 - 50013 - Changed configuration
	Description : The current configuration has changed significantly. Some settings might have changed.
	Time        : 07:42:57.47

30.03.2023 07:26:51 - 41216 - Communication timeout
	Description : Communication timeout - diluter.
	Time        : 07:49:49.81
	ActionType  : InitDevices
	MachineMode : Init
	MachineState: Active
	PLC Object  : FB_Diluter
	PLC Action  : A_Init
	PLC AState  : 1

30.03.2023 07:26:51 - 41216 - Communication timeout
	Description : Communication timeout - diluter.
	Time        : 07:49:50.04
	ActionType  : InitDevices
	MachineMode : Init
	MachineState: Error
	PLC Object  : FB_Diluter
	PLC Action  : A_Init
	PLC AState  : 1

30.03.2023 09:44:06 - 41587 - HighVoltSupplyOff
	Description : High voltage supply not available or not switched on
	Time        : 09:44:06.64
	Command     : EXECUTE_ACTION
	Object      : Gesim.GsHighVoltTray(HighVoltTray)
	Action      : Switch Voltage

30.03.2023 09:51:20 - 41575 - StopButtonNotReleased
	Description : 
	Time        : 09:51:20.56
	Command     : EXECUTE_ACTION

30.03.2023 10:02:06 - 41747 - Z-Sensor switch not found
	Description : Measurement: switching point not reached - Internal error (20)
	Time        : 10:25:03.50
	ActionType  : MoveZ
	MachineMode : Manu
	MachineState: Active
	Object      : Gesim.GsZSensor(ZSensor)
	PLC Object  : FB_MzTool
	PLC Action  : A_MoveZ
	PLC AState  : 0

30.03.2023 10:02:06 - 41747 - Z-Sensor switch not found
	Description : Measurement: switching point not reached - Internal error (20)
	Time        : 10:25:03.51
	ActionType  : Measure
	MachineMode : Manu
	MachineState: Active
	Object      : Gesim.GsZSensor(ZSensor)
	PLC Object  : FB_ComplexAction
	PLC Action  : A_MeasureTarget
	PLC AState  : 4

31.03.2023 06:57:28 - 41556 - Head not in free Z-pos.
	Description : 
	Time        : 07:20:29.75
	ActionType  : InitDevices
	MachineMode : Init
	MachineState: Active
	Object      : Gesim.GsHead(Head)
	PLC Object  : FB_MzHead
	PLC Action  : A_Init
	PLC AState  : 3

31.03.2023 09:47:07 - 41216 - Communication timeout
	Description : Communication timeout - diluter.
	Time        : 10:10:09.03
	ActionType  : InitDevices
	MachineMode : Init
	MachineState: Active
	PLC Object  : FB_Diluter
	PLC Action  : A_Init
	PLC AState  : 1

31.03.2023 09:47:08 - 41216 - Communication timeout
	Description : Communication timeout - diluter.
	Time        : 10:10:09.26
	ActionType  : InitDevices
	MachineMode : Init
	MachineState: Error
	PLC Object  : FB_Diluter
	PLC Action  : A_Init
	PLC AState  : 1

31.03.2023 09:48:12 - 41597 - Device is not locked
	Description : 
	Time        : 10:11:13.21
	ActionType  : Undefined
	MachineMode : Manu
	MachineState: Active
	Object      : Gesim.GsExtruder(SyringeExtruder)
	PLC Object  : GCode
	PLC Action  : A_Start
	PLC AState  : 1

31.03.2023 09:48:51 - 41488 - Pressure timeout
	Description : 
	Time        : 10:11:52.62
	ActionType  : Undefined
	MachineMode : Manu
	MachineState: Active
	Object      : Gesim.GsCartridgeDisp(CartridgeDispenser (Core1))
	PLC Object  : FB_CartridgeDisp
	PLC Action  : UNDEFIEND
	PLC AState  : 0

31.03.2023 09:49:16 - 41478 - Invalid state
	Description : Command can not be executed in this state.
	Time        : 10:12:17.76
	ActionType  : Undefined
	MachineMode : Manu
	MachineState: Active
	Object      : Gesim.GsMultiCartHolder(CoreShellHolder)
	PLC Object  : FB_HskMFunc
	PLC Action  : A_SetPrintParams
	PLC AState  : 0

31.03.2023 09:50:53 - 41992 - MultiZIsStillMoving
	Description : Internal error
	Time        : 09:50:53.97
	Command     : EXECUTE_ACTION
	Object      : Gesim.GsMultiCartHolder(CoreShellHolder)
	Action      : Move Z->Home

31.03.2023 09:57:10 - 41995 - InvalidToolConfig
	Description : 
	Time        : 10:20:11.94
	ActionType  : Undefined
	MachineMode : Config
	MachineState: Active
	PLC Object  : FB_MultiZRef
	PLC Action  : A_SetConfig
	PLC AState  : 0

31.03.2023 09:57:10 - 41995 - InvalidToolConfig
	Description : 
	Time        : 10:20:11.95
	ActionType  : Undefined
	MachineMode : Config
	MachineState: Active
	PLC Object  : FB_Configuration
	PLC Action  : A_Activate
	PLC AState  : 0

31.03.2023 09:57:22 - 41995 - InvalidToolConfig
	Description : 
	Time        : 10:20:11.95
	ActionType  : Undefined
	MachineMode : Config
	MachineState: Active
	PLC Object  : FB_Configuration
	PLC Action  : A_Activate
	PLC AState  : 0

31.03.2023 10:50:28 - 41503 - Configuration not activated
	Description : 
	Time        : 10:50:28.46
	Command     : CHANGE_MODE

31.03.2023 10:51:41 - 41503 - Configuration not activated
	Description : 
	Time        : 10:51:41.11
	Command     : CHANGE_MODE

31.03.2023 10:53:59 - 50013 - Changed configuration
	Description : The current configuration has changed significantly. Some settings might have changed.
	Time        : 10:53:59.69

31.03.2023 10:54:48 - 41069 - No nozzle on tool
	Description : A printing tool was configured without a nozzle.
	Time        : 11:17:50.22
	ActionType  : Undefined
	MachineMode : Config
	MachineState: Active
	Object      : Gesim.GsExtruder(SyringeExtruder)
	PLC Object  : UNDEFIEND
	PLC Action  : UNDEFIEND
	PLC AState  : 0

31.03.2023 10:54:53 - 41069 - No nozzle on tool
	Description : A printing tool was configured without a nozzle.
	Time        : 11:17:54.94
	ActionType  : Undefined
	MachineMode : Config
	MachineState: Active
	Object      : Gesim.GsExtruder(SyringeExtruder)
	PLC Object  : UNDEFIEND
	PLC Action  : UNDEFIEND
	PLC AState  : 0

31.03.2023 10:56:16 - 41568 - Target position out of range - Z
	Description : Tool cannot move to target.
	Time        : 10:56:16.99
	Command     : EXECUTE_ACTION
	Object      : Gesim.GsHybridDispenser(Hybrid Dispenser)
	Action      : Move Z->Relative->40 mm->72 mm/s

31.03.2023 10:56:24 - 41568 - Target position out of range - Z
	Description : Tool cannot move to target.
	Time        : 10:56:24.60
	Command     : EXECUTE_ACTION
	Object      : Gesim.GsHybridDispenser(Hybrid Dispenser)
	Action      : Move Z->Relative->30 mm->72 mm/s

31.03.2023 10:56:29 - 41568 - Target position out of range - Z
	Description : Tool cannot move to target.
	Time        : 10:56:29.16
	Command     : EXECUTE_ACTION
	Object      : Gesim.GsHybridDispenser(Hybrid Dispenser)
	Action      : Move Z->Relative->20 mm->72 mm/s

31.03.2023 10:56:33 - 41568 - Target position out of range - Z
	Description : Tool cannot move to target.
	Time        : 10:56:33.95
	Command     : EXECUTE_ACTION
	Object      : Gesim.GsHybridDispenser(Hybrid Dispenser)
	Action      : Move Z->Relative->10 mm->72 mm/s

31.03.2023 10:58:37 - 41568 - Target position out of range - Z
	Description : Tool cannot move to target.
	Time        : 10:58:37.72
	Command     : EXECUTE_ACTION
	Object      : Gesim.GsHybridDispenser(Hybrid Dispenser)
	Action      : Move Z->Relative->10 mm->72 mm/s

31.03.2023 10:59:01 - 41622 - Invalid clean wire speed
	Description : 
	Time        : 10:59:01.47
	Command     : EXECUTE_ACTION
	Object      : Gesim.GsHybridDispenser(Hybrid Dispenser)
	Action      : Clean Tip->Wire->CleaningBrush Polyamide

31.03.2023 10:59:39 - 41622 - Invalid clean wire speed
	Description : 
	Time        : 10:59:39.09
	Command     : EXECUTE_ACTION
	Object      : Gesim.GsHybridDispenser(Hybrid Dispenser)
	Action      : Clean Tip->Wire->CleaningBrush Polyamide

31.03.2023 11:00:12 - 41500 - Target position out of range - X
	Description : Tool cannot move to target.
	Time        : 11:00:12.76
	Command     : EXECUTE_ACTION
	Object      : Gesim.GsHybridDispenser(Hybrid Dispenser)
	Action      : Move to Target->Mtp96_Horizontal->Well: H12->Top

31.03.2023 11:00:17 - 41500 - Target position out of range - X
	Description : Tool cannot move to target.
	Time        : 11:00:17.85
	Command     : EXECUTE_ACTION
	Object      : Gesim.GsHybridDispenser(Hybrid Dispenser)
	Action      : Move to Target->Mtp96_Horizontal->Well: A12->Top

31.03.2023 11:55:32 - 50001 - Camera not found
	Description : The specified camera could not be found.
	Time        : 11:55:32.33
	Exception   : System.InvalidOperationException: Sequence contains no matching element
   at System.Linq.Enumerable.First[TSource](IEnumerable`1 source, Func`2 predicate)
   at GesimRobotics.CameraOptions.GetCamera(String id)
   at GesimRobotics.ViewModels.CameraControl..ctor(String id, CameraType type)

31.03.2023 11:56:07 - 41502 - Pipet move with Z-Sensor
	Description : The pipet cannot move with Z-Sensor mounted.
	Time        : 12:19:08.92
	ActionType  : MoveToTarget
	MachineMode : Manu
	MachineState: Active
	PLC Object  : FB_ComplexAction
	PLC Action  : A_MoveToTarget
	PLC AState  : 0

31.03.2023 12:12:01 - 41216 - Communication timeout
	Description : Communication timeout - diluter.
	Time        : 12:35:01.90
	ActionType  : InitDevices
	MachineMode : Init
	MachineState: Active
	PLC Object  : FB_Diluter
	PLC Action  : A_Init
	PLC AState  : 1

31.03.2023 12:12:01 - 41216 - Communication timeout
	Description : Communication timeout - diluter.
	Time        : 12:35:02.13
	ActionType  : InitDevices
	MachineMode : Init
	MachineState: Error
	PLC Object  : FB_Diluter
	PLC Action  : A_Init
	PLC AState  : 1

03.04.2023 13:52:09 - 41728 - No Z-axis
	Description : Z-axis is not available - Internal error (1)
	Time        : 14:55:11.28
	ActionType  : Undefined
	MachineMode : Config
	MachineState: Active
	PLC Object  : FB_MultiZRef
	PLC Action  : A_SetConfig
	PLC AState  : 0

03.04.2023 13:52:09 - 41728 - No Z-axis
	Description : Z-axis is not available - Internal error (1)
	Time        : 14:55:11.29
	ActionType  : Undefined
	MachineMode : Config
	MachineState: Active
	PLC Object  : FB_Configuration
	PLC Action  : A_Activate
	PLC AState  : 0

03.04.2023 13:52:23 - 41728 - No Z-axis
	Description : Z-axis is not available - Internal error (1)
	Time        : 14:55:11.29
	ActionType  : Undefined
	MachineMode : Config
	MachineState: Active
	PLC Object  : FB_Configuration
	PLC Action  : A_Activate
	PLC AState  : 0

03.04.2023 14:01:05 - 41728 - No Z-axis
	Description : Z-axis is not available - Internal error (1)
	Time        : 14:01:05.16
	Command     : SETUP_AXIS

03.04.2023 14:01:18 - 41728 - No Z-axis
	Description : Z-axis is not available - Internal error (1)
	Time        : 14:01:18.80
	Command     : SETUP_AXIS

04.04.2023 13:20:02 -  1817 - device has a timeout
	Description : 
	Time        : 12:51:18.63
	ActionType  : Undefined
	MachineMode : Config
	MachineState: Idle
	PLC Object  : ScanHwModules
	PLC Action  : UNDEFIEND
	PLC AState  : 11

04.04.2023 13:20:14 - 41478 - Invalid state
	Description : Command can not be executed in this state.
	Time        : 13:20:14.53
	Command     : SETUP_AXIS

04.04.2023 13:20:32 -  1817 - device has a timeout
	Description : 
	Time        : 12:51:18.63
	ActionType  : Undefined
	MachineMode : Config
	MachineState: Idle
	PLC Object  : ScanHwModules
	PLC Action  : UNDEFIEND
	PLC AState  : 11

04.04.2023 13:21:39 -  1817 - device has a timeout
	Description : 
	Time        : 13:24:43.59
	ActionType  : Undefined
	MachineMode : Config
	MachineState: Idle
	PLC Object  : ScanHwModules
	PLC Action  : UNDEFIEND
	PLC AState  : 11

04.04.2023 13:25:19 - 50005 - Connection error
	Description : The connection to the device could not be established.
	Time        : 13:25:19.16
	Exception   : System.InvalidOperationException: This BackgroundWorker is currently busy and cannot run multiple tasks concurrently.
   at Gesim.GsMachine.Connect(String routeName, Boolean record, Boolean withoutActivation)
   at GesimRobotics.ViewModels.Dialogs.DebugMenuDialog.connect()

04.04.2023 13:25:39 - 50005 - Connection error
	Description : The connection to the device could not be established.
	Time        : 13:25:39.94
	Exception   : System.InvalidOperationException: This BackgroundWorker is currently busy and cannot run multiple tasks concurrently.
   at Gesim.GsMachine.Connect(String routeName, Boolean record, Boolean withoutActivation)
   at GesimRobotics.ViewModels.Dialogs.DebugMenuDialog.connect()

04.04.2023 13:27:58 -  1817 - device has a timeout
	Description : 
	Time        : 13:31:02.66
	ActionType  : Undefined
	MachineMode : Config
	MachineState: Idle
	PLC Object  : ScanHwModules
	PLC Action  : UNDEFIEND
	PLC AState  : 11

04.04.2023 13:35:34 - 41476 - Object does not exist
	Description : 
	Time        : 13:35:34.48
	Command     : WRITE_ALL_PROPS
	Object      : Gesim.GsDiluter(Diluter 3-Way left)

04.04.2023 13:35:39 - 41476 - Object does not exist
	Description : 
	Time        : 13:35:39.54
	Command     : READ_ALL_PROPS
	Object      : Gesim.GsDiluter(Diluter 3-Way left)

04.04.2023 14:15:47 - 41556 - Head not in free Z-pos.
	Description : 
	Time        : 14:19:01.21
	ActionType  : InitDevices
	MachineMode : Init
	MachineState: Active
	Object      : Gesim.GsHead(Head)
	PLC Object  : FB_MzHead
	PLC Action  : A_Init
	PLC AState  : 3

04.04.2023 14:40:38 - 50013 - Changed configuration
	Description : The current configuration has changed significantly. Some settings might have changed.
	Time        : 14:40:38.49

04.04.2023 14:41:54 - 41474 - Mode change impossible
	Description : Mode can only be changed in state "idle".
	Time        : 14:41:54.91
	Command     : CHANGE_MODE

04.04.2023 14:41:57 - 41473 - Invalid mode
	Description : Command cannot be executed in this mode.
	Time        : 14:41:57.16
	Command     : WRITE_HW_PROP
	Comment     : ModulId: 65537 PropType: WorkplateDim Value: 588000

04.04.2023 14:51:49 - 41491 - Device not initialized
	Description : 
	Time        : 14:51:49.72
	Command     : EXECUTE_ACTION
	Object      : Gesim.GsCartridgeHolder(CatridgeHolderNoHeater)
	Action      : Jog

05.04.2023 06:26:03 - 50013 - Changed configuration
	Description : The current configuration has changed significantly. Some settings might have changed.
	Time        : 06:26:03.32

05.04.2023 06:29:13 - 41613 - PressureSupply
	Description : 
	Time        : 06:32:27.71
	ActionType  : Undefined
	MachineMode : Manu
	MachineState: Active
	Object      : Gesim.GsCartridgeDisp(Cartridge Dispenser (10ml))
	PLC Object  : FB_HskMFunc
	PLC Action  : A_SetPrintParams
	PLC AState  : 0

05.04.2023 06:29:22 - 41613 - PressureSupply
	Description : 
	Time        : 06:32:36.85
	ActionType  : Undefined
	MachineMode : Manu
	MachineState: Active
	Object      : Gesim.GsCartridgeDisp(Cartridge Dispenser (10ml))
	PLC Object  : FB_HskMFunc
	PLC Action  : A_SetPrintParams
	PLC AState  : 0

05.04.2023 06:29:35 - 17744 - Following error monitoring (position).
	Description : With active following error monitoring (position) a following error exceedance has occurred, whose magnitude is greater than the following error window, and whose duration is longer than the parameterised following error filter time.
	Time        : 06:32:49.46
	ActionType  : Undefined
	MachineMode : Manu
	MachineState: Active
	PLC Object  : GCode
	PLC Action  : A_Run
	PLC AState  : 20

05.04.2023 06:29:43 -  1799 - device is not in a ready state
	Description : 
	Time        : 06:32:57.88
	ActionType  : Undefined
	MachineMode : Manu
	MachineState: Reset
	PLC Object  : GCode
	PLC Action  : A_Reset
	PLC AState  : 1

05.04.2023 06:37:09 - 42250 - Scaffold Depth Exceeded
	Description : Tool cannot move to all needed print positions (Y).
	Time        : 06:40:24.27
	ActionType  : Undefined
	MachineMode : Manu
	MachineState: Active
	Object      : Gesim.GsCartridgeDisp(Cartridge Dispenser (10ml))
	PLC Object  : FB_HskMFunc
	PLC Action  : A_AssignRParamHeader
	PLC AState  : 2

05.04.2023 06:37:29 - 42250 - Scaffold Depth Exceeded
	Description : Tool cannot move to all needed print positions (Y).
	Time        : 06:40:43.89
	ActionType  : Undefined
	MachineMode : Manu
	MachineState: Active
	Object      : Gesim.GsCartridgeDisp(Cartridge Dispenser (10ml))
	PLC Object  : FB_HskMFunc
	PLC Action  : A_AssignRParamHeader
	PLC AState  : 2

05.04.2023 07:42:13 - 50013 - Changed configuration
	Description : The current configuration has changed significantly. Some settings might have changed.
	Time        : 07:42:13.18

05.04.2023 13:00:45 - 50013 - Changed configuration
	Description : The current configuration has changed significantly. Some settings might have changed.
	Time        : 13:00:45.05

05.04.2023 13:06:46 - 50013 - Changed configuration
	Description : The current configuration has changed significantly. Some settings might have changed.
	Time        : 13:06:46.54

05.04.2023 13:09:51 - 41568 - Target position out of range - Z
	Description : Tool cannot move to target.
	Time        : 13:13:05.74
	ActionType  : Undefined
	MachineMode : Auto
	MachineState: Running
	PLC Object  : GCode
	PLC Action  : A_MoveZ
	PLC AState  : 0

05.04.2023 13:09:51 - 41568 - Target position out of range - Z
	Description : Tool cannot move to target.
	Time        : 13:13:05.74
	ActionType  : Undefined
	MachineMode : Auto
	MachineState: Running
	PLC Object  : GCode
	PLC Action  : A_MoveZ
	PLC AState  : 99

05.04.2023 13:11:02 - 41568 - Target position out of range - Z
	Description : Tool cannot move to target.
	Time        : 13:14:16.82
	ActionType  : Undefined
	MachineMode : Auto
	MachineState: Running
	PLC Object  : GCode
	PLC Action  : A_MoveZ
	PLC AState  : 0

05.04.2023 13:11:02 - 41568 - Target position out of range - Z
	Description : Tool cannot move to target.
	Time        : 13:14:16.82
	ActionType  : Undefined
	MachineMode : Auto
	MachineState: Running
	PLC Object  : GCode
	PLC Action  : A_MoveZ
	PLC AState  : 99

05.04.2023 13:11:12 - 41568 - Target position out of range - Z
	Description : Tool cannot move to target.
	Time        : 13:14:26.62
	ActionType  : Undefined
	MachineMode : Auto
	MachineState: Running
	PLC Object  : GCode
	PLC Action  : A_MoveZ
	PLC AState  : 0

05.04.2023 13:11:12 - 41568 - Target position out of range - Z
	Description : Tool cannot move to target.
	Time        : 13:14:26.62
	ActionType  : Undefined
	MachineMode : Auto
	MachineState: Running
	PLC Object  : GCode
	PLC Action  : A_MoveZ
	PLC AState  : 99

05.04.2023 13:11:45 - 41568 - Target position out of range - Z
	Description : Tool cannot move to target.
	Time        : 13:14:59.25
	ActionType  : Undefined
	MachineMode : Auto
	MachineState: Running
	PLC Object  : GCode
	PLC Action  : A_MoveZ
	PLC AState  : 0

05.04.2023 13:11:45 - 41568 - Target position out of range - Z
	Description : Tool cannot move to target.
	Time        : 13:14:59.25
	ActionType  : Undefined
	MachineMode : Auto
	MachineState: Running
	PLC Object  : GCode
	PLC Action  : A_MoveZ
	PLC AState  : 99

05.04.2023 13:12:01 - 41568 - Target position out of range - Z
	Description : Tool cannot move to target.
	Time        : 13:15:15.91
	ActionType  : Undefined
	MachineMode : Auto
	MachineState: Running
	PLC Object  : GCode
	PLC Action  : A_MoveZ
	PLC AState  : 0

05.04.2023 13:12:01 - 41568 - Target position out of range - Z
	Description : Tool cannot move to target.
	Time        : 13:15:15.91
	ActionType  : Undefined
	MachineMode : Auto
	MachineState: Running
	PLC Object  : GCode
	PLC Action  : A_MoveZ
	PLC AState  : 99

05.04.2023 13:24:35 - 17085 - Limit exceeded
	Description : NC-Block violates software limit switches of the group.
	Time        : 13:27:49.55
	ActionType  : Undefined
	MachineMode : Auto
	MachineState: Running
	PLC Object  : GCode
	PLC Action  : A_Run
	PLC AState  : 20

05.04.2023 13:32:32 - 17085 - Limit exceeded
	Description : NC-Block violates software limit switches of the group.
	Time        : 13:35:46.38
	ActionType  : Undefined
	MachineMode : Auto
	MachineState: Running
	PLC Object  : GCode
	PLC Action  : A_Run
	PLC AState  : 20

05.04.2023 13:42:26 - 16659 - Missing subroutine
	Description : The NC has found a missing subroutine while loading..
	Time        : 13:45:40.74
	ActionType  : Undefined
	MachineMode : Auto
	MachineState: Running
	PLC Object  : GCode
	PLC Action  : A_Load
	PLC AState  : 2

05.04.2023 13:42:48 - 16659 - Missing subroutine
	Description : The NC has found a missing subroutine while loading..
	Time        : 13:46:02.88
	ActionType  : Undefined
	MachineMode : Auto
	MachineState: Running
	PLC Object  : GCode
	PLC Action  : A_Load
	PLC AState  : 2

05.04.2023 13:57:28 - 41749 - FollowingErrorZAxis
	Description : 
	Time        : 14:00:42.32
	ActionType  : MoveZ
	MachineMode : Auto
	MachineState: Running
	Object      : Gesim.GsCartridgeDisp(Cartridge Dispenser (10ml))
	PLC Object  : FB_MzTool
	PLC Action  : A_MoveZ
	PLC AState  : 0

05.04.2023 13:57:28 - 41749 - FollowingErrorZAxis
	Description : 
	Time        : 14:00:42.32
	ActionType  : Undefined
	MachineMode : Auto
	MachineState: Running
	PLC Object  : GCode
	PLC Action  : A_MoveZ
	PLC AState  : 1

05.04.2023 13:57:57 - 41491 - Device not initialized
	Description : 
	Time        : 14:01:11.43
	ActionType  : MoveZ
	MachineMode : Auto
	MachineState: Running
	Object      : Gesim.GsHead(Head)
	PLC Object  : FB_MzHead
	PLC Action  : A_MoveZ
	PLC AState  : 80

05.04.2023 13:57:57 - 41491 - Device not initialized
	Description : 
	Time        : 14:01:11.43
	ActionType  : Undefined
	MachineMode : Auto
	MachineState: Running
	Object      : Gesim.GsHead(Head)
	PLC Object  : GCode
	PLC Action  : A_Start
	PLC AState  : 2

05.04.2023 14:03:56 - 41734 - Low position accuracy
	Description : Target not reached with required accuracy but motor has stopped - Internal error (7)
	Time        : 14:07:10.17
	ActionType  : MoveZ
	MachineMode : Auto
	MachineState: Running
	Object      : Gesim.GsCartridgeDisp(Cartridge Dispenser (10ml))
	PLC Object  : FB_MzTool
	PLC Action  : A_MoveZ
	PLC AState  : 0

05.04.2023 14:03:56 - 41734 - Low position accuracy
	Description : Target not reached with required accuracy but motor has stopped - Internal error (7)
	Time        : 14:07:10.17
	ActionType  : Undefined
	MachineMode : Auto
	MachineState: Running
	PLC Object  : GCode
	PLC Action  : A_MoveZ
	PLC AState  : 1

05.04.2023 14:08:37 - 41491 - Device not initialized
	Description : 
	Time        : 14:11:51.60
	ActionType  : MoveZ
	MachineMode : Auto
	MachineState: Running
	Object      : Gesim.GsHead(Head)
	PLC Object  : FB_MzHead
	PLC Action  : A_MoveZ
	PLC AState  : 80

05.04.2023 14:08:37 - 41491 - Device not initialized
	Description : 
	Time        : 14:11:51.60
	ActionType  : Undefined
	MachineMode : Auto
	MachineState: Running
	Object      : Gesim.GsHead(Head)
	PLC Object  : GCode
	PLC Action  : A_Start
	PLC AState  : 2

06.04.2023 07:30:54 - 17085 - Limit exceeded
	Description : NC-Block violates software limit switches of the group.
	Time        : 07:34:09.05
	ActionType  : Undefined
	MachineMode : Auto
	MachineState: Running
	PLC Object  : GCode
	PLC Action  : A_Run
	PLC AState  : 20

06.04.2023 13:43:17 -     6 - Unexpected error
	Description : An unexpected error has occurred.
	Time        : 13:45:49.95
	ActionType  : Undefined
	MachineMode : Config
	MachineState: Idle
	PLC Object  : ScanHwModules
	PLC Action  : UNDEFIEND
	PLC AState  : 8

06.04.2023 13:43:28 -     6 - Unexpected error
	Description : An unexpected error has occurred.
	Time        : 13:46:36.04
	ActionType  : Undefined
	MachineMode : Config
	MachineState: Idle
	PLC Object  : ScanHwModules
	PLC Action  : UNDEFIEND
	PLC AState  : 8

06.04.2023 13:52:42 -     6 - Unexpected error
	Description : An unexpected error has occurred.
	Time        : 13:55:28.60
	ActionType  : Undefined
	MachineMode : Config
	MachineState: Idle
	PLC Object  : ScanHwModules
	PLC Action  : UNDEFIEND
	PLC AState  : 8

06.04.2023 13:53:56 -     6 - Unexpected error
	Description : An unexpected error has occurred.
	Time        : 13:56:42.52
	ActionType  : Undefined
	MachineMode : Config
	MachineState: Idle
	PLC Object  : ScanHwModules
	PLC Action  : UNDEFIEND
	PLC AState  : 8

06.04.2023 14:00:42 -     6 - Unexpected error
	Description : An unexpected error has occurred.
	Time        : 14:03:17.45
	ActionType  : Undefined
	MachineMode : Config
	MachineState: Idle
	PLC Object  : ScanHwModules
	PLC Action  : UNDEFIEND
	PLC AState  : 8

06.04.2023 14:14:38 - 19209 - Unexpected error
	Description : An unexpected error has occurred.
	Time        : 14:17:54.12
	ActionType  : Undefined
	MachineMode : Init
	MachineState: Active
	PLC Object  : UNDEFIEND
	PLC Action  : UNDEFIEND
	PLC AState  : 0

06.04.2023 14:14:38 - 19209 - Unexpected error
	Description : An unexpected error has occurred.
	Time        : 14:17:54.14
	ActionType  : Undefined
	MachineMode : Init
	MachineState: Active
	PLC Object  : UNDEFIEND
	PLC Action  : UNDEFIEND
	PLC AState  : 0

06.04.2023 14:14:39 - 19209 - Unexpected error
	Description : An unexpected error has occurred.
	Time        : 14:17:54.15
	ActionType  : InitDevices
	MachineMode : Init
	MachineState: Active
	Object      : Gesim.GsHead(Head)
	PLC Object  : FB_MzHead
	PLC Action  : A_Init
	PLC AState  : 40

06.04.2023 14:15:09 - 19209 - Unexpected error
	Description : An unexpected error has occurred.
	Time        : 14:18:24.45
	ActionType  : Undefined
	MachineMode : Init
	MachineState: Active
	PLC Object  : UNDEFIEND
	PLC Action  : UNDEFIEND
	PLC AState  : 0

06.04.2023 14:15:09 - 19209 - Unexpected error
	Description : An unexpected error has occurred.
	Time        : 14:18:24.47
	ActionType  : Undefined
	MachineMode : Init
	MachineState: Active
	PLC Object  : UNDEFIEND
	PLC Action  : UNDEFIEND
	PLC AState  : 0

06.04.2023 14:15:09 - 19209 - Unexpected error
	Description : An unexpected error has occurred.
	Time        : 14:18:24.48
	ActionType  : InitDevices
	MachineMode : Init
	MachineState: Active
	Object      : Gesim.GsHead(Head)
	PLC Object  : FB_MzHead
	PLC Action  : A_Init
	PLC AState  : 40

13.04.2023 13:31:24 - 17744 - Following error monitoring (position).
	Description : With active following error monitoring (position) a following error exceedance has occurred, whose magnitude is greater than the following error window, and whose duration is longer than the parameterised following error filter time.
	Time        : 13:34:44.60
	ActionType  : Undefined
	MachineMode : Init
	MachineState: Active
	PLC Object  : UNDEFIEND
	PLC Action  : UNDEFIEND
	PLC AState  : 0

13.04.2023 13:31:24 - 17744 - Following error monitoring (position).
	Description : With active following error monitoring (position) a following error exceedance has occurred, whose magnitude is greater than the following error window, and whose duration is longer than the parameterised following error filter time.
	Time        : 13:34:44.69
	ActionType  : InitDevices
	MachineMode : Init
	MachineState: Active
	Object      : Gesim.GsHead(Head)
	PLC Object  : FB_MzHead
	PLC Action  : A_Init
	PLC AState  : 40

13.04.2023 13:31:47 - 17744 - Following error monitoring (position).
	Description : With active following error monitoring (position) a following error exceedance has occurred, whose magnitude is greater than the following error window, and whose duration is longer than the parameterised following error filter time.
	Time        : 13:35:07.78
	ActionType  : Undefined
	MachineMode : Maintenance
	MachineState: Active
	PLC Object  : UNDEFIEND
	PLC Action  : UNDEFIEND
	PLC AState  : 0

13.04.2023 13:31:47 - 17744 - Following error monitoring (position).
	Description : With active following error monitoring (position) a following error exceedance has occurred, whose magnitude is greater than the following error window, and whose duration is longer than the parameterised following error filter time.
	Time        : 13:35:07.79
	ActionType  : Undefined
	MachineMode : Maintenance
	MachineState: Active
	PLC Object  : UNDEFIEND
	PLC Action  : UNDEFIEND
	PLC AState  : 0

13.04.2023 13:31:53 -  1864 - ADS port not opened
	Description : Internal error
	Time        : 13:31:53.30
	Command     : STOP

13.04.2023 13:32:04 -  1864 - ADS port not opened
	Description : Internal error
	Time        : 13:32:04.88
	Command     : CHANGE_MODE

13.04.2023 13:32:06 -  1864 - ADS port not opened
	Description : Internal error
	Time        : 13:32:06.93
	Command     : SETUP_AXIS

13.04.2023 13:32:09 -  1864 - ADS port not opened
	Description : Internal error
	Time        : 13:32:09.82
	Command     : STOP

13.04.2023 13:38:31 - 17744 - Following error monitoring (position).
	Description : With active following error monitoring (position) a following error exceedance has occurred, whose magnitude is greater than the following error window, and whose duration is longer than the parameterised following error filter time.
	Time        : 13:41:51.25
	ActionType  : Undefined
	MachineMode : Init
	MachineState: Active
	PLC Object  : UNDEFIEND
	PLC Action  : UNDEFIEND
	PLC AState  : 0

13.04.2023 13:38:31 - 17744 - Following error monitoring (position).
	Description : With active following error monitoring (position) a following error exceedance has occurred, whose magnitude is greater than the following error window, and whose duration is longer than the parameterised following error filter time.
	Time        : 13:41:51.40
	ActionType  : InitDevices
	MachineMode : Init
	MachineState: Active
	Object      : Gesim.GsHead(Head)
	PLC Object  : FB_MzHead
	PLC Action  : A_Init
	PLC AState  : 40

14.04.2023 12:07:00 - 41995 - InvalidToolConfig
	Description : 
	Time        : 12:10:21.08
	ActionType  : Undefined
	MachineMode : Config
	MachineState: Active
	PLC Object  : FB_MultiZRef
	PLC Action  : A_SetConfig
	PLC AState  : 0

14.04.2023 12:07:00 - 41995 - InvalidToolConfig
	Description : 
	Time        : 12:10:21.09
	ActionType  : Undefined
	MachineMode : Config
	MachineState: Active
	PLC Object  : FB_Configuration
	PLC Action  : A_Activate
	PLC AState  : 0

14.04.2023 12:07:06 - 41995 - InvalidToolConfig
	Description : 
	Time        : 12:10:27.58
	ActionType  : Undefined
	MachineMode : Config
	MachineState: Active
	PLC Object  : FB_MultiZRef
	PLC Action  : A_SetConfig
	PLC AState  : 0

14.04.2023 12:07:06 - 41995 - InvalidToolConfig
	Description : 
	Time        : 12:10:27.59
	ActionType  : Undefined
	MachineMode : Config
	MachineState: Active
	PLC Object  : FB_Configuration
	PLC Action  : A_Activate
	PLC AState  : 0

14.04.2023 12:59:15 -  1792 - error class <device error>
	Description : 
	Time        : 13:02:37.27
	ActionType  : InitDevices
	MachineMode : Init
	MachineState: Active
	Object      : Gesim.GsInkStation(InkStation)
	PLC Object  : FB_InkStation
	PLC Action  : A_Init
	PLC AState  : 0

14.04.2023 12:59:15 - 41216 - Communication timeout
	Description : Communication timeout - diluter.
	Time        : 13:02:37.47
	ActionType  : InitDevices
	MachineMode : Init
	MachineState: Error
	PLC Object  : FB_Diluter
	PLC Action  : A_Init
	PLC AState  : 1

14.04.2023 12:59:58 - 41473 - Invalid mode
	Description : Command cannot be executed in this mode.
	Time        : 12:59:58.78
	Command     : EXECUTE_ACTION
	Object      : Gesim.GsSubstHolder(SingleSubstrateHeater)
	Action      : Heating->On->100°C

14.04.2023 13:01:32 - 41556 - Head not in free Z-pos.
	Description : 
	Time        : 13:04:53.78
	ActionType  : InitDevices
	MachineMode : Init
	MachineState: Active
	Object      : Gesim.GsHead(Head)
	PLC Object  : FB_MzHead
	PLC Action  : A_Init
	PLC AState  : 3

14.04.2023 13:02:01 - 41556 - Head not in free Z-pos.
	Description : 
	Time        : 13:05:22.64
	ActionType  : InitDevices
	MachineMode : Init
	MachineState: Active
	Object      : Gesim.GsHead(Head)
	PLC Object  : FB_MzHead
	PLC Action  : A_Init
	PLC AState  : 3

14.04.2023 13:13:01 - 41216 - Communication timeout
	Description : Communication timeout - diluter.
	Time        : 13:16:23.30
	ActionType  : InitDevices
	MachineMode : Init
	MachineState: Active
	PLC Object  : FB_Diluter
	PLC Action  : A_Init
	PLC AState  : 1

14.04.2023 13:20:39 -  1792 - error class <device error>
	Description : 
	Time        : 13:24:01.02
	ActionType  : InitDevices
	MachineMode : Init
	MachineState: Active
	Object      : Gesim.GsInkStation(InkStation)
	PLC Object  : FB_InkStation
	PLC Action  : A_Init
	PLC AState  : 0

14.04.2023 13:26:13 -  1792 - error class <device error>
	Description : 
	Time        : 13:29:35.22
	ActionType  : InitDevices
	MachineMode : Init
	MachineState: Active
	Object      : Gesim.GsInkStation(InkStation)
	PLC Object  : FB_InkStation
	PLC Action  : A_Init
	PLC AState  : 0

17.04.2023 08:52:45 - 41556 - Head not in free Z-pos.
	Description : 
	Time        : 08:56:07.93
	ActionType  : InitDevices
	MachineMode : Init
	MachineState: Active
	Object      : Gesim.GsHead(Head)
	PLC Object  : FB_MzHead
	PLC Action  : A_Init
	PLC AState  : 3

17.04.2023 08:53:04 - 41556 - Head not in free Z-pos.
	Description : 
	Time        : 08:56:26.89
	ActionType  : InitDevices
	MachineMode : Init
	MachineState: Active
	Object      : Gesim.GsHead(Head)
	PLC Object  : FB_MzHead
	PLC Action  : A_Init
	PLC AState  : 3

17.04.2023 08:59:46 -  1817 - device has a timeout
	Description : 
	Time        : 09:02:54.68
	ActionType  : Undefined
	MachineMode : Config
	MachineState: Idle
	PLC Object  : ScanHwModules
	PLC Action  : UNDEFIEND
	PLC AState  : 11

17.04.2023 09:00:00 - 41478 - Invalid state
	Description : Command can not be executed in this state.
	Time        : 09:00:00.31
	Command     : SETUP_AXIS

17.04.2023 09:00:12 - 41576 - Interlock not locked
	Description : 
	Time        : 09:00:12.97
	Command     : SETUP_AXIS

17.04.2023 09:37:57 -  1792 - error class <device error>
	Description : 
	Time        : 09:41:20.21
	ActionType  : InitDevices
	MachineMode : Init
	MachineState: Active
	Object      : Gesim.GsInkStation(InkStation)
	PLC Object  : FB_InkStation
	PLC Action  : A_Init
	PLC AState  : 0

17.04.2023 14:17:16 - 50005 - Connection error
	Description : The connection to the device could not be established.
	Time        : 14:17:16.60
	Exception   : System.Exception: Missing route: CP-705CCE
   at Gesim.GsMachine.Connect(String routeName, Boolean record, Boolean withoutActivation)
   at GesimRobotics.ViewModels.ConnectionManager.Connect(String routeName)

17.04.2023 14:19:27 - 41556 - Head not in free Z-pos.
	Description : 
	Time        : 14:23:40.74
	ActionType  : InitDevices
	MachineMode : Init
	MachineState: Active
	Object      : Gesim.GsHead(Head)
	PLC Object  : FB_MzHead
	PLC Action  : A_Init
	PLC AState  : 3

17.04.2023 14:20:02 - 17744 - Following error monitoring (position).
	Description : With active following error monitoring (position) a following error exceedance has occurred, whose magnitude is greater than the following error window, and whose duration is longer than the parameterised following error filter time.
	Time        : 14:24:15.54
	ActionType  : Undefined
	MachineMode : Init
	MachineState: Active
	PLC Object  : UNDEFIEND
	PLC Action  : UNDEFIEND
	PLC AState  : 0

17.04.2023 14:20:02 - 17744 - Following error monitoring (position).
	Description : With active following error monitoring (position) a following error exceedance has occurred, whose magnitude is greater than the following error window, and whose duration is longer than the parameterised following error filter time.
	Time        : 14:24:15.67
	ActionType  : InitDevices
	MachineMode : Init
	MachineState: Active
	Object      : Gesim.GsHead(Head)
	PLC Object  : FB_MzHead
	PLC Action  : A_Init
	PLC AState  : 40

17.04.2023 14:20:48 - 17744 - Following error monitoring (position).
	Description : With active following error monitoring (position) a following error exceedance has occurred, whose magnitude is greater than the following error window, and whose duration is longer than the parameterised following error filter time.
	Time        : 14:25:01.66
	ActionType  : Undefined
	MachineMode : Init
	MachineState: Active
	PLC Object  : UNDEFIEND
	PLC Action  : UNDEFIEND
	PLC AState  : 0

17.04.2023 14:20:48 - 17744 - Following error monitoring (position).
	Description : With active following error monitoring (position) a following error exceedance has occurred, whose magnitude is greater than the following error window, and whose duration is longer than the parameterised following error filter time.
	Time        : 14:25:01.79
	ActionType  : InitDevices
	MachineMode : Init
	MachineState: Active
	Object      : Gesim.GsHead(Head)
	PLC Object  : FB_MzHead
	PLC Action  : A_Init
	PLC AState  : 40

17.04.2023 14:22:05 - 17744 - Following error monitoring (position).
	Description : With active following error monitoring (position) a following error exceedance has occurred, whose magnitude is greater than the following error window, and whose duration is longer than the parameterised following error filter time.
	Time        : 14:26:18.33
	ActionType  : Undefined
	MachineMode : Maintenance
	MachineState: Active
	PLC Object  : UNDEFIEND
	PLC Action  : UNDEFIEND
	PLC AState  : 0

17.04.2023 14:22:05 - 17744 - Following error monitoring (position).
	Description : With active following error monitoring (position) a following error exceedance has occurred, whose magnitude is greater than the following error window, and whose duration is longer than the parameterised following error filter time.
	Time        : 14:26:18.34
	ActionType  : Undefined
	MachineMode : Maintenance
	MachineState: Active
	PLC Object  : UNDEFIEND
	PLC Action  : UNDEFIEND
	PLC AState  : 0

17.04.2023 14:46:47 - 17744 - Following error monitoring (position).
	Description : With active following error monitoring (position) a following error exceedance has occurred, whose magnitude is greater than the following error window, and whose duration is longer than the parameterised following error filter time.
	Time        : 14:51:01.04
	ActionType  : Undefined
	MachineMode : Maintenance
	MachineState: Active
	PLC Object  : UNDEFIEND
	PLC Action  : UNDEFIEND
	PLC AState  : 0

17.04.2023 14:46:47 - 17744 - Following error monitoring (position).
	Description : With active following error monitoring (position) a following error exceedance has occurred, whose magnitude is greater than the following error window, and whose duration is longer than the parameterised following error filter time.
	Time        : 14:51:01.05
	ActionType  : Undefined
	MachineMode : Maintenance
	MachineState: Active
	PLC Object  : UNDEFIEND
	PLC Action  : UNDEFIEND
	PLC AState  : 0

17.04.2023 14:56:46 - 17744 - Following error monitoring (position).
	Description : With active following error monitoring (position) a following error exceedance has occurred, whose magnitude is greater than the following error window, and whose duration is longer than the parameterised following error filter time.
	Time        : 15:01:00.05
	ActionType  : Undefined
	MachineMode : Maintenance
	MachineState: Active
	PLC Object  : UNDEFIEND
	PLC Action  : UNDEFIEND
	PLC AState  : 0

17.04.2023 14:56:46 - 17744 - Following error monitoring (position).
	Description : With active following error monitoring (position) a following error exceedance has occurred, whose magnitude is greater than the following error window, and whose duration is longer than the parameterised following error filter time.
	Time        : 15:01:00.06
	ActionType  : Undefined
	MachineMode : Maintenance
	MachineState: Active
	PLC Object  : UNDEFIEND
	PLC Action  : UNDEFIEND
	PLC AState  : 0

17.04.2023 15:20:33 - 17744 - Following error monitoring (position).
	Description : With active following error monitoring (position) a following error exceedance has occurred, whose magnitude is greater than the following error window, and whose duration is longer than the parameterised following error filter time.
	Time        : 15:24:46.72
	ActionType  : Undefined
	MachineMode : Maintenance
	MachineState: Active
	PLC Object  : UNDEFIEND
	PLC Action  : UNDEFIEND
	PLC AState  : 0

17.04.2023 15:20:33 - 17744 - Following error monitoring (position).
	Description : With active following error monitoring (position) a following error exceedance has occurred, whose magnitude is greater than the following error window, and whose duration is longer than the parameterised following error filter time.
	Time        : 15:24:46.73
	ActionType  : Undefined
	MachineMode : Maintenance
	MachineState: Active
	PLC Object  : UNDEFIEND
	PLC Action  : UNDEFIEND
	PLC AState  : 0

17.04.2023 15:21:31 - 17744 - Following error monitoring (position).
	Description : With active following error monitoring (position) a following error exceedance has occurred, whose magnitude is greater than the following error window, and whose duration is longer than the parameterised following error filter time.
	Time        : 15:25:44.23
	ActionType  : Undefined
	MachineMode : Maintenance
	MachineState: Active
	PLC Object  : UNDEFIEND
	PLC Action  : UNDEFIEND
	PLC AState  : 0

17.04.2023 15:21:31 - 17744 - Following error monitoring (position).
	Description : With active following error monitoring (position) a following error exceedance has occurred, whose magnitude is greater than the following error window, and whose duration is longer than the parameterised following error filter time.
	Time        : 15:25:44.24
	ActionType  : Undefined
	MachineMode : Maintenance
	MachineState: Active
	PLC Object  : UNDEFIEND
	PLC Action  : UNDEFIEND
	PLC AState  : 0

17.04.2023 15:33:40 - 17744 - Following error monitoring (position).
	Description : With active following error monitoring (position) a following error exceedance has occurred, whose magnitude is greater than the following error window, and whose duration is longer than the parameterised following error filter time.
	Time        : 15:37:53.80
	ActionType  : Undefined
	MachineMode : Maintenance
	MachineState: Active
	PLC Object  : UNDEFIEND
	PLC Action  : UNDEFIEND
	PLC AState  : 0

17.04.2023 15:33:40 - 17744 - Following error monitoring (position).
	Description : With active following error monitoring (position) a following error exceedance has occurred, whose magnitude is greater than the following error window, and whose duration is longer than the parameterised following error filter time.
	Time        : 15:37:53.81
	ActionType  : Undefined
	MachineMode : Maintenance
	MachineState: Active
	PLC Object  : UNDEFIEND
	PLC Action  : UNDEFIEND
	PLC AState  : 0

18.04.2023 07:17:55 - 17744 - Following error monitoring (position).
	Description : With active following error monitoring (position) a following error exceedance has occurred, whose magnitude is greater than the following error window, and whose duration is longer than the parameterised following error filter time.
	Time        : 07:22:08.44
	ActionType  : Undefined
	MachineMode : Maintenance
	MachineState: Active
	PLC Object  : UNDEFIEND
	PLC Action  : UNDEFIEND
	PLC AState  : 0

18.04.2023 07:17:55 - 17744 - Following error monitoring (position).
	Description : With active following error monitoring (position) a following error exceedance has occurred, whose magnitude is greater than the following error window, and whose duration is longer than the parameterised following error filter time.
	Time        : 07:22:08.45
	ActionType  : Undefined
	MachineMode : Maintenance
	MachineState: Active
	PLC Object  : UNDEFIEND
	PLC Action  : UNDEFIEND
	PLC AState  : 0

18.04.2023 07:18:39 -  1864 - ADS port not opened
	Description : Internal error
	Time        : 07:18:39.44
	Command     : STOP

18.04.2023 07:23:23 - 50005 - Connection error
	Description : The connection to the device could not be established.
	Time        : 07:23:23.25
	Exception   : System.Exception: Missing route: CP-705FB2
   at Gesim.GsMachine.Connect(String routeName, Boolean record, Boolean withoutActivation)
   at GesimRobotics.ViewModels.ConnectionManager.Connect(String routeName)

18.04.2023 07:31:06 - 17744 - Following error monitoring (position).
	Description : With active following error monitoring (position) a following error exceedance has occurred, whose magnitude is greater than the following error window, and whose duration is longer than the parameterised following error filter time.
	Time        : 07:35:19.82
	ActionType  : Undefined
	MachineMode : Maintenance
	MachineState: Active
	PLC Object  : UNDEFIEND
	PLC Action  : UNDEFIEND
	PLC AState  : 0

18.04.2023 07:31:06 - 17744 - Following error monitoring (position).
	Description : With active following error monitoring (position) a following error exceedance has occurred, whose magnitude is greater than the following error window, and whose duration is longer than the parameterised following error filter time.
	Time        : 07:35:19.83
	ActionType  : Undefined
	MachineMode : Maintenance
	MachineState: Active
	PLC Object  : UNDEFIEND
	PLC Action  : UNDEFIEND
	PLC AState  : 0

18.04.2023 07:31:56 -  1864 - ADS port not opened
	Description : Internal error
	Time        : 07:31:56.43
	Command     : STOP

18.04.2023 08:16:20 - 17744 - Following error monitoring (position).
	Description : With active following error monitoring (position) a following error exceedance has occurred, whose magnitude is greater than the following error window, and whose duration is longer than the parameterised following error filter time.
	Time        : 08:20:34.11
	ActionType  : Undefined
	MachineMode : Maintenance
	MachineState: Active
	PLC Object  : UNDEFIEND
	PLC Action  : UNDEFIEND
	PLC AState  : 0

18.04.2023 08:16:20 - 17744 - Following error monitoring (position).
	Description : With active following error monitoring (position) a following error exceedance has occurred, whose magnitude is greater than the following error window, and whose duration is longer than the parameterised following error filter time.
	Time        : 08:20:34.12
	ActionType  : Undefined
	MachineMode : Maintenance
	MachineState: Active
	PLC Object  : UNDEFIEND
	PLC Action  : UNDEFIEND
	PLC AState  : 0

18.04.2023 12:07:49 -  1817 - device has a timeout
	Description : 
	Time        : 11:59:41.62
	ActionType  : Undefined
	MachineMode : Config
	MachineState: Idle
	PLC Object  : ScanHwModules
	PLC Action  : UNDEFIEND
	PLC AState  : 11

18.04.2023 12:15:19 - 17744 - Following error monitoring (position).
	Description : With active following error monitoring (position) a following error exceedance has occurred, whose magnitude is greater than the following error window, and whose duration is longer than the parameterised following error filter time.
	Time        : 12:19:32.58
	ActionType  : Undefined
	MachineMode : Maintenance
	MachineState: Active
	PLC Object  : UNDEFIEND
	PLC Action  : UNDEFIEND
	PLC AState  : 0

18.04.2023 12:15:19 - 17744 - Following error monitoring (position).
	Description : With active following error monitoring (position) a following error exceedance has occurred, whose magnitude is greater than the following error window, and whose duration is longer than the parameterised following error filter time.
	Time        : 12:19:32.59
	ActionType  : Undefined
	MachineMode : Maintenance
	MachineState: Active
	PLC Object  : UNDEFIEND
	PLC Action  : UNDEFIEND
	PLC AState  : 0

18.04.2023 15:18:10 - 41995 - InvalidToolConfig
	Description : 
	Time        : 15:22:23.48
	ActionType  : Undefined
	MachineMode : Config
	MachineState: Active
	PLC Object  : FB_MultiZRef
	PLC Action  : A_SetConfig
	PLC AState  : 0

18.04.2023 15:18:10 - 41995 - InvalidToolConfig
	Description : 
	Time        : 15:22:23.49
	ActionType  : Undefined
	MachineMode : Config
	MachineState: Active
	PLC Object  : FB_Configuration
	PLC Action  : A_Activate
	PLC AState  : 0

18.04.2023 15:18:14 - 41995 - InvalidToolConfig
	Description : 
	Time        : 15:22:27.98
	ActionType  : Undefined
	MachineMode : Config
	MachineState: Active
	PLC Object  : FB_MultiZRef
	PLC Action  : A_SetConfig
	PLC AState  : 0

18.04.2023 15:18:14 - 41995 - InvalidToolConfig
	Description : 
	Time        : 15:22:27.99
	ActionType  : Undefined
	MachineMode : Config
	MachineState: Active
	PLC Object  : FB_Configuration
	PLC Action  : A_Activate
	PLC AState  : 0

18.04.2023 15:18:22 - 41995 - InvalidToolConfig
	Description : 
	Time        : 15:22:27.99
	ActionType  : Undefined
	MachineMode : Config
	MachineState: Active
	PLC Object  : FB_Configuration
	PLC Action  : A_Activate
	PLC AState  : 0

18.04.2023 15:18:26 - 41995 - InvalidToolConfig
	Description : 
	Time        : 15:22:39.67
	ActionType  : Undefined
	MachineMode : Config
	MachineState: Active
	PLC Object  : FB_MultiZRef
	PLC Action  : A_SetConfig
	PLC AState  : 0

18.04.2023 15:18:26 - 41995 - InvalidToolConfig
	Description : 
	Time        : 15:22:39.68
	ActionType  : Undefined
	MachineMode : Config
	MachineState: Active
	PLC Object  : FB_Configuration
	PLC Action  : A_Activate
	PLC AState  : 0

18.04.2023 15:18:49 - 41995 - InvalidToolConfig
	Description : 
	Time        : 15:22:39.68
	ActionType  : Undefined
	MachineMode : Config
	MachineState: Active
	PLC Object  : FB_Configuration
	PLC Action  : A_Activate
	PLC AState  : 0

19.04.2023 07:41:24 - 50013 - Changed configuration
	Description : The current configuration has changed significantly. Some settings might have changed.
	Time        : 07:41:24.66

19.04.2023 07:50:07 - 41570 - Risk of crash: Jog
	Description : Can not jog fast in this area.
	Time        : 07:50:07.89
	Command     : EXECUTE_ACTION
	Object      : Gesim.GsCartridgeHolder(CartridgeHolder (No Board))
	Action      : Jog

19.04.2023 09:20:14 - 17744 - Following error monitoring (position).
	Description : With active following error monitoring (position) a following error exceedance has occurred, whose magnitude is greater than the following error window, and whose duration is longer than the parameterised following error filter time.
	Time        : 09:24:27.92
	ActionType  : Undefined
	MachineMode : Auto
	MachineState: Running
	PLC Object  : UNDEFIEND
	PLC Action  : UNDEFIEND
	PLC AState  : 0

19.04.2023 09:20:14 - 17744 - Following error monitoring (position).
	Description : With active following error monitoring (position) a following error exceedance has occurred, whose magnitude is greater than the following error window, and whose duration is longer than the parameterised following error filter time.
	Time        : 09:24:27.93
	ActionType  : MoveXY
	MachineMode : Auto
	MachineState: Running
	Object      : Gesim.GsCartridgeDisp(Cartridge Dispenser (10ml))
	PLC Object  : FB_MzBase
	PLC Action  : A_MoveXY
	PLC AState  : 3

19.04.2023 09:20:15 - 17744 - Following error monitoring (position).
	Description : With active following error monitoring (position) a following error exceedance has occurred, whose magnitude is greater than the following error window, and whose duration is longer than the parameterised following error filter time.
	Time        : 09:24:27.94
	ActionType  : MoveToTarget
	MachineMode : Auto
	MachineState: Running
	PLC Object  : FB_ComplexAction
	PLC Action  : A_MoveToTarget
	PLC AState  : 0

19.04.2023 09:48:19 - 17056 - Unexpected error
	Description : An unexpected error has occurred.
	Time        : 09:52:32.00
	ActionType  : Undefined
	MachineMode : Auto
	MachineState: Running
	PLC Object  : UNDEFIEND
	PLC Action  : UNDEFIEND
	PLC AState  : 0

19.04.2023 09:48:19 - 17056 - Unexpected error
	Description : An unexpected error has occurred.
	Time        : 09:52:32.01
	ActionType  : MoveXY
	MachineMode : Auto
	MachineState: Running
	Object      : Gesim.GsCartridgeDisp(Cartridge Dispenser (10ml))
	PLC Object  : FB_MzBase
	PLC Action  : A_MoveXY
	PLC AState  : 3

19.04.2023 09:48:19 - 17056 - Unexpected error
	Description : An unexpected error has occurred.
	Time        : 09:52:32.02
	ActionType  : MoveToTarget
	MachineMode : Auto
	MachineState: Running
	PLC Object  : FB_ComplexAction
	PLC Action  : A_MoveToTarget
	PLC AState  : 0

24.04.2023 07:21:30 - 17744 - Following error monitoring (position).
	Description : With active following error monitoring (position) a following error exceedance has occurred, whose magnitude is greater than the following error window, and whose duration is longer than the parameterised following error filter time.
	Time        : 07:25:48.95
	ActionType  : Undefined
	MachineMode : Maintenance
	MachineState: Active
	PLC Object  : UNDEFIEND
	PLC Action  : UNDEFIEND
	PLC AState  : 0

24.04.2023 07:21:30 - 17744 - Following error monitoring (position).
	Description : With active following error monitoring (position) a following error exceedance has occurred, whose magnitude is greater than the following error window, and whose duration is longer than the parameterised following error filter time.
	Time        : 07:25:48.96
	ActionType  : Undefined
	MachineMode : Maintenance
	MachineState: Active
	PLC Object  : UNDEFIEND
	PLC Action  : UNDEFIEND
	PLC AState  : 0

24.04.2023 07:44:26 - 41503 - Configuration not activated
	Description : 
	Time        : 07:44:26.79
	Command     : CHANGE_MODE

24.04.2023 08:32:38 - 50013 - Changed configuration
	Description : The current configuration has changed significantly. Some settings might have changed.
	Time        : 08:32:38.46

24.04.2023 08:35:44 - 42240 - InvalidToolNr
	Description : 
	Time        : 08:40:02.01
	ActionType  : Undefined
	MachineMode : Auto
	MachineState: Running
	PLC Object  : FB_HskMFunc
	PLC Action  : A_AssignRParamHeader
	PLC AState  : 1

24.04.2023 08:36:52 - 42240 - InvalidToolNr
	Description : 
	Time        : 08:41:10.53
	ActionType  : Undefined
	MachineMode : Auto
	MachineState: Running
	PLC Object  : FB_HskMFunc
	PLC Action  : A_AssignRParamHeader
	PLC AState  : 1

24.04.2023 08:39:15 - 42240 - InvalidToolNr
	Description : 
	Time        : 08:43:33.52
	ActionType  : Undefined
	MachineMode : Auto
	MachineState: Running
	PLC Object  : FB_HskMFunc
	PLC Action  : A_AssignRParamHeader
	PLC AState  : 1

24.04.2023 08:43:01 - 50013 - Changed configuration
	Description : The current configuration has changed significantly. Some settings might have changed.
	Time        : 08:43:01.33

24.04.2023 08:46:46 - 50013 - Changed configuration
	Description : The current configuration has changed significantly. Some settings might have changed.
	Time        : 08:46:46.96

24.04.2023 08:47:29 - 41491 - Device not initialized
	Description : 
	Time        : 08:51:47.85
	ActionType  : MoveZ
	MachineMode : Auto
	MachineState: Running
	Object      : Gesim.GsHead(Head)
	PLC Object  : FB_MzHead
	PLC Action  : A_MoveZ
	PLC AState  : 80

24.04.2023 08:47:30 - 41491 - Device not initialized
	Description : 
	Time        : 08:51:47.85
	ActionType  : Undefined
	MachineMode : Auto
	MachineState: Running
	Object      : Gesim.GsHead(Head)
	PLC Object  : GCode
	PLC Action  : A_Start
	PLC AState  : 2

24.04.2023 08:47:50 - 41568 - Target position out of range - Z
	Description : Tool cannot move to target.
	Time        : 08:52:07.92
	ActionType  : Undefined
	MachineMode : Auto
	MachineState: Running
	PLC Object  : GCode
	PLC Action  : A_MoveZ
	PLC AState  : 0

24.04.2023 08:47:50 - 41568 - Target position out of range - Z
	Description : Tool cannot move to target.
	Time        : 08:52:07.92
	ActionType  : Undefined
	MachineMode : Auto
	MachineState: Running
	PLC Object  : GCode
	PLC Action  : A_MoveZ
	PLC AState  : 99

24.04.2023 12:05:39 - 41995 - InvalidToolConfig
	Description : 
	Time        : 12:09:58.62
	ActionType  : Undefined
	MachineMode : Config
	MachineState: Active
	PLC Object  : FB_MultiZRef
	PLC Action  : A_SetConfig
	PLC AState  : 0

24.04.2023 12:05:39 - 41995 - InvalidToolConfig
	Description : 
	Time        : 12:09:58.63
	ActionType  : Undefined
	MachineMode : Config
	MachineState: Active
	PLC Object  : FB_Configuration
	PLC Action  : A_Activate
	PLC AState  : 0

24.04.2023 12:05:44 - 41995 - InvalidToolConfig
	Description : 
	Time        : 12:10:03.51
	ActionType  : Undefined
	MachineMode : Config
	MachineState: Active
	PLC Object  : FB_MultiZRef
	PLC Action  : A_SetConfig
	PLC AState  : 0

24.04.2023 12:05:44 - 41995 - InvalidToolConfig
	Description : 
	Time        : 12:10:03.52
	ActionType  : Undefined
	MachineMode : Config
	MachineState: Active
	PLC Object  : FB_Configuration
	PLC Action  : A_Activate
	PLC AState  : 0

24.04.2023 12:17:47 - 50001 - Camera not found
	Description : The specified camera could not be found.
	Time        : 12:17:47.77
	Exception   : System.InvalidOperationException: Sequence contains no matching element
   at System.Linq.Enumerable.First[TSource](IEnumerable`1 source, Func`2 predicate)
   at GesimRobotics.CameraOptions.GetCamera(String id)
   at GesimRobotics.ViewModels.CameraControl..ctor(String id, CameraType type)

26.04.2023 14:21:17 - 41571 - PieceExchangeFailed
	Description : 
	Time        : 14:25:37.48
	ActionType  : ExchangePiece
	MachineMode : Manu
	MachineState: Active
	Object      : Gesim.GsStampSupport(StampSupport_Gen2)
	PLC Object  : FB_ComplexAction
	PLC Action  : A_ExchangeStamp
	PLC AState  : 12

26.04.2023 14:24:09 - 41539 - Piece already in slot
	Description : 
	Time        : 14:28:29.92
	ActionType  : ExchangePiece
	MachineMode : Manu
	MachineState: Active
	Object      : Gesim.GsStampSupport(StampSupport_Gen2)
	PLC Object  : FB_ComplexAction
	PLC Action  : A_ExchangeStamp
	PLC AState  : 3

26.04.2023 14:27:12 - 41539 - Piece already in slot
	Description : 
	Time        : 14:31:32.18
	ActionType  : ExchangePiece
	MachineMode : Manu
	MachineState: Active
	Object      : Gesim.GsStampSupport(StampSupport_Gen2)
	PLC Object  : FB_ComplexAction
	PLC Action  : A_ExchangeStamp
	PLC AState  : 3

26.04.2023 14:28:13 - 41539 - Piece already in slot
	Description : 
	Time        : 14:32:33.68
	ActionType  : ExchangePiece
	MachineMode : Manu
	MachineState: Active
	Object      : Gesim.GsStampSupport(StampSupport_Gen2)
	PLC Object  : FB_ComplexAction
	PLC Action  : A_ExchangeStamp
	PLC AState  : 3

26.04.2023 14:28:30 - 41539 - Piece already in slot
	Description : 
	Time        : 14:32:50.56
	ActionType  : ExchangePiece
	MachineMode : Manu
	MachineState: Active
	Object      : Gesim.GsStampSupport(StampSupport_Gen2)
	PLC Object  : FB_ComplexAction
	PLC Action  : A_ExchangeStamp
	PLC AState  : 3

26.04.2023 14:29:12 - 41539 - Piece already in slot
	Description : 
	Time        : 14:33:32.60
	ActionType  : ExchangePiece
	MachineMode : Manu
	MachineState: Active
	Object      : Gesim.GsStampSupport(StampSupport_Gen2)
	PLC Object  : FB_ComplexAction
	PLC Action  : A_ExchangeStamp
	PLC AState  : 3

26.04.2023 14:30:49 - 41539 - Piece already in slot
	Description : 
	Time        : 14:35:09.24
	ActionType  : ExchangePiece
	MachineMode : Manu
	MachineState: Active
	Object      : Gesim.GsStampSupport(StampSupport_Gen2)
	PLC Object  : FB_ComplexAction
	PLC Action  : A_ExchangeStamp
	PLC AState  : 3

26.04.2023 14:31:45 - 41539 - Piece already in slot
	Description : 
	Time        : 14:36:05.44
	ActionType  : ExchangePiece
	MachineMode : Manu
	MachineState: Active
	Object      : Gesim.GsStampSupport(StampSupport_Gen2)
	PLC Object  : FB_ComplexAction
	PLC Action  : A_ExchangeStamp
	PLC AState  : 3

26.04.2023 14:53:13 - 41617 - Sensor already switched
	Description : 
	Time        : 14:53:13.29
	Command     : EXECUTE_ACTION
	Object      : Gesim.GsStampSupport(StampSupport_Gen2)
	Action      : MeasureTool->Z-Sensor

26.04.2023 14:53:26 - 41617 - Sensor already switched
	Description : 
	Time        : 14:53:26.14
	Command     : EXECUTE_ACTION
	Object      : Gesim.GsStampSupport(StampSupport_Gen2)
	Action      : MeasureTool->Z-Sensor

28.04.2023 11:15:43 - 41511 - Z-Sensor not mounted
	Description : A measurement was attempted without mounted Z-Sensor.
	Time        : 11:15:43.01
	Command     : EXECUTE_ACTION
	Object      : Gesim.GsZSensor(ZSensor)
	Action      : Calibrate Z-Sensor

28.04.2023 12:31:02 - 41473 - Invalid mode
	Description : Command cannot be executed in this mode.
	Time        : 12:31:02.63
	Command     : EXECUTE_ACTION
	Object      : Gesim.GsCartridgeDisp(Cartridge Dispenser (10ml))
	Action      : Set Pressure->100 kPa

28.04.2023 13:53:42 - 41617 - Sensor already switched
	Description : 
	Time        : 13:53:42.50
	Command     : EXECUTE_ACTION
	Object      : Gesim.GsStampSupport(StampSupport_Gen2)
	Action      : MeasureTool->Z-Sensor

28.04.2023 13:54:03 - 41617 - Sensor already switched
	Description : 
	Time        : 13:54:03.46
	Command     : EXECUTE_ACTION
	Object      : Gesim.GsStampSupport(StampSupport_Gen2)
	Action      : MeasureTool->Z-Sensor

28.04.2023 14:26:52 - 50013 - Changed configuration
	Description : The current configuration has changed significantly. Some settings might have changed.
	Time        : 14:26:52.60

28.04.2023 14:46:06 - 41570 - Risk of crash: Jog
	Description : Can not jog fast in this area.
	Time        : 14:46:06.48
	Command     : EXECUTE_ACTION
	Object      : Gesim.GsCartridgeHolder(CartridgeHolder (Internal Heater))
	Action      : Jog

28.04.2023 14:46:28 - 41734 - Low position accuracy
	Description : Target not reached with required accuracy but motor has stopped - Internal error (7)
	Time        : 14:50:49.92
	ActionType  : Jog
	MachineMode : Manu
	MachineState: Active
	Object      : Gesim.GsCartridgeHolder(CartridgeHolder (Internal Heater))
	PLC Object  : FB_MzTool
	PLC Action  : A_JogZ
	PLC AState  : 80

28.04.2023 14:46:28 - 41473 - Invalid mode
	Description : Command cannot be executed in this mode.
	Time        : 14:46:28.75
	Command     : EXECUTE_ACTION
	Object      : Gesim.GsCartridgeHolder(CartridgeHolder (Internal Heater))
	Action      : Jog

28.04.2023 14:46:28 - 41473 - Invalid mode
	Description : Command cannot be executed in this mode.
	Time        : 14:46:28.76
	Command     : EXECUTE_ACTION
	Object      : Gesim.GsCartridgeHolder(CartridgeHolder (Internal Heater))
	Action      : Jog

28.04.2023 14:50:58 - 41734 - Low position accuracy
	Description : Target not reached with required accuracy but motor has stopped - Internal error (7)
	Time        : 14:55:19.39
	ActionType  : Jog
	MachineMode : Manu
	MachineState: Active
	Object      : Gesim.GsStampSupport(StampSupport_Gen2)
	PLC Object  : FB_MzTool
	PLC Action  : A_JogZ
	PLC AState  : 80

28.04.2023 14:51:37 - 41570 - Risk of crash: Jog
	Description : Can not jog fast in this area.
	Time        : 14:51:37.06
	Command     : EXECUTE_ACTION
	Object      : Gesim.GsCartridgeHolder(CartridgeHolder (Internal Heater))
	Action      : Jog

28.04.2023 14:52:28 - 41985 - TimeoutWaitSetpointAck
	Description : Internal error
	Time        : 14:56:49.46
	ActionType  : Jog
	MachineMode : Manu
	MachineState: Active
	Object      : Gesim.GsStampSupport(StampSupport_Gen2)
	PLC Object  : FB_MzTool
	PLC Action  : A_JogZ
	PLC AState  : 80

28.04.2023 14:52:28 - 41478 - Invalid state
	Description : Command can not be executed in this state.
	Time        : 14:52:28.22
	Command     : EXECUTE_ACTION
	Object      : Gesim.GsStampSupport(StampSupport_Gen2)
	Action      : Jog

28.04.2023 14:52:44 - 41570 - Risk of crash: Jog
	Description : Can not jog fast in this area.
	Time        : 14:52:44.14
	Command     : EXECUTE_ACTION
	Object      : Gesim.GsStampSupport(StampSupport_Gen2)
	Action      : Jog

28.04.2023 14:52:58 - 41570 - Risk of crash: Jog
	Description : Can not jog fast in this area.
	Time        : 14:52:58.50
	Command     : EXECUTE_ACTION
	Object      : Gesim.GsStampSupport(StampSupport_Gen2)
	Action      : Jog

28.04.2023 14:53:21 - 41570 - Risk of crash: Jog
	Description : Can not jog fast in this area.
	Time        : 14:53:21.70
	Command     : EXECUTE_ACTION
	Object      : Gesim.GsStampSupport(StampSupport_Gen2)
	Action      : Jog

28.04.2023 14:58:06 - 41473 - Invalid mode
	Description : Command cannot be executed in this mode.
	Time        : 14:58:06.60
	Command     : EXECUTE_ACTION
	Object      : Gesim.GsHead(Head)
	Action      : Jog

28.04.2023 14:58:08 - 41473 - Invalid mode
	Description : Command cannot be executed in this mode.
	Time        : 14:58:08.23
	Command     : EXECUTE_ACTION
	Object      : Gesim.GsHead(Head)
	Action      : Jog

28.04.2023 14:59:45 - 41473 - Invalid mode
	Description : Command cannot be executed in this mode.
	Time        : 14:59:45.48
	Command     : EXECUTE_ACTION
	Object      : Gesim.GsHead(Head)
	Action      : Jog

28.04.2023 14:59:45 - 41473 - Invalid mode
	Description : Command cannot be executed in this mode.
	Time        : 14:59:45.49
	Command     : EXECUTE_ACTION
	Object      : Gesim.GsHead(Head)
	Action      : Jog

02.05.2023 07:23:34 - 41747 - Z-Sensor switch not found
	Description : Measurement: switching point not reached - Internal error (20)
	Time        : 07:28:00.01
	ActionType  : MoveZ
	MachineMode : Manu
	MachineState: Active
	Object      : Gesim.GsZSensor(ZSensor)
	PLC Object  : FB_MzTool
	PLC Action  : A_MoveZ
	PLC AState  : 0

02.05.2023 07:23:34 - 41747 - Z-Sensor switch not found
	Description : Measurement: switching point not reached - Internal error (20)
	Time        : 07:28:00.02
	ActionType  : Measure
	MachineMode : Manu
	MachineState: Active
	Object      : Gesim.GsZSensor(ZSensor)
	PLC Object  : FB_ComplexAction
	PLC Action  : A_MeasureTarget
	PLC AState  : 4

02.05.2023 07:53:02 - 50013 - Changed configuration
	Description : The current configuration has changed significantly. Some settings might have changed.
	Time        : 07:53:02.83

02.05.2023 08:31:10 - 41617 - Sensor already switched
	Description : 
	Time        : 08:31:10.69
	Command     : EXECUTE_ACTION
	Object      : Gesim.GsStampSupport(StampSupport_Gen2)
	Action      : MeasureTool->Z-Sensor

02.05.2023 08:35:21 - 41545 - NoFreshPieceAvailable
	Description : 
	Time        : 08:35:21.04
	Command     : EXECUTE_ACTION
	Object      : Gesim.GsStampSupport(StampSupport_Gen2)
	Action      : Take Piece->Z-Sensor->Next Slot

02.05.2023 08:40:17 - 41547 - NoPieceDetermined
	Description : 
	Time        : 08:44:42.40
	ActionType  : Undefined
	MachineMode : Auto
	MachineState: Running
	PLC Object  : FB_Sequence
	PLC Action  : UNDEFIEND
	PLC AState  : 2

02.05.2023 08:55:57 - 41478 - Invalid state
	Description : Command can not be executed in this state.
	Time        : 08:55:57.76
	Command     : EXECUTE_ACTION
	Object      : Gesim.GsCartridgeHolder(CartridgeHolder (Internal Heater))
	Action      : Heating->Off

02.05.2023 09:41:06 - 41547 - NoPieceDetermined
	Description : 
	Time        : 09:45:31.05
	ActionType  : Undefined
	MachineMode : Auto
	MachineState: Running
	PLC Object  : FB_Sequence
	PLC Action  : UNDEFIEND
	PLC AState  : 2

02.05.2023 09:41:30 - 50017 - Could not edit configuration
	Description : The configuration could not be edited.
	Time        : 09:41:29.98
	Exception   : Gesim.ConfigException: Object: XYPoint-Invalid mode
   at Gesim.GsMachine.createGsObject(GsObject gsObject)
   at Gesim.GsObjectDirectory.pasteObject(GsObject gsObject, GsObject parent, GsSlot slot, Int32 index)
   at GesimRobotics.ViewModels.Objects.DisplayObject.addChild(GsObject obj)

02.05.2023 09:42:39 - 42240 - InvalidToolNr
	Description : 
	Time        : 09:47:03.89
	ActionType  : Undefined
	MachineMode : Auto
	MachineState: Running
	PLC Object  : FB_HskMFunc
	PLC Action  : A_AssignRParamHeader
	PLC AState  : 1

02.05.2023 09:42:45 - 50013 - Changed configuration
	Description : The current configuration has changed significantly. Some settings might have changed.
	Time        : 09:42:45.38

02.05.2023 09:43:40 - 42240 - InvalidToolNr
	Description : 
	Time        : 09:48:05.08
	ActionType  : Undefined
	MachineMode : Auto
	MachineState: Running
	PLC Object  : FB_HskMFunc
	PLC Action  : A_SelectTool
	PLC AState  : 0

02.05.2023 10:02:44 - 42240 - InvalidToolNr
	Description : 
	Time        : 10:07:09.17
	ActionType  : Undefined
	MachineMode : Auto
	MachineState: Running
	PLC Object  : FB_HskMFunc
	PLC Action  : A_SelectTool
	PLC AState  : 0

02.05.2023 10:41:51 - 41473 - Invalid mode
	Description : Command cannot be executed in this mode.
	Time        : 10:41:51.31
	Command     : EXECUTE_ACTION
	Object      : Gesim.GsStampSupport(StampSupport_Gen2)
	Action      : Set Pressure->1 kPa

02.05.2023 10:46:02 - 41617 - Sensor already switched
	Description : 
	Time        : 10:46:02.10
	Command     : EXECUTE_ACTION
	Object      : Gesim.GsStampSupport(StampSupport_Gen2)
	Action      : MeasureTool->Z-Sensor

02.05.2023 10:46:39 - 41617 - Sensor already switched
	Description : 
	Time        : 10:46:39.65
	Command     : EXECUTE_ACTION
	Object      : Gesim.GsStampSupport(StampSupport_Gen2)
	Action      : MeasureTool->Z-Sensor

02.05.2023 10:50:05 - 41617 - Sensor already switched
	Description : 
	Time        : 10:50:05.90
	Command     : EXECUTE_ACTION
	Object      : Gesim.GsStampSupport(StampSupport_Gen2)
	Action      : MeasureTool->Z-Sensor

02.05.2023 12:01:39 - 41530 - Measure Z-distance exceeded
	Description : The tip measurement failed because there was no switching signal within the expected Z-distance.
	Time        : 12:06:05.66
	ActionType  : Measure
	MachineMode : Manu
	MachineState: Active
	Object      : Gesim.GsStampSupport(StampSupport_Gen2)
	PLC Object  : FB_ComplexAction
	PLC Action  : A_MeasureStamp
	PLC AState  : 3

02.05.2023 12:14:26 - 41530 - Measure Z-distance exceeded
	Description : The tip measurement failed because there was no switching signal within the expected Z-distance.
	Time        : 12:18:52.86
	ActionType  : Measure
	MachineMode : Manu
	MachineState: Active
	Object      : Gesim.GsStampSupport(StampSupport_Gen2)
	PLC Object  : FB_ComplexAction
	PLC Action  : A_MeasureStamp
	PLC AState  : 3

02.05.2023 12:20:57 - 41530 - Measure Z-distance exceeded
	Description : The tip measurement failed because there was no switching signal within the expected Z-distance.
	Time        : 12:25:23.45
	ActionType  : Measure
	MachineMode : Manu
	MachineState: Active
	Object      : Gesim.GsStampSupport(StampSupport_Gen2)
	PLC Object  : FB_ComplexAction
	PLC Action  : A_MeasureStamp
	PLC AState  : 3

02.05.2023 13:09:22 - 50002 - Camera not responding
	Description : The camera is not responding to commands.
	Time        : 13:09:22.69
	Exception   : TIS.Imaging.ICException: Base Library Error : Starting the graph failed due to : The process cannot access the file because it is being used by another process.

   at TIS.Imaging.ICImagingControl.LiveStart()
   at GesimRobotics.ViewModels.CameraControl.startCamera(Boolean continuous)

02.05.2023 13:09:36 - 50002 - Camera not responding
	Description : The camera is not responding to commands.
	Time        : 13:09:36.43
	Exception   : TIS.Imaging.ICException: Base Library Error : Starting the graph failed due to : The process cannot access the file because it is being used by another process.

   at TIS.Imaging.ICImagingControl.LiveStart()
   at GesimRobotics.ViewModels.CameraControl.startCamera(Boolean continuous)

02.05.2023 13:09:57 - 50002 - Camera not responding
	Description : The camera is not responding to commands.
	Time        : 13:09:57.78
	Exception   : TIS.Imaging.ICException: Base Library Error : Starting the graph failed due to : The process cannot access the file because it is being used by another process.

   at TIS.Imaging.ICImagingControl.LiveStart()
   at GesimRobotics.ViewModels.CameraControl.startCamera(Boolean continuous)

02.05.2023 13:51:25 - 41539 - Piece already in slot
	Description : 
	Time        : 13:55:51.51
	ActionType  : ExchangePiece
	MachineMode : Manu
	MachineState: Active
	Object      : Gesim.GsStampSupport(StampSupport_Gen2)
	PLC Object  : FB_ComplexAction
	PLC Action  : A_ExchangeStamp
	PLC AState  : 3

02.05.2023 13:52:35 - 41539 - Piece already in slot
	Description : 
	Time        : 13:57:01.63
	ActionType  : ExchangePiece
	MachineMode : Manu
	MachineState: Active
	Object      : Gesim.GsStampSupport(StampSupport_Gen2)
	PLC Object  : FB_ComplexAction
	PLC Action  : A_ExchangeStamp
	PLC AState  : 3

02.05.2023 13:52:53 - 41539 - Piece already in slot
	Description : 
	Time        : 13:57:19.64
	ActionType  : ExchangePiece
	MachineMode : Manu
	MachineState: Active
	Object      : Gesim.GsStampSupport(StampSupport_Gen2)
	PLC Object  : FB_ComplexAction
	PLC Action  : A_ExchangeStamp
	PLC AState  : 3

14.06.2023 12:28:16 - 17744 - Following error monitoring (position).
	Description : With active following error monitoring (position) a following error exceedance has occurred, whose magnitude is greater than the following error window, and whose duration is longer than the parameterised following error filter time.
	Time        : 12:32:03.47
	ActionType  : Undefined
	MachineMode : Maintenance
	MachineState: Active
	PLC Object  : UNDEFIEND
	PLC Action  : UNDEFIEND
	PLC AState  : 0

14.06.2023 12:28:17 - 17744 - Following error monitoring (position).
	Description : With active following error monitoring (position) a following error exceedance has occurred, whose magnitude is greater than the following error window, and whose duration is longer than the parameterised following error filter time.
	Time        : 12:32:03.48
	ActionType  : Undefined
	MachineMode : Maintenance
	MachineState: Active
	PLC Object  : UNDEFIEND
	PLC Action  : UNDEFIEND
	PLC AState  : 0

14.06.2023 12:28:25 - 17744 - Following error monitoring (position).
	Description : With active following error monitoring (position) a following error exceedance has occurred, whose magnitude is greater than the following error window, and whose duration is longer than the parameterised following error filter time.
	Time        : 12:32:12.30
	ActionType  : Undefined
	MachineMode : Maintenance
	MachineState: Active
	PLC Object  : UNDEFIEND
	PLC Action  : UNDEFIEND
	PLC AState  : 0

14.06.2023 12:28:25 - 17744 - Following error monitoring (position).
	Description : With active following error monitoring (position) a following error exceedance has occurred, whose magnitude is greater than the following error window, and whose duration is longer than the parameterised following error filter time.
	Time        : 12:32:12.31
	ActionType  : Undefined
	MachineMode : Maintenance
	MachineState: Active
	PLC Object  : UNDEFIEND
	PLC Action  : UNDEFIEND
	PLC AState  : 0

14.06.2023 13:01:40 - 17744 - Following error monitoring (position).
	Description : With active following error monitoring (position) a following error exceedance has occurred, whose magnitude is greater than the following error window, and whose duration is longer than the parameterised following error filter time.
	Time        : 13:05:26.82
	ActionType  : Undefined
	MachineMode : Maintenance
	MachineState: Active
	PLC Object  : UNDEFIEND
	PLC Action  : UNDEFIEND
	PLC AState  : 0

14.06.2023 13:01:40 - 17744 - Following error monitoring (position).
	Description : With active following error monitoring (position) a following error exceedance has occurred, whose magnitude is greater than the following error window, and whose duration is longer than the parameterised following error filter time.
	Time        : 13:05:26.83
	ActionType  : Undefined
	MachineMode : Maintenance
	MachineState: Active
	PLC Object  : UNDEFIEND
	PLC Action  : UNDEFIEND
	PLC AState  : 0

14.06.2023 13:01:50 -  1864 - ADS port not opened
	Description : Internal error
	Time        : 13:01:50.23
	Command     : STOP

14.06.2023 13:01:56 - 17744 - Following error monitoring (position).
	Description : With active following error monitoring (position) a following error exceedance has occurred, whose magnitude is greater than the following error window, and whose duration is longer than the parameterised following error filter time.
	Time        : 13:05:26.83
	ActionType  : Undefined
	MachineMode : Maintenance
	MachineState: Active
	PLC Object  : UNDEFIEND
	PLC Action  : UNDEFIEND
	PLC AState  : 0

14.06.2023 13:02:04 - 17744 - Following error monitoring (position).
	Description : With active following error monitoring (position) a following error exceedance has occurred, whose magnitude is greater than the following error window, and whose duration is longer than the parameterised following error filter time.
	Time        : 13:05:51.02
	ActionType  : Undefined
	MachineMode : Maintenance
	MachineState: Active
	PLC Object  : UNDEFIEND
	PLC Action  : UNDEFIEND
	PLC AState  : 0

14.06.2023 13:02:04 - 17744 - Following error monitoring (position).
	Description : With active following error monitoring (position) a following error exceedance has occurred, whose magnitude is greater than the following error window, and whose duration is longer than the parameterised following error filter time.
	Time        : 13:05:51.03
	ActionType  : Undefined
	MachineMode : Maintenance
	MachineState: Active
	PLC Object  : UNDEFIEND
	PLC Action  : UNDEFIEND
	PLC AState  : 0

14.06.2023 13:12:32 - 17744 - Following error monitoring (position).
	Description : With active following error monitoring (position) a following error exceedance has occurred, whose magnitude is greater than the following error window, and whose duration is longer than the parameterised following error filter time.
	Time        : 13:16:18.49
	ActionType  : Undefined
	MachineMode : Maintenance
	MachineState: Active
	PLC Object  : UNDEFIEND
	PLC Action  : UNDEFIEND
	PLC AState  : 0

14.06.2023 13:12:32 - 17744 - Following error monitoring (position).
	Description : With active following error monitoring (position) a following error exceedance has occurred, whose magnitude is greater than the following error window, and whose duration is longer than the parameterised following error filter time.
	Time        : 13:16:18.50
	ActionType  : Undefined
	MachineMode : Maintenance
	MachineState: Active
	PLC Object  : UNDEFIEND
	PLC Action  : UNDEFIEND
	PLC AState  : 0

14.06.2023 13:48:05 -  1864 - ADS port not opened
	Description : Internal error
	Time        : 13:48:05.18
	Command     : INTERACT_RESPONSE

15.06.2023 09:00:41 - 41617 - Sensor already switched
	Description : 
	Time        : 09:00:41.02
	Command     : EXECUTE_ACTION
	Object      : Gesim.GsStampSupport(StampSupport_Gen2)
	Action      : MeasureTool->Rack Stamp (2Inch/4Inch)

15.06.2023 11:40:36 - 41473 - Invalid mode
	Description : Command cannot be executed in this mode.
	Time        : 11:40:36.30
	Command     : EXECUTE_ACTION
	Object      : Gesim.GsCartridgeDisp(Cartridge Dispenser (10ml))
	Action      : Set Pressure->50 kPa

15.06.2023 13:34:45 - 41473 - Invalid mode
	Description : Command cannot be executed in this mode.
	Time        : 13:34:45.70
	Command     : EXECUTE_ACTION
	Object      : Gesim.GsCartridgeDisp(Cartridge Dispenser (10ml))
	Action      : Set Vacuum->-15 kPa

15.06.2023 14:06:27 - 41473 - Invalid mode
	Description : Command cannot be executed in this mode.
	Time        : 14:06:27.21
	Command     : EXECUTE_ACTION
	Object      : Gesim.GsCartridgeDisp(Cartridge Dispenser (10ml))
	Action      : Set Vacuum->-30 kPa

16.06.2023 11:20:14 - 41747 - Z-Sensor switch not found
	Description : Measurement: switching point not reached - Internal error (20)
	Time        : 11:20:13.56
	ActionType  : MoveZ
	MachineMode : Manu
	MachineState: Active
	Object      : Gesim.GsZSensor(ZSensor)
	PLC Object  : FB_MzTool
	PLC Action  : A_MoveZ
	PLC AState  : 0

16.06.2023 11:20:14 - 41747 - Z-Sensor switch not found
	Description : Measurement: switching point not reached - Internal error (20)
	Time        : 11:20:13.57
	ActionType  : CalibrateZSensor
	MachineMode : Manu
	MachineState: Active
	Object      : Gesim.GsZSensor(ZSensor)
	PLC Object  : FB_ComplexAction
	PLC Action  : A_CalibrateZSensor
	PLC AState  : 3

16.06.2023 11:39:07 - 41747 - Z-Sensor switch not found
	Description : Measurement: switching point not reached - Internal error (20)
	Time        : 11:39:06.15
	ActionType  : MoveZ
	MachineMode : Manu
	MachineState: Active
	Object      : Gesim.GsZSensor(ZSensor)
	PLC Object  : FB_MzTool
	PLC Action  : A_MoveZ
	PLC AState  : 0

16.06.2023 11:39:07 - 41747 - Z-Sensor switch not found
	Description : Measurement: switching point not reached - Internal error (20)
	Time        : 11:39:06.16
	ActionType  : CalibrateZSensor
	MachineMode : Manu
	MachineState: Active
	Object      : Gesim.GsZSensor(ZSensor)
	PLC Object  : FB_ComplexAction
	PLC Action  : A_CalibrateZSensor
	PLC AState  : 3

16.06.2023 11:40:27 - 41747 - Z-Sensor switch not found
	Description : Measurement: switching point not reached - Internal error (20)
	Time        : 11:40:26.04
	ActionType  : MoveZ
	MachineMode : Manu
	MachineState: Active
	Object      : Gesim.GsZSensor(ZSensor)
	PLC Object  : FB_MzTool
	PLC Action  : A_MoveZ
	PLC AState  : 0

16.06.2023 11:40:27 - 41747 - Z-Sensor switch not found
	Description : Measurement: switching point not reached - Internal error (20)
	Time        : 11:40:26.05
	ActionType  : CalibrateZSensor
	MachineMode : Manu
	MachineState: Active
	Object      : Gesim.GsZSensor(ZSensor)
	PLC Object  : FB_ComplexAction
	PLC Action  : A_CalibrateZSensor
	PLC AState  : 3

16.06.2023 11:42:35 - 41491 - Device not initialized
	Description : 
	Time        : 11:42:33.95
	ActionType  : MoveZ
	MachineMode : Manu
	MachineState: Active
	Object      : Gesim.GsHead(Head)
	PLC Object  : FB_MzHead
	PLC Action  : A_MoveZ
	PLC AState  : 80

16.06.2023 11:42:35 - 41491 - Device not initialized
	Description : 
	Time        : 11:42:33.95
	ActionType  : MoveXY
	MachineMode : Manu
	MachineState: Active
	Object      : Gesim.GsZSensor(ZSensor)
	PLC Object  : FB_MzBase
	PLC Action  : A_MoveXY
	PLC AState  : 1

16.06.2023 11:42:35 - 41491 - Device not initialized
	Description : 
	Time        : 11:42:33.96
	ActionType  : CalibrateZSensor
	MachineMode : Manu
	MachineState: Active
	Object      : Gesim.GsZSensor(ZSensor)
	PLC Object  : FB_ComplexAction
	PLC Action  : A_CalibrateZSensor
	PLC AState  : 1

16.06.2023 12:35:08 - 50013 - Changed configuration
	Description : The current configuration has changed significantly. Some settings might have changed.
	Time        : 12:35:08.54

16.06.2023 13:05:39 - 41556 - Head not in free Z-pos.
	Description : 
	Time        : 13:05:38.18
	ActionType  : InitDevices
	MachineMode : Init
	MachineState: Active
	PLC Object  : FB_MzHead
	PLC Action  : A_Init
	PLC AState  : 3

16.06.2023 13:05:49 - 41556 - Head not in free Z-pos.
	Description : 
	Time        : 13:05:48.20
	ActionType  : InitDevices
	MachineMode : Init
	MachineState: Active
	PLC Object  : FB_MzHead
	PLC Action  : A_Init
	PLC AState  : 3

16.06.2023 13:06:24 - 41556 - Head not in free Z-pos.
	Description : 
	Time        : 13:06:23.18
	ActionType  : InitDevices
	MachineMode : Init
	MachineState: Active
	PLC Object  : FB_MzHead
	PLC Action  : A_Init
	PLC AState  : 3

16.06.2023 13:07:01 - 41556 - Head not in free Z-pos.
	Description : 
	Time        : 13:07:00.40
	ActionType  : InitDevices
	MachineMode : Init
	MachineState: Active
	PLC Object  : FB_MzHead
	PLC Action  : A_Init
	PLC AState  : 3

16.06.2023 13:07:08 - 41556 - Head not in free Z-pos.
	Description : 
	Time        : 13:07:06.73
	ActionType  : InitDevices
	MachineMode : Init
	MachineState: Active
	PLC Object  : FB_MzHead
	PLC Action  : A_Init
	PLC AState  : 3

16.06.2023 13:07:15 - 41556 - Head not in free Z-pos.
	Description : 
	Time        : 13:07:14.30
	ActionType  : InitDevices
	MachineMode : Init
	MachineState: Active
	PLC Object  : FB_MzHead
	PLC Action  : A_Init
	PLC AState  : 3

16.06.2023 13:07:35 - 41476 - Object does not exist
	Description : 
	Time        : 13:07:35.31
	Command     : WRITE_ALL_PROPS
	Object      : Gesim.GsHead(Head)

16.06.2023 13:07:38 - 41476 - Object does not exist
	Description : 
	Time        : 13:07:38.58
	Command     : READ_ALL_PROPS
	Object      : Gesim.GsHead(Head)

16.06.2023 13:07:46 - 41476 - Object does not exist
	Description : 
	Time        : 13:07:46.18
	Command     : READ_ALL_PROPS
	Object      : Gesim.GsHead(Head)

16.06.2023 13:20:02 - 42247 - Scaffold Height Exceeded
	Description : Tool cannot move to all needed print positions (Z).
	Time        : 13:20:01.85
	ActionType  : Undefined
	MachineMode : Auto
	MachineState: Running
	Object      : Gesim.GsCartridgeDisp(Cartridge Dispenser (10ml))
	PLC Object  : FB_HskMFunc
	PLC Action  : A_AssignRParamHeader
	PLC AState  : 2

16.06.2023 13:20:23 - 42247 - Scaffold Height Exceeded
	Description : Tool cannot move to all needed print positions (Z).
	Time        : 13:20:22.62
	ActionType  : Undefined
	MachineMode : Auto
	MachineState: Running
	Object      : Gesim.GsCartridgeDisp(Cartridge Dispenser (10ml))
	PLC Object  : FB_HskMFunc
	PLC Action  : A_AssignRParamHeader
	PLC AState  : 2

16.06.2023 13:20:39 - 42247 - Scaffold Height Exceeded
	Description : Tool cannot move to all needed print positions (Z).
	Time        : 13:20:38.78
	ActionType  : Undefined
	MachineMode : Auto
	MachineState: Running
	Object      : Gesim.GsCartridgeDisp(Cartridge Dispenser (10ml))
	PLC Object  : FB_HskMFunc
	PLC Action  : A_AssignRParamHeader
	PLC AState  : 2

16.06.2023 13:21:01 - 42247 - Scaffold Height Exceeded
	Description : Tool cannot move to all needed print positions (Z).
	Time        : 13:21:00.69
	ActionType  : Undefined
	MachineMode : Auto
	MachineState: Running
	Object      : Gesim.GsCartridgeDisp(Cartridge Dispenser (10ml))
	PLC Object  : FB_HskMFunc
	PLC Action  : A_AssignRParamHeader
	PLC AState  : 2

16.06.2023 13:26:08 - 41503 - Configuration not activated
	Description : 
	Time        : 13:26:08.48
	Command     : CHANGE_MODE

16.06.2023 13:26:35 - 42247 - Scaffold Height Exceeded
	Description : Tool cannot move to all needed print positions (Z).
	Time        : 13:26:34.51
	ActionType  : Undefined
	MachineMode : Auto
	MachineState: Running
	Object      : Gesim.GsCartridgeDisp(Cartridge Dispenser (10ml))
	PLC Object  : FB_HskMFunc
	PLC Action  : A_AssignRParamHeader
	PLC AState  : 2

16.06.2023 13:27:59 - 42247 - Scaffold Height Exceeded
	Description : Tool cannot move to all needed print positions (Z).
	Time        : 13:27:58.99
	ActionType  : Undefined
	MachineMode : Auto
	MachineState: Running
	Object      : Gesim.GsCartridgeDisp(Cartridge Dispenser (10ml))
	PLC Object  : FB_HskMFunc
	PLC Action  : A_AssignRParamHeader
	PLC AState  : 2

16.06.2023 13:28:31 - 42247 - Scaffold Height Exceeded
	Description : Tool cannot move to all needed print positions (Z).
	Time        : 13:28:31.40
	ActionType  : Undefined
	MachineMode : Auto
	MachineState: Running
	Object      : Gesim.GsCartridgeDisp(Cartridge Dispenser (10ml))
	PLC Object  : FB_HskMFunc
	PLC Action  : A_AssignRParamHeader
	PLC AState  : 2

16.06.2023 13:28:47 - 42247 - Scaffold Height Exceeded
	Description : Tool cannot move to all needed print positions (Z).
	Time        : 13:28:46.97
	ActionType  : Undefined
	MachineMode : Auto
	MachineState: Running
	Object      : Gesim.GsCartridgeDisp(Cartridge Dispenser (10ml))
	PLC Object  : FB_HskMFunc
	PLC Action  : A_AssignRParamHeader
	PLC AState  : 2

16.06.2023 13:30:01 - 50013 - Changed configuration
	Description : The current configuration has changed significantly. Some settings might have changed.
	Time        : 13:30:01.12

16.06.2023 13:33:40 - 42247 - Scaffold Height Exceeded
	Description : Tool cannot move to all needed print positions (Z).
	Time        : 13:33:39.74
	ActionType  : Undefined
	MachineMode : Auto
	MachineState: Running
	Object      : Gesim.GsCartridgeDisp(Cartridge Dispenser (10ml))
	PLC Object  : FB_HskMFunc
	PLC Action  : A_AssignRParamHeader
	PLC AState  : 2

16.06.2023 13:47:30 - 50013 - Changed configuration
	Description : The current configuration has changed significantly. Some settings might have changed.
	Time        : 13:47:30.43

16.06.2023 13:52:20 - 41503 - Configuration not activated
	Description : 
	Time        : 13:52:20.40
	Command     : CHANGE_MODE

16.06.2023 13:52:24 - 41503 - Configuration not activated
	Description : 
	Time        : 13:52:24.85
	Command     : CHANGE_MODE

16.06.2023 13:52:38 - 41503 - Configuration not activated
	Description : 
	Time        : 13:52:38.32
	Command     : CHANGE_MODE

16.06.2023 13:53:45 - 41478 - Invalid state
	Description : Command can not be executed in this state.
	Time        : 13:53:45.36
	Command     : EXECUTE_ACTION
	Object      : Gesim.GsCartridgeDisp(Cartridge Dispenser (10ml))
	Action      : Switch Pressure->PressOn

16.06.2023 13:54:41 - 17085 - Limit exceeded
	Description : NC-Block violates software limit switches of the group.
	Time        : 13:54:40.43
	ActionType  : Undefined
	MachineMode : Auto
	MachineState: Running
	PLC Object  : GCode
	PLC Action  : A_Run
	PLC AState  : 20

16.06.2023 14:04:35 - 41473 - Invalid mode
	Description : Command cannot be executed in this mode.
	Time        : 14:04:35.56
	Command     : EXECUTE_ACTION
	Object      : Gesim.GsCartridgeHolder(CartridgeHolder (No Board))
	Action      : Jog

16.06.2023 14:04:35 - 41749 - FollowingErrorZAxis
	Description : 
	Time        : 14:04:34.65
	ActionType  : Jog
	MachineMode : Manu
	MachineState: Active
	Object      : Gesim.GsCartridgeHolder(CartridgeHolder (No Board))
	PLC Object  : FB_MzTool
	PLC Action  : A_JogZ
	PLC AState  : 80

16.06.2023 14:04:39 - 41473 - Invalid mode
	Description : Command cannot be executed in this mode.
	Time        : 14:04:39.96
	Command     : EXECUTE_ACTION
	Object      : Gesim.GsCartridgeHolder(CartridgeHolder (No Board))
	Action      : Jog

16.06.2023 14:06:24 - 41749 - FollowingErrorZAxis
	Description : 
	Time        : 14:06:23.38
	ActionType  : Jog
	MachineMode : Manu
	MachineState: Active
	Object      : Gesim.GsCartridgeHolder(CartridgeHolder (No Board))
	PLC Object  : FB_MzTool
	PLC Action  : A_JogZ
	PLC AState  : 80

16.06.2023 14:06:24 - 41473 - Invalid mode
	Description : Command cannot be executed in this mode.
	Time        : 14:06:24.27
	Command     : EXECUTE_ACTION
	Object      : Gesim.GsCartridgeHolder(CartridgeHolder (No Board))
	Action      : Jog

16.06.2023 14:30:19 - 41473 - Invalid mode
	Description : Command cannot be executed in this mode.
	Time        : 14:30:19.53
	Command     : EXECUTE_ACTION
	Object      : Gesim.GsHead(Head)
	Action      : Jog

16.06.2023 14:30:19 - 41473 - Invalid mode
	Description : Command cannot be executed in this mode.
	Time        : 14:30:19.53
	Command     : EXECUTE_ACTION
	Object      : Gesim.GsHead(Head)
	Action      : Jog

16.06.2023 14:42:42 - 42247 - Scaffold Height Exceeded
	Description : Tool cannot move to all needed print positions (Z).
	Time        : 14:42:42.19
	ActionType  : Undefined
	MachineMode : Auto
	MachineState: Running
	PLC Object  : FB_HskMFunc
	PLC Action  : A_AssignRParamHeader
	PLC AState  : 2

16.06.2023 14:49:30 - 41995 - InvalidToolConfig
	Description : 
	Time        : 14:49:29.27
	ActionType  : Undefined
	MachineMode : Config
	MachineState: Active
	PLC Object  : FB_MultiZRef
	PLC Action  : A_SetConfig
	PLC AState  : 0

16.06.2023 14:49:30 - 41995 - InvalidToolConfig
	Description : 
	Time        : 14:49:29.28
	ActionType  : Undefined
	MachineMode : Config
	MachineState: Active
	PLC Object  : FB_Configuration
	PLC Action  : A_Activate
	PLC AState  : 0

16.06.2023 14:49:34 - 41995 - InvalidToolConfig
	Description : 
	Time        : 14:49:33.45
	ActionType  : Undefined
	MachineMode : Config
	MachineState: Active
	PLC Object  : FB_MultiZRef
	PLC Action  : A_SetConfig
	PLC AState  : 0

16.06.2023 14:49:34 - 41995 - InvalidToolConfig
	Description : 
	Time        : 14:49:33.46
	ActionType  : Undefined
	MachineMode : Config
	MachineState: Active
	PLC Object  : FB_Configuration
	PLC Action  : A_Activate
	PLC AState  : 0

16.06.2023 14:51:09 - 41995 - InvalidToolConfig
	Description : 
	Time        : 14:49:33.46
	ActionType  : Undefined
	MachineMode : Config
	MachineState: Active
	PLC Object  : FB_Configuration
	PLC Action  : A_Activate
	PLC AState  : 0

19.06.2023 07:37:05 - 50013 - Changed configuration
	Description : The current configuration has changed significantly. Some settings might have changed.
	Time        : 07:37:05.53

19.06.2023 07:40:44 - 42240 - InvalidToolNr
	Description : 
	Time        : 07:40:45.63
	ActionType  : Undefined
	MachineMode : Auto
	MachineState: Running
	PLC Object  : FB_HskMFunc
	PLC Action  : A_AssignRParamHeader
	PLC AState  : 1

19.06.2023 07:41:46 - 41491 - Device not initialized
	Description : 
	Time        : 07:41:47.27
	ActionType  : MoveZ
	MachineMode : Auto
	MachineState: Running
	Object      : Gesim.GsHead(Head)
	PLC Object  : FB_MzHead
	PLC Action  : A_MoveZ
	PLC AState  : 80

19.06.2023 07:41:46 - 41491 - Device not initialized
	Description : 
	Time        : 07:41:47.27
	ActionType  : Undefined
	MachineMode : Auto
	MachineState: Running
	Object      : Gesim.GsHead(Head)
	PLC Object  : GCode
	PLC Action  : A_Start
	PLC AState  : 2

19.06.2023 07:41:57 - 41568 - Target position out of range - Z
	Description : Tool cannot move to target.
	Time        : 07:41:58.67
	ActionType  : Undefined
	MachineMode : Auto
	MachineState: Running
	PLC Object  : GCode
	PLC Action  : A_MoveZ
	PLC AState  : 0

19.06.2023 07:41:57 - 41568 - Target position out of range - Z
	Description : Tool cannot move to target.
	Time        : 07:41:58.67
	ActionType  : Undefined
	MachineMode : Auto
	MachineState: Running
	PLC Object  : GCode
	PLC Action  : A_MoveZ
	PLC AState  : 99

19.06.2023 07:43:56 - 41568 - Target position out of range - Z
	Description : Tool cannot move to target.
	Time        : 07:43:57.60
	ActionType  : Undefined
	MachineMode : Auto
	MachineState: Running
	PLC Object  : GCode
	PLC Action  : A_MoveZ
	PLC AState  : 0

19.06.2023 07:43:56 - 41568 - Target position out of range - Z
	Description : Tool cannot move to target.
	Time        : 07:43:57.60
	ActionType  : Undefined
	MachineMode : Auto
	MachineState: Running
	PLC Object  : GCode
	PLC Action  : A_MoveZ
	PLC AState  : 99

19.06.2023 07:44:16 - 41568 - Target position out of range - Z
	Description : Tool cannot move to target.
	Time        : 07:44:17.32
	ActionType  : Undefined
	MachineMode : Auto
	MachineState: Running
	PLC Object  : GCode
	PLC Action  : A_MoveZ
	PLC AState  : 0

19.06.2023 07:44:16 - 41568 - Target position out of range - Z
	Description : Tool cannot move to target.
	Time        : 07:44:17.32
	ActionType  : Undefined
	MachineMode : Auto
	MachineState: Running
	PLC Object  : GCode
	PLC Action  : A_MoveZ
	PLC AState  : 99

19.06.2023 07:44:37 - 41568 - Target position out of range - Z
	Description : Tool cannot move to target.
	Time        : 07:44:38.23
	ActionType  : Undefined
	MachineMode : Auto
	MachineState: Running
	PLC Object  : GCode
	PLC Action  : A_MoveZ
	PLC AState  : 0

19.06.2023 07:44:37 - 41568 - Target position out of range - Z
	Description : Tool cannot move to target.
	Time        : 07:44:38.23
	ActionType  : Undefined
	MachineMode : Auto
	MachineState: Running
	PLC Object  : GCode
	PLC Action  : A_MoveZ
	PLC AState  : 99

19.06.2023 07:44:52 - 42247 - Scaffold Height Exceeded
	Description : Tool cannot move to all needed print positions (Z).
	Time        : 07:44:53.30
	ActionType  : Undefined
	MachineMode : Auto
	MachineState: Running
	PLC Object  : FB_HskMFunc
	PLC Action  : A_AssignRParamHeader
	PLC AState  : 2

19.06.2023 07:45:18 - 42247 - Scaffold Height Exceeded
	Description : Tool cannot move to all needed print positions (Z).
	Time        : 07:45:19.64
	ActionType  : Undefined
	MachineMode : Auto
	MachineState: Running
	PLC Object  : FB_HskMFunc
	PLC Action  : A_AssignRParamHeader
	PLC AState  : 2

19.06.2023 07:46:44 - 41568 - Target position out of range - Z
	Description : Tool cannot move to target.
	Time        : 07:46:44.82
	Command     : EXECUTE_ACTION
	Object      : Gesim.GsCartridgeDisp(Cartridge Dispenser (10ml))
	Action      : Move Z->Relative->20 mm->72 mm/s

19.06.2023 07:46:51 - 41568 - Target position out of range - Z
	Description : Tool cannot move to target.
	Time        : 07:46:51.77
	Command     : EXECUTE_ACTION
	Object      : Gesim.GsCartridgeDisp(Cartridge Dispenser (10ml))
	Action      : Move Z->Relative->10 mm->72 mm/s

19.06.2023 11:12:50 - 42247 - Scaffold Height Exceeded
	Description : Tool cannot move to all needed print positions (Z).
	Time        : 11:12:50.30
	ActionType  : Undefined
	MachineMode : Auto
	MachineState: Running
	PLC Object  : FB_HskMFunc
	PLC Action  : A_AssignRParamHeader
	PLC AState  : 2

28.06.2023 08:13:51 - 41511 - Z-Sensor not mounted
	Description : A measurement was attempted without mounted Z-Sensor.
	Time        : 08:13:51.00
	Command     : EXECUTE_ACTION
	Object      : Gesim.GsZSensor(ZSensor)
	Action      : Calibrate Z-Sensor

28.06.2023 08:37:47 - 41570 - Risk of crash: Jog
	Description : Can not jog fast in this area.
	Time        : 08:37:47.75
	Command     : EXECUTE_ACTION
	Object      : Gesim.GsZSensor(ZSensor)
	Action      : Jog

28.06.2023 08:40:03 - 41747 - Z-Sensor switch not found
	Description : Measurement: switching point not reached - Internal error (20)
	Time        : 08:40:09.37
	ActionType  : MoveZ
	MachineMode : Auto
	MachineState: Running
	Object      : Gesim.GsZSensor(ZSensor)
	PLC Object  : FB_MzTool
	PLC Action  : A_MoveZ
	PLC AState  : 0

28.06.2023 08:40:03 - 41747 - Z-Sensor switch not found
	Description : Measurement: switching point not reached - Internal error (20)
	Time        : 08:40:09.38
	ActionType  : Measure
	MachineMode : Auto
	MachineState: Running
	Object      : Gesim.GsZSensor(ZSensor)
	PLC Object  : FB_ComplexAction
	PLC Action  : A_MeasureTarget
	PLC AState  : 4

28.06.2023 10:59:51 - 41986 - TimeoutWaitTargetReached
	Description : Internal error
	Time        : 10:59:57.79
	ActionType  : InitDevices
	MachineMode : Init
	MachineState: Active
	Object      : Gesim.GsStampSupport(StampSupport_Gen2)
	PLC Object  : FB_MzTool
	PLC Action  : A_Init
	PLC AState  : 1

28.06.2023 11:01:26 - 41986 - TimeoutWaitTargetReached
	Description : Internal error
	Time        : 11:01:31.96
	ActionType  : InitDevices
	MachineMode : Init
	MachineState: Active
	Object      : Gesim.GsStampSupport(StampSupport_Gen2)
	PLC Object  : FB_MzTool
	PLC Action  : A_Init
	PLC AState  : 1

28.06.2023 11:23:25 - 41536 - No piece on tool
	Description : 
	Time        : 11:23:25.78
	Command     : EXECUTE_ACTION
	Object      : Gesim.GsStampSupport(StampSupport_Gen2)
	Action      : Drop Piece->Rack Stamp (5x)->Slot 1

28.06.2023 11:25:05 - 41539 - Piece already in slot
	Description : 
	Time        : 11:25:11.46
	ActionType  : ExchangePiece
	MachineMode : Manu
	MachineState: Active
	Object      : Gesim.GsStampSupport(StampSupport_Gen2)
	PLC Object  : FB_ComplexAction
	PLC Action  : A_ExchangeStamp
	PLC AState  : 3

28.06.2023 11:25:09 - 41539 - Piece already in slot
	Description : 
	Time        : 11:25:15.76
	ActionType  : ExchangePiece
	MachineMode : Manu
	MachineState: Active
	Object      : Gesim.GsStampSupport(StampSupport_Gen2)
	PLC Object  : FB_ComplexAction
	PLC Action  : A_ExchangeStamp
	PLC AState  : 3

28.06.2023 11:34:06 - 41539 - Piece already in slot
	Description : 
	Time        : 11:34:12.43
	ActionType  : ExchangePiece
	MachineMode : Manu
	MachineState: Active
	Object      : Gesim.GsStampSupport(StampSupport_Gen2)
	PLC Object  : FB_ComplexAction
	PLC Action  : A_ExchangeStamp
	PLC AState  : 3

28.06.2023 11:36:36 - 41539 - Piece already in slot
	Description : 
	Time        : 11:36:41.92
	ActionType  : ExchangePiece
	MachineMode : Manu
	MachineState: Active
	Object      : Gesim.GsStampSupport(StampSupport_Gen2)
	PLC Object  : FB_ComplexAction
	PLC Action  : A_ExchangeStamp
	PLC AState  : 3

28.06.2023 11:38:19 - 41539 - Piece already in slot
	Description : 
	Time        : 11:38:25.62
	ActionType  : ExchangePiece
	MachineMode : Manu
	MachineState: Active
	Object      : Gesim.GsStampSupport(StampSupport_Gen2)
	PLC Object  : FB_ComplexAction
	PLC Action  : A_ExchangeStamp
	PLC AState  : 3

28.06.2023 11:39:21 - 41539 - Piece already in slot
	Description : 
	Time        : 11:39:27.60
	ActionType  : ExchangePiece
	MachineMode : Manu
	MachineState: Active
	Object      : Gesim.GsStampSupport(StampSupport_Gen2)
	PLC Object  : FB_ComplexAction
	PLC Action  : A_ExchangeStamp
	PLC AState  : 3

28.06.2023 11:42:33 - 41539 - Piece already in slot
	Description : 
	Time        : 11:42:39.76
	ActionType  : ExchangePiece
	MachineMode : Manu
	MachineState: Active
	Object      : Gesim.GsStampSupport(StampSupport_Gen2)
	PLC Object  : FB_ComplexAction
	PLC Action  : A_ExchangeStamp
	PLC AState  : 3

28.06.2023 11:52:04 - 41547 - NoPieceDetermined
	Description : 
	Time        : 11:52:10.08
	ActionType  : Undefined
	MachineMode : Auto
	MachineState: Running
	PLC Object  : FB_Sequence
	PLC Action  : UNDEFIEND
	PLC AState  : 2

28.06.2023 11:52:42 - 41547 - NoPieceDetermined
	Description : 
	Time        : 11:52:48.73
	ActionType  : Undefined
	MachineMode : Auto
	MachineState: Running
	PLC Object  : FB_Sequence
	PLC Action  : UNDEFIEND
	PLC AState  : 2

28.06.2023 11:53:05 - 41536 - No piece on tool
	Description : 
	Time        : 11:53:11.68
	ActionType  : Undefined
	MachineMode : Auto
	MachineState: Running
	PLC Object  : FB_Sequence
	PLC Action  : UNDEFIEND
	PLC AState  : 2

28.06.2023 11:54:10 -  1864 - ADS port not opened
	Description : Internal error
	Time        : 11:54:10.67
	Command     : EXECUTE_ACTION
	Object      : Gesim.GsStampSupport(StampSupport_Gen2)
	Action      : Drop Piece->Rack Stamp (5x)->Slot 1

28.06.2023 11:54:22 - 41547 - NoPieceDetermined
	Description : 
	Time        : 11:54:22.12
	Command     : EXECUTE_ACTION
	Object      : Gesim.GsStampSupport(StampSupport_Gen2)
	Action      : Drop Piece->Rack Stamp (5x)->Slot 1

28.06.2023 11:56:20 - 41541 - Invalid target slot
	Description : 
	Time        : 11:56:20.79
	Command     : EXECUTE_ACTION
	Object      : Gesim.GsStampSupport(StampSupport_Gen2)
	Action      : Drop Piece->Z-Sensor->Select Slot

28.06.2023 11:58:37 - 41547 - NoPieceDetermined
	Description : 
	Time        : 11:58:37.67
	Command     : EXECUTE_ACTION
	Object      : Gesim.GsStampSupport(StampSupport_Gen2)
	Action      : Take Piece->Rack Stamp (5x)->Slot 1

28.06.2023 12:25:00 - 41539 - Piece already in slot
	Description : 
	Time        : 12:25:06.17
	ActionType  : ExchangePiece
	MachineMode : Auto
	MachineState: Running
	Object      : Gesim.GsStampSupport(StampSupport_Gen2)
	PLC Object  : FB_ComplexAction
	PLC Action  : A_ExchangeStamp
	PLC AState  : 3

28.06.2023 12:52:58 - 41547 - NoPieceDetermined
	Description : 
	Time        : 12:53:04.15
	ActionType  : Undefined
	MachineMode : Auto
	MachineState: Running
	PLC Object  : FB_Sequence
	PLC Action  : UNDEFIEND
	PLC AState  : 2

28.06.2023 12:54:24 - 41547 - NoPieceDetermined
	Description : 
	Time        : 12:54:30.80
	ActionType  : Undefined
	MachineMode : Auto
	MachineState: Running
	PLC Object  : FB_Sequence
	PLC Action  : UNDEFIEND
	PLC AState  : 2

28.06.2023 12:55:13 - 41547 - NoPieceDetermined
	Description : 
	Time        : 12:55:19.20
	ActionType  : Undefined
	MachineMode : Auto
	MachineState: Running
	PLC Object  : FB_Sequence
	PLC Action  : UNDEFIEND
	PLC AState  : 2

28.06.2023 12:56:06 - 41539 - Piece already in slot
	Description : 
	Time        : 12:56:13.04
	ActionType  : ExchangePiece
	MachineMode : Auto
	MachineState: Running
	Object      : Gesim.GsStampSupport(StampSupport_Gen2)
	PLC Object  : FB_ComplexAction
	PLC Action  : A_ExchangeStamp
	PLC AState  : 3

28.06.2023 12:56:52 - 41539 - Piece already in slot
	Description : 
	Time        : 12:56:58.22
	ActionType  : ExchangePiece
	MachineMode : Manu
	MachineState: Active
	Object      : Gesim.GsStampSupport(StampSupport_Gen2)
	PLC Object  : FB_ComplexAction
	PLC Action  : A_ExchangeStamp
	PLC AState  : 3

28.06.2023 12:57:03 - 41539 - Piece already in slot
	Description : 
	Time        : 12:57:09.12
	ActionType  : ExchangePiece
	MachineMode : Manu
	MachineState: Active
	Object      : Gesim.GsStampSupport(StampSupport_Gen2)
	PLC Object  : FB_ComplexAction
	PLC Action  : A_ExchangeStamp
	PLC AState  : 3

28.06.2023 12:57:08 - 41539 - Piece already in slot
	Description : 
	Time        : 12:57:14.98
	ActionType  : ExchangePiece
	MachineMode : Manu
	MachineState: Active
	Object      : Gesim.GsStampSupport(StampSupport_Gen2)
	PLC Object  : FB_ComplexAction
	PLC Action  : A_ExchangeStamp
	PLC AState  : 3

28.06.2023 12:58:08 - 41539 - Piece already in slot
	Description : 
	Time        : 12:58:14.70
	ActionType  : ExchangePiece
	MachineMode : Manu
	MachineState: Active
	Object      : Gesim.GsStampSupport(StampSupport_Gen2)
	PLC Object  : FB_ComplexAction
	PLC Action  : A_ExchangeStamp
	PLC AState  : 3

28.06.2023 13:00:19 - 41547 - NoPieceDetermined
	Description : 
	Time        : 13:00:25.84
	ActionType  : Undefined
	MachineMode : Auto
	MachineState: Running
	PLC Object  : FB_Sequence
	PLC Action  : UNDEFIEND
	PLC AState  : 2

28.06.2023 13:00:31 - 41537 - Piece already on tool
	Description : 
	Time        : 13:00:38.01
	ActionType  : Undefined
	MachineMode : Auto
	MachineState: Running
	PLC Object  : FB_Sequence
	PLC Action  : UNDEFIEND
	PLC AState  : 2

28.06.2023 13:01:07 - 41539 - Piece already in slot
	Description : 
	Time        : 13:01:13.57
	ActionType  : ExchangePiece
	MachineMode : Auto
	MachineState: Running
	Object      : Gesim.GsStampSupport(StampSupport_Gen2)
	PLC Object  : FB_ComplexAction
	PLC Action  : A_ExchangeStamp
	PLC AState  : 3

28.06.2023 13:02:51 - 41539 - Piece already in slot
	Description : 
	Time        : 13:02:57.14
	ActionType  : ExchangePiece
	MachineMode : Auto
	MachineState: Running
	Object      : Gesim.GsStampSupport(StampSupport_Gen2)
	PLC Object  : FB_ComplexAction
	PLC Action  : A_ExchangeStamp
	PLC AState  : 3

28.06.2023 13:03:37 - 41539 - Piece already in slot
	Description : 
	Time        : 13:03:43.52
	ActionType  : ExchangePiece
	MachineMode : Manu
	MachineState: Active
	Object      : Gesim.GsStampSupport(StampSupport_Gen2)
	PLC Object  : FB_ComplexAction
	PLC Action  : A_ExchangeStamp
	PLC AState  : 3

28.06.2023 13:03:44 - 41539 - Piece already in slot
	Description : 
	Time        : 13:03:50.28
	ActionType  : ExchangePiece
	MachineMode : Manu
	MachineState: Active
	Object      : Gesim.GsStampSupport(StampSupport_Gen2)
	PLC Object  : FB_ComplexAction
	PLC Action  : A_ExchangeStamp
	PLC AState  : 3

28.06.2023 13:03:48 - 41539 - Piece already in slot
	Description : 
	Time        : 13:03:54.54
	ActionType  : ExchangePiece
	MachineMode : Manu
	MachineState: Active
	Object      : Gesim.GsStampSupport(StampSupport_Gen2)
	PLC Object  : FB_ComplexAction
	PLC Action  : A_ExchangeStamp
	PLC AState  : 3

28.06.2023 13:04:18 - 41539 - Piece already in slot
	Description : 
	Time        : 13:04:24.46
	ActionType  : ExchangePiece
	MachineMode : Manu
	MachineState: Active
	Object      : Gesim.GsStampSupport(StampSupport_Gen2)
	PLC Object  : FB_ComplexAction
	PLC Action  : A_ExchangeStamp
	PLC AState  : 3

28.06.2023 13:04:26 - 41539 - Piece already in slot
	Description : 
	Time        : 13:04:32.95
	ActionType  : ExchangePiece
	MachineMode : Manu
	MachineState: Active
	Object      : Gesim.GsStampSupport(StampSupport_Gen2)
	PLC Object  : FB_ComplexAction
	PLC Action  : A_ExchangeStamp
	PLC AState  : 3

28.06.2023 13:05:05 - 50013 - Changed configuration
	Description : The current configuration has changed significantly. Some settings might have changed.
	Time        : 13:05:05.88

28.06.2023 13:05:13 - 41539 - Piece already in slot
	Description : 
	Time        : 13:05:19.42
	ActionType  : ExchangePiece
	MachineMode : Manu
	MachineState: Active
	Object      : Gesim.GsStampSupport(StampSupport_Gen2)
	PLC Object  : FB_ComplexAction
	PLC Action  : A_ExchangeStamp
	PLC AState  : 3

28.06.2023 13:05:43 - 41539 - Piece already in slot
	Description : 
	Time        : 13:05:49.21
	ActionType  : ExchangePiece
	MachineMode : Manu
	MachineState: Active
	Object      : Gesim.GsStampSupport(StampSupport_Gen2)
	PLC Object  : FB_ComplexAction
	PLC Action  : A_ExchangeStamp
	PLC AState  : 3

28.06.2023 13:05:49 - 41539 - Piece already in slot
	Description : 
	Time        : 13:05:55.24
	ActionType  : ExchangePiece
	MachineMode : Manu
	MachineState: Active
	Object      : Gesim.GsStampSupport(StampSupport_Gen2)
	PLC Object  : FB_ComplexAction
	PLC Action  : A_ExchangeStamp
	PLC AState  : 3

28.06.2023 13:06:56 - 41539 - Piece already in slot
	Description : 
	Time        : 13:07:02.29
	ActionType  : ExchangePiece
	MachineMode : Manu
	MachineState: Active
	Object      : Gesim.GsStampSupport(StampSupport_Gen2)
	PLC Object  : FB_ComplexAction
	PLC Action  : A_ExchangeStamp
	PLC AState  : 3

28.06.2023 13:07:16 - 41539 - Piece already in slot
	Description : 
	Time        : 13:07:22.20
	ActionType  : ExchangePiece
	MachineMode : Manu
	MachineState: Active
	Object      : Gesim.GsStampSupport(StampSupport_Gen2)
	PLC Object  : FB_ComplexAction
	PLC Action  : A_ExchangeStamp
	PLC AState  : 3

28.06.2023 13:07:54 - 41539 - Piece already in slot
	Description : 
	Time        : 13:08:00.32
	ActionType  : ExchangePiece
	MachineMode : Manu
	MachineState: Active
	Object      : Gesim.GsStampSupport(StampSupport_Gen2)
	PLC Object  : FB_ComplexAction
	PLC Action  : A_ExchangeStamp
	PLC AState  : 3

28.06.2023 13:13:59 - 41570 - Risk of crash: Jog
	Description : Can not jog fast in this area.
	Time        : 13:13:59.76
	Command     : EXECUTE_ACTION
	Object      : Gesim.GsHead(Head)
	Action      : Jog

28.06.2023 13:20:45 - 41539 - Piece already in slot
	Description : 
	Time        : 13:20:51.09
	ActionType  : ExchangePiece
	MachineMode : Manu
	MachineState: Active
	Object      : Gesim.GsStampSupport(StampSupport_Gen2)
	PLC Object  : FB_ComplexAction
	PLC Action  : A_ExchangeStamp
	PLC AState  : 3

28.06.2023 13:22:11 - 41539 - Piece already in slot
	Description : 
	Time        : 13:22:17.15
	ActionType  : ExchangePiece
	MachineMode : Manu
	MachineState: Active
	Object      : Gesim.GsStampSupport(StampSupport_Gen2)
	PLC Object  : FB_ComplexAction
	PLC Action  : A_ExchangeStamp
	PLC AState  : 3

28.06.2023 13:22:39 - 41539 - Piece already in slot
	Description : 
	Time        : 13:22:45.14
	ActionType  : ExchangePiece
	MachineMode : Manu
	MachineState: Active
	Object      : Gesim.GsStampSupport(StampSupport_Gen2)
	PLC Object  : FB_ComplexAction
	PLC Action  : A_ExchangeStamp
	PLC AState  : 3

28.06.2023 13:23:12 - 41539 - Piece already in slot
	Description : 
	Time        : 13:23:17.88
	ActionType  : ExchangePiece
	MachineMode : Manu
	MachineState: Active
	Object      : Gesim.GsStampSupport(StampSupport_Gen2)
	PLC Object  : FB_ComplexAction
	PLC Action  : A_ExchangeStamp
	PLC AState  : 3

28.06.2023 13:24:19 - 41570 - Risk of crash: Jog
	Description : Can not jog fast in this area.
	Time        : 13:24:19.65
	Command     : EXECUTE_ACTION
	Object      : Gesim.GsStampSupport(StampSupport_Gen2)
	Action      : Jog

28.06.2023 13:27:29 - 41539 - Piece already in slot
	Description : 
	Time        : 13:27:35.20
	ActionType  : ExchangePiece
	MachineMode : Manu
	MachineState: Active
	Object      : Gesim.GsStampSupport(StampSupport_Gen2)
	PLC Object  : FB_ComplexAction
	PLC Action  : A_ExchangeStamp
	PLC AState  : 3

28.06.2023 13:31:17 - 41539 - Piece already in slot
	Description : 
	Time        : 13:31:23.19
	ActionType  : ExchangePiece
	MachineMode : Manu
	MachineState: Active
	Object      : Gesim.GsStampSupport(StampSupport_Gen2)
	PLC Object  : FB_ComplexAction
	PLC Action  : A_ExchangeStamp
	PLC AState  : 3

28.06.2023 13:35:46 - 41539 - Piece already in slot
	Description : 
	Time        : 13:35:52.15
	ActionType  : ExchangePiece
	MachineMode : Auto
	MachineState: Running
	Object      : Gesim.GsStampSupport(StampSupport_Gen2)
	PLC Object  : FB_ComplexAction
	PLC Action  : A_ExchangeStamp
	PLC AState  : 3

28.06.2023 13:45:23 - 41538 - No piece in slot
	Description : 
	Time        : 13:45:29.03
	ActionType  : ExchangePiece
	MachineMode : Manu
	MachineState: Active
	Object      : Gesim.GsStampSupport(StampSupport_Gen2)
	PLC Object  : FB_ComplexAction
	PLC Action  : A_ExchangeStamp
	PLC AState  : 3

28.06.2023 13:45:55 - 41538 - No piece in slot
	Description : 
	Time        : 13:46:01.12
	ActionType  : ExchangePiece
	MachineMode : Manu
	MachineState: Active
	Object      : Gesim.GsStampSupport(StampSupport_Gen2)
	PLC Object  : FB_ComplexAction
	PLC Action  : A_ExchangeStamp
	PLC AState  : 3

28.06.2023 13:47:01 - 41538 - No piece in slot
	Description : 
	Time        : 13:47:07.03
	ActionType  : ExchangePiece
	MachineMode : Manu
	MachineState: Active
	Object      : Gesim.GsStampSupport(StampSupport_Gen2)
	PLC Object  : FB_ComplexAction
	PLC Action  : A_ExchangeStamp
	PLC AState  : 3

28.06.2023 13:48:24 - 41499 - Unsuitable target
	Description : Target is not suitable for this action.
	Time        : 13:48:24.65
	Command     : EXECUTE_ACTION
	Object      : Gesim.GsStampSupport(StampSupport_Gen2)
	Action      : Drop Piece->Select Target

28.06.2023 13:51:27 - 41547 - NoPieceDetermined
	Description : 
	Time        : 13:51:33.52
	ActionType  : Undefined
	MachineMode : Auto
	MachineState: Running
	PLC Object  : FB_Sequence
	PLC Action  : UNDEFIEND
	PLC AState  : 2

28.06.2023 14:02:08 - 41749 - FollowingErrorZAxis
	Description : 
	Time        : 14:02:14.29
	ActionType  : MoveZ
	MachineMode : Auto
	MachineState: Running
	Object      : Gesim.GsStampSupport(StampSupport_Gen2)
	PLC Object  : FB_MzTool
	PLC Action  : A_MoveZ
	PLC AState  : 0

28.06.2023 14:02:08 - 41749 - FollowingErrorZAxis
	Description : 
	Time        : 14:02:14.30
	ActionType  : ExchangePiece
	MachineMode : Auto
	MachineState: Running
	Object      : Gesim.GsStampSupport(StampSupport_Gen2)
	PLC Object  : FB_ComplexAction
	PLC Action  : A_ExchangeStamp
	PLC AState  : 5

28.06.2023 14:04:08 - 41547 - NoPieceDetermined
	Description : 
	Time        : 14:04:13.82
	ActionType  : Undefined
	MachineMode : Auto
	MachineState: Running
	PLC Object  : FB_Sequence
	PLC Action  : UNDEFIEND
	PLC AState  : 2

28.06.2023 14:05:24 - 41538 - No piece in slot
	Description : 
	Time        : 14:05:29.96
	ActionType  : ExchangePiece
	MachineMode : Manu
	MachineState: Active
	Object      : Gesim.GsStampSupport(StampSupport_Gen2)
	PLC Object  : FB_ComplexAction
	PLC Action  : A_ExchangeStamp
	PLC AState  : 3

28.06.2023 14:06:11 - 41538 - No piece in slot
	Description : 
	Time        : 14:06:17.13
	ActionType  : ExchangePiece
	MachineMode : Manu
	MachineState: Active
	Object      : Gesim.GsStampSupport(StampSupport_Gen2)
	PLC Object  : FB_ComplexAction
	PLC Action  : A_ExchangeStamp
	PLC AState  : 3

28.06.2023 14:06:29 - 41538 - No piece in slot
	Description : 
	Time        : 14:06:35.41
	ActionType  : ExchangePiece
	MachineMode : Manu
	MachineState: Active
	Object      : Gesim.GsStampSupport(StampSupport_Gen2)
	PLC Object  : FB_ComplexAction
	PLC Action  : A_ExchangeStamp
	PLC AState  : 3

28.06.2023 14:06:44 - 41538 - No piece in slot
	Description : 
	Time        : 14:06:50.13
	ActionType  : ExchangePiece
	MachineMode : Manu
	MachineState: Active
	Object      : Gesim.GsStampSupport(StampSupport_Gen2)
	PLC Object  : FB_ComplexAction
	PLC Action  : A_ExchangeStamp
	PLC AState  : 3

28.06.2023 14:07:39 - 41538 - No piece in slot
	Description : 
	Time        : 14:07:45.06
	ActionType  : ExchangePiece
	MachineMode : Manu
	MachineState: Active
	Object      : Gesim.GsStampSupport(StampSupport_Gen2)
	PLC Object  : FB_ComplexAction
	PLC Action  : A_ExchangeStamp
	PLC AState  : 3

29.06.2023 11:48:21 - 41571 - PieceExchangeFailed
	Description : 
	Time        : 11:48:27.65
	ActionType  : ExchangePiece
	MachineMode : Manu
	MachineState: Active
	Object      : Gesim.GsStampSupport(StampSupport_Gen2)
	PLC Object  : FB_ComplexAction
	PLC Action  : A_ExchangeStamp
	PLC AState  : 12

29.06.2023 11:48:51 - 41571 - PieceExchangeFailed
	Description : 
	Time        : 11:48:57.55
	ActionType  : ExchangePiece
	MachineMode : Manu
	MachineState: Active
	Object      : Gesim.GsStampSupport(StampSupport_Gen2)
	PLC Object  : FB_ComplexAction
	PLC Action  : A_ExchangeStamp
	PLC AState  : 12

29.06.2023 11:51:37 - 41571 - PieceExchangeFailed
	Description : 
	Time        : 11:48:57.55
	ActionType  : ExchangePiece
	MachineMode : Manu
	MachineState: Active
	Object      : Gesim.GsStampSupport(StampSupport_Gen2)
	PLC Object  : FB_ComplexAction
	PLC Action  : A_ExchangeStamp
	PLC AState  : 12

29.06.2023 11:55:34 - 50013 - Changed configuration
	Description : The current configuration has changed significantly. Some settings might have changed.
	Time        : 11:55:34.34

29.06.2023 11:55:54 - 42247 - Scaffold Height Exceeded
	Description : Tool cannot move to all needed print positions (Z).
	Time        : 11:56:00.84
	ActionType  : Undefined
	MachineMode : Manu
	MachineState: Active
	PLC Object  : FB_HskMFunc
	PLC Action  : A_AssignRParamHeader
	PLC AState  : 2

29.06.2023 11:56:08 - 42247 - Scaffold Height Exceeded
	Description : Tool cannot move to all needed print positions (Z).
	Time        : 11:56:14.37
	ActionType  : Undefined
	MachineMode : Manu
	MachineState: Active
	PLC Object  : FB_HskMFunc
	PLC Action  : A_AssignRParamHeader
	PLC AState  : 2

29.06.2023 13:30:30 - 41069 - No nozzle on tool
	Description : A printing tool was configured without a nozzle.
	Time        : 13:30:36.20
	ActionType  : Undefined
	MachineMode : Config
	MachineState: Active
	Object      : Gesim.GsCartridgeDisp(CartridgeDispenser (30ml))
	PLC Object  : UNDEFIEND
	PLC Action  : UNDEFIEND
	PLC AState  : 0

29.06.2023 13:30:33 - 41069 - No nozzle on tool
	Description : A printing tool was configured without a nozzle.
	Time        : 13:30:39.31
	ActionType  : Undefined
	MachineMode : Config
	MachineState: Active
	Object      : Gesim.GsCartridgeDisp(CartridgeDispenser (30ml))
	PLC Object  : UNDEFIEND
	PLC Action  : UNDEFIEND
	PLC AState  : 0

29.06.2023 13:34:38 - 41069 - No nozzle on tool
	Description : A printing tool was configured without a nozzle.
	Time        : 13:30:39.31
	ActionType  : Undefined
	MachineMode : Config
	MachineState: Active
	Object      : Gesim.GsCartridgeDisp()
	PLC Object  : UNDEFIEND
	PLC Action  : UNDEFIEND
	PLC AState  : 0

29.06.2023 13:34:40 - 50005 - Connection error
	Description : The connection to the device could not be established.
	Time        : 13:34:40.74
	Exception   : System.InvalidOperationException: This BackgroundWorker is currently busy and cannot run multiple tasks concurrently.
   at Gesim.GsMachine.Connect(String routeName, Boolean record, Boolean withoutActivation)
   at GesimRobotics.ViewModels.Dialogs.DebugMenuDialog.connect()

30.06.2023 11:16:33 - 41536 - No piece on tool
	Description : 
	Time        : 11:16:33.15
	Command     : EXECUTE_ACTION
	Object      : Gesim.GsStampSupport(StampSupport_Gen2)
	Action      : Drop Piece->Rack Stamp (5x)->Slot 1

30.06.2023 11:16:47 - 41539 - Piece already in slot
	Description : 
	Time        : 11:16:53.82
	ActionType  : ExchangePiece
	MachineMode : Manu
	MachineState: Active
	Object      : Gesim.GsStampSupport(StampSupport_Gen2)
	PLC Object  : FB_ComplexAction
	PLC Action  : A_ExchangeStamp
	PLC AState  : 3

30.06.2023 11:17:14 - 41536 - No piece on tool
	Description : 
	Time        : 11:17:14.62
	Command     : EXECUTE_ACTION
	Object      : Gesim.GsStampSupport(StampSupport_Gen2)
	Action      : Drop Piece->Rack Stamp (5x)->Slot 1

30.06.2023 11:17:24 - 41536 - No piece on tool
	Description : 
	Time        : 11:17:24.61
	Command     : EXECUTE_ACTION
	Object      : Gesim.GsStampSupport(StampSupport_Gen2)
	Action      : Drop Piece->Rack Stamp (5x)->Slot 1

30.06.2023 11:17:35 - 41539 - Piece already in slot
	Description : 
	Time        : 11:17:42.05
	ActionType  : ExchangePiece
	MachineMode : Manu
	MachineState: Active
	Object      : Gesim.GsStampSupport(StampSupport_Gen2)
	PLC Object  : FB_ComplexAction
	PLC Action  : A_ExchangeStamp
	PLC AState  : 3

30.06.2023 11:17:52 - 41539 - Piece already in slot
	Description : 
	Time        : 11:17:59.12
	ActionType  : ExchangePiece
	MachineMode : Manu
	MachineState: Active
	Object      : Gesim.GsStampSupport(StampSupport_Gen2)
	PLC Object  : FB_ComplexAction
	PLC Action  : A_ExchangeStamp
	PLC AState  : 3

03.07.2023 08:12:42 - 41741 - I2C communication failure
	Description : Internal error (14)
	Time        : 08:12:51.65
	ActionType  : Undefined
	MachineMode : Manu
	MachineState: Active
	PLC Object  : FB_MultiZRef
	PLC Action  : A_Monitor
	PLC AState  : 0
	Error ID 2  : 202440921

03.07.2023 08:16:03 - 41988 - AxisNotHomed
	Description : 
	Time        : 08:16:11.77
	ActionType  : CalibrateZSensor
	MachineMode : Manu
	MachineState: Active
	Object      : Gesim.GsZSensor(ZSensor)
	PLC Object  : FB_ComplexAction
	PLC Action  : A_CalibrateZSensor
	PLC AState  : 0

03.07.2023 08:21:46 - 41741 - I2C communication failure
	Description : Internal error (14)
	Time        : 08:21:54.98
	ActionType  : Undefined
	MachineMode : Manu
	MachineState: Active
	PLC Object  : FB_MultiZRef
	PLC Action  : A_Monitor
	PLC AState  : 0
	Error ID 2  : 202440921

03.07.2023 08:22:55 - 41741 - I2C communication failure
	Description : Internal error (14)
	Time        : 08:23:04.00
	ActionType  : Undefined
	MachineMode : Manu
	MachineState: Active
	PLC Object  : FB_MultiZRef
	PLC Action  : A_Monitor
	PLC AState  : 0
	Error ID 2  : 202440921

03.07.2023 08:29:30 - 41741 - I2C communication failure
	Description : Internal error (14)
	Time        : 08:29:39.19
	ActionType  : Undefined
	MachineMode : Manu
	MachineState: Active
	PLC Object  : FB_MultiZRef
	PLC Action  : A_Monitor
	PLC AState  : 0
	Error ID 2  : 202440921

03.07.2023 08:29:54 - 41998 - TimeoutLock
	Description : 
	Time        : 08:30:03.49
	ActionType  : LockUnlock
	MachineMode : Maintenance
	MachineState: Active
	Object      : Gesim.GsExtruder(SyringeExtruder)
	PLC Object  : FB_Extruder
	PLC Action  : A_Reload
	PLC AState  : 80

03.07.2023 08:40:24 - 41741 - I2C communication failure
	Description : Internal error (14)
	Time        : 08:40:33.02
	ActionType  : Undefined
	MachineMode : Manu
	MachineState: Active
	PLC Object  : FB_MultiZRef
	PLC Action  : A_Monitor
	PLC AState  : 0
	Error ID 2  : 202440921

03.07.2023 08:41:26 - 41741 - I2C communication failure
	Description : Internal error (14)
	Time        : 08:41:35.19
	ActionType  : Undefined
	MachineMode : Manu
	MachineState: Active
	PLC Object  : FB_MultiZRef
	PLC Action  : A_Monitor
	PLC AState  : 0
	Error ID 2  : 202440921

03.07.2023 08:47:48 - 41741 - I2C communication failure
	Description : Internal error (14)
	Time        : 08:47:56.77
	ActionType  : Undefined
	MachineMode : Manu
	MachineState: Active
	PLC Object  : FB_MultiZRef
	PLC Action  : A_Monitor
	PLC AState  : 0
	Error ID 2  : 202440921

03.07.2023 08:53:38 - 41597 - Device is not locked
	Description : 
	Time        : 08:53:38.09
	Command     : EXECUTE_ACTION
	Object      : Gesim.GsExtruder(SyringeExtruder)
	Action      : Move Plunger->Move to ->86942 µm

03.07.2023 08:54:46 - 41511 - Z-Sensor not mounted
	Description : A measurement was attempted without mounted Z-Sensor.
	Time        : 08:54:46.25
	Command     : EXECUTE_ACTION
	Object      : Gesim.GsZSensor(ZSensor)
	Action      : Calibrate Z-Sensor

03.07.2023 09:01:40 - 41597 - Device is not locked
	Description : 
	Time        : 09:01:40.46
	Command     : EXECUTE_ACTION
	Object      : Gesim.GsExtruder(SyringeExtruder)
	Action      : Move Plunger->Move to ->50000 µm

05.07.2023 09:10:17 - 41995 - InvalidToolConfig
	Description : 
	Time        : 09:10:27.05
	ActionType  : Undefined
	MachineMode : Config
	MachineState: Active
	PLC Object  : FB_MultiZRef
	PLC Action  : A_SetConfig
	PLC AState  : 0

05.07.2023 09:10:17 - 41995 - InvalidToolConfig
	Description : 
	Time        : 09:10:27.06
	ActionType  : Undefined
	MachineMode : Config
	MachineState: Active
	PLC Object  : FB_Configuration
	PLC Action  : A_Activate
	PLC AState  : 0

05.07.2023 09:10:30 - 41995 - InvalidToolConfig
	Description : 
	Time        : 09:10:27.06
	ActionType  : Undefined
	MachineMode : Config
	MachineState: Active
	PLC Object  : FB_Configuration
	PLC Action  : A_Activate
	PLC AState  : 0

05.07.2023 09:11:27 - 50017 - Could not edit configuration
	Description : The configuration could not be edited.
	Time        : 09:11:27.87
	Exception   : Gesim.ConfigException: Object: Stamp_4Inch-Invalid mode
   at Gesim.GsMachine.deleteGsObject(GsObject gsObject)
   at Gesim.GsObject.Dispose(DeleteObjectDelegate delObjDelegate)
   at Gesim.GsObjectDirectory.DeleteObject(GsObject gsObject)
   at GesimRobotics.ViewModels.Objects.DisplayObject.delete()

05.07.2023 09:12:42 - 41617 - Sensor already switched
	Description : 
	Time        : 09:12:42.86
	Command     : EXECUTE_ACTION
	Object      : Gesim.GsStampSupport(StampSupport_Gen2)
	Action      : MeasureTool->Rack Stamp (2Inch/4Inch)

05.07.2023 10:21:34 - 41617 - Sensor already switched
	Description : 
	Time        : 10:21:34.09
	Command     : EXECUTE_ACTION
	Object      : Gesim.GsStampSupport(StampSupport_Gen2)
	Action      : MeasureTool->Rack Stamp (2Inch/4Inch)

05.07.2023 10:21:40 - 41617 - Sensor already switched
	Description : 
	Time        : 10:21:40.97
	Command     : EXECUTE_ACTION
	Object      : Gesim.GsStampSupport(StampSupport_Gen2)
	Action      : MeasureTool->Rack Stamp (2Inch/4Inch)

05.07.2023 10:29:06 - 41617 - Sensor already switched
	Description : 
	Time        : 10:29:06.75
	Command     : EXECUTE_ACTION
	Object      : Gesim.GsStampSupport(StampSupport_Gen2)
	Action      : MeasureTool->Rack Stamp (2Inch/4Inch)

05.07.2023 10:39:46 - 41530 - Measure Z-distance exceeded
	Description : The tip measurement failed because there was no switching signal within the expected Z-distance.
	Time        : 10:39:56.31
	ActionType  : Measure
	MachineMode : Manu
	MachineState: Active
	Object      : Gesim.GsStampSupport(StampSupport_Gen2)
	PLC Object  : FB_ComplexAction
	PLC Action  : A_MeasureStamp
	PLC AState  : 3

05.07.2023 10:42:23 - 41530 - Measure Z-distance exceeded
	Description : The tip measurement failed because there was no switching signal within the expected Z-distance.
	Time        : 10:42:33.54
	ActionType  : Measure
	MachineMode : Manu
	MachineState: Active
	Object      : Gesim.GsStampSupport(StampSupport_Gen2)
	PLC Object  : FB_ComplexAction
	PLC Action  : A_MeasureStamp
	PLC AState  : 3

05.07.2023 10:47:08 - 41530 - Measure Z-distance exceeded
	Description : The tip measurement failed because there was no switching signal within the expected Z-distance.
	Time        : 10:47:18.51
	ActionType  : Measure
	MachineMode : Manu
	MachineState: Active
	Object      : Gesim.GsStampSupport(StampSupport_Gen2)
	PLC Object  : FB_ComplexAction
	PLC Action  : A_MeasureStamp
	PLC AState  : 3

05.07.2023 10:50:34 - 41530 - Measure Z-distance exceeded
	Description : The tip measurement failed because there was no switching signal within the expected Z-distance.
	Time        : 10:50:44.93
	ActionType  : Measure
	MachineMode : Manu
	MachineState: Active
	Object      : Gesim.GsStampSupport(StampSupport_Gen2)
	PLC Object  : FB_ComplexAction
	PLC Action  : A_MeasureStamp
	PLC AState  : 3

05.07.2023 10:51:06 - 41530 - Measure Z-distance exceeded
	Description : The tip measurement failed because there was no switching signal within the expected Z-distance.
	Time        : 10:51:16.76
	ActionType  : Measure
	MachineMode : Manu
	MachineState: Active
	Object      : Gesim.GsStampSupport(StampSupport_Gen2)
	PLC Object  : FB_ComplexAction
	PLC Action  : A_MeasureStamp
	PLC AState  : 3

05.07.2023 10:51:41 - 41530 - Measure Z-distance exceeded
	Description : The tip measurement failed because there was no switching signal within the expected Z-distance.
	Time        : 10:51:52.00
	ActionType  : Measure
	MachineMode : Manu
	MachineState: Active
	Object      : Gesim.GsStampSupport(StampSupport_Gen2)
	PLC Object  : FB_ComplexAction
	PLC Action  : A_MeasureStamp
	PLC AState  : 3

05.07.2023 10:53:09 - 41570 - Risk of crash: Jog
	Description : Can not jog fast in this area.
	Time        : 10:53:09.01
	Command     : EXECUTE_ACTION
	Object      : Gesim.GsHead(Head)
	Action      : Jog

05.07.2023 10:54:38 - 41530 - Measure Z-distance exceeded
	Description : The tip measurement failed because there was no switching signal within the expected Z-distance.
	Time        : 10:54:48.31
	ActionType  : Measure
	MachineMode : Manu
	MachineState: Active
	Object      : Gesim.GsStampSupport(StampSupport_Gen2)
	PLC Object  : FB_ComplexAction
	PLC Action  : A_MeasureStamp
	PLC AState  : 3

05.07.2023 10:55:23 - 41530 - Measure Z-distance exceeded
	Description : The tip measurement failed because there was no switching signal within the expected Z-distance.
	Time        : 10:55:33.62
	ActionType  : Measure
	MachineMode : Manu
	MachineState: Active
	Object      : Gesim.GsStampSupport(StampSupport_Gen2)
	PLC Object  : FB_ComplexAction
	PLC Action  : A_MeasureStamp
	PLC AState  : 3

05.07.2023 10:56:18 - 41530 - Measure Z-distance exceeded
	Description : The tip measurement failed because there was no switching signal within the expected Z-distance.
	Time        : 10:56:28.92
	ActionType  : Measure
	MachineMode : Manu
	MachineState: Active
	Object      : Gesim.GsStampSupport(StampSupport_Gen2)
	PLC Object  : FB_ComplexAction
	PLC Action  : A_MeasureStamp
	PLC AState  : 3

05.07.2023 10:57:41 - 41530 - Measure Z-distance exceeded
	Description : The tip measurement failed because there was no switching signal within the expected Z-distance.
	Time        : 10:57:51.48
	ActionType  : Measure
	MachineMode : Manu
	MachineState: Active
	Object      : Gesim.GsStampSupport(StampSupport_Gen2)
	PLC Object  : FB_ComplexAction
	PLC Action  : A_MeasureStamp
	PLC AState  : 3

05.07.2023 11:01:02 - 41530 - Measure Z-distance exceeded
	Description : The tip measurement failed because there was no switching signal within the expected Z-distance.
	Time        : 11:01:12.74
	ActionType  : Measure
	MachineMode : Manu
	MachineState: Active
	Object      : Gesim.GsStampSupport(StampSupport_Gen2)
	PLC Object  : FB_ComplexAction
	PLC Action  : A_MeasureStamp
	PLC AState  : 3

05.07.2023 11:10:55 - 41530 - Measure Z-distance exceeded
	Description : The tip measurement failed because there was no switching signal within the expected Z-distance.
	Time        : 11:11:05.71
	ActionType  : Measure
	MachineMode : Manu
	MachineState: Active
	Object      : Gesim.GsStampSupport(StampSupport_Gen2)
	PLC Object  : FB_ComplexAction
	PLC Action  : A_MeasureStamp
	PLC AState  : 3

05.07.2023 11:12:10 - 41530 - Measure Z-distance exceeded
	Description : The tip measurement failed because there was no switching signal within the expected Z-distance.
	Time        : 11:12:20.80
	ActionType  : Measure
	MachineMode : Manu
	MachineState: Active
	Object      : Gesim.GsStampSupport(StampSupport_Gen2)
	PLC Object  : FB_ComplexAction
	PLC Action  : A_MeasureStamp
	PLC AState  : 3

05.07.2023 11:13:06 - 41530 - Measure Z-distance exceeded
	Description : The tip measurement failed because there was no switching signal within the expected Z-distance.
	Time        : 11:13:16.81
	ActionType  : Measure
	MachineMode : Manu
	MachineState: Active
	Object      : Gesim.GsStampSupport(StampSupport_Gen2)
	PLC Object  : FB_ComplexAction
	PLC Action  : A_MeasureStamp
	PLC AState  : 3

05.07.2023 11:13:42 - 41530 - Measure Z-distance exceeded
	Description : The tip measurement failed because there was no switching signal within the expected Z-distance.
	Time        : 11:13:52.31
	ActionType  : Measure
	MachineMode : Manu
	MachineState: Active
	Object      : Gesim.GsStampSupport(StampSupport_Gen2)
	PLC Object  : FB_ComplexAction
	PLC Action  : A_MeasureStamp
	PLC AState  : 3

05.07.2023 11:15:30 - 41617 - Sensor already switched
	Description : 
	Time        : 11:15:30.14
	Command     : EXECUTE_ACTION
	Object      : Gesim.GsStampSupport(StampSupport_Gen2)
	Action      : MeasureTool->Rack Stamp (2Inch/4Inch)

05.07.2023 11:18:29 - 41473 - Invalid mode
	Description : Command cannot be executed in this mode.
	Time        : 11:18:29.40
	Command     : EXECUTE_ACTION
	Object      : Gesim.GsStampSupport(StampSupport_Gen2)
	Action      : Switch Pressure/Vacuum->VacOn

05.07.2023 11:24:22 - 41530 - Measure Z-distance exceeded
	Description : The tip measurement failed because there was no switching signal within the expected Z-distance.
	Time        : 11:24:32.37
	ActionType  : Measure
	MachineMode : Manu
	MachineState: Active
	Object      : Gesim.GsStampSupport(StampSupport_Gen2)
	PLC Object  : FB_ComplexAction
	PLC Action  : A_MeasureStamp
	PLC AState  : 3

05.07.2023 11:33:41 - 41617 - Sensor already switched
	Description : 
	Time        : 11:33:41.22
	Command     : EXECUTE_ACTION
	Object      : Gesim.GsStampSupport(StampSupport_Gen2)
	Action      : MeasureTool->Rack Stamp (2Inch/4Inch)

05.07.2023 13:25:53 - 41571 - PieceExchangeFailed
	Description : 
	Time        : 13:26:02.91
	ActionType  : ExchangePiece
	MachineMode : Manu
	MachineState: Active
	Object      : Gesim.GsStampSupport(StampSupport_Gen2)
	PLC Object  : FB_ComplexAction
	PLC Action  : A_ExchangeStamp
	PLC AState  : 12

05.07.2023 13:26:22 - 41571 - PieceExchangeFailed
	Description : 
	Time        : 13:26:32.32
	ActionType  : ExchangePiece
	MachineMode : Manu
	MachineState: Active
	Object      : Gesim.GsStampSupport(StampSupport_Gen2)
	PLC Object  : FB_ComplexAction
	PLC Action  : A_ExchangeStamp
	PLC AState  : 12

05.07.2023 13:26:37 - 41538 - No piece in slot
	Description : 
	Time        : 13:26:47.69
	ActionType  : ExchangePiece
	MachineMode : Manu
	MachineState: Active
	Object      : Gesim.GsStampSupport(StampSupport_Gen2)
	PLC Object  : FB_ComplexAction
	PLC Action  : A_ExchangeStamp
	PLC AState  : 3

05.07.2023 13:30:51 - 41538 - No piece in slot
	Description : 
	Time        : 13:31:01.36
	ActionType  : ExchangePiece
	MachineMode : Manu
	MachineState: Active
	Object      : Gesim.GsStampSupport(StampSupport_Gen2)
	PLC Object  : FB_ComplexAction
	PLC Action  : A_ExchangeStamp
	PLC AState  : 3

05.07.2023 13:31:13 - 41571 - PieceExchangeFailed
	Description : 
	Time        : 13:31:23.57
	ActionType  : ExchangePiece
	MachineMode : Manu
	MachineState: Active
	Object      : Gesim.GsStampSupport(StampSupport_Gen2)
	PLC Object  : FB_ComplexAction
	PLC Action  : A_ExchangeStamp
	PLC AState  : 12

05.07.2023 13:32:48 - 41571 - PieceExchangeFailed
	Description : 
	Time        : 13:32:58.02
	ActionType  : ExchangePiece
	MachineMode : Manu
	MachineState: Active
	Object      : Gesim.GsStampSupport(StampSupport_Gen2)
	PLC Object  : FB_ComplexAction
	PLC Action  : A_ExchangeStamp
	PLC AState  : 12

05.07.2023 13:48:40 - 41571 - PieceExchangeFailed
	Description : 
	Time        : 13:48:50.48
	ActionType  : ExchangePiece
	MachineMode : Manu
	MachineState: Active
	Object      : Gesim.GsStampSupport(StampSupport_Gen2)
	PLC Object  : FB_ComplexAction
	PLC Action  : A_ExchangeStamp
	PLC AState  : 12

05.07.2023 13:49:05 - 41571 - PieceExchangeFailed
	Description : 
	Time        : 13:49:14.69
	ActionType  : ExchangePiece
	MachineMode : Manu
	MachineState: Active
	Object      : Gesim.GsStampSupport(StampSupport_Gen2)
	PLC Object  : FB_ComplexAction
	PLC Action  : A_ExchangeStamp
	PLC AState  : 12

05.07.2023 13:59:11 - 41539 - Piece already in slot
	Description : 
	Time        : 13:59:21.46
	ActionType  : ExchangePiece
	MachineMode : Manu
	MachineState: Active
	Object      : Gesim.GsStampSupport(StampSupport_Gen2)
	PLC Object  : FB_ComplexAction
	PLC Action  : A_ExchangeStamp
	PLC AState  : 3

05.07.2023 14:00:43 - 50017 - Could not edit configuration
	Description : The configuration could not be edited.
	Time        : 14:00:43.11
	Exception   : Gesim.ConfigException: Object: Rack Stamp (2Inch/4Inch)-ObjectAlreadyOnAnotherParent
   at Gesim.GsMachine.createGsObject(GsObject gsObject)
   at Gesim.GsObjectDirectory.pasteObject(GsObject gsObject, GsObject parent, GsSlot slot, Int32 index)
   at Gesim.GsObjectDirectory.PasteObject(GsObject gsObject, GsSlot parentSlot)
   at GesimRobotics.ViewModels.Objects.DisplayObject.addChild(GsObject obj)

05.07.2023 14:01:37 - 50017 - Could not edit configuration
	Description : The configuration could not be edited.
	Time        : 14:01:37.80
	Exception   : Gesim.ConfigException: Object: Rack Stamp (5x)-ObjectHasChilds
   at Gesim.GsMachine.deleteGsObject(GsObject gsObject)
   at Gesim.GsObject.Dispose(DeleteObjectDelegate delObjDelegate)
   at Gesim.GsObjectDirectory.DeleteObject(GsObject gsObject)
   at Gesim.GsObjectDirectory.ReplaceObject(GsObject oldObject, GsObject newObject)
   at GesimRobotics.ViewModels.Objects.DisplayObject.replaceObject(GsObject obj)

05.07.2023 14:09:40 - 50017 - Could not edit configuration
	Description : The configuration could not be edited.
	Time        : 14:09:40.24
	Exception   : Gesim.ConfigException: Object: Stamp_4Inch-Object ID already exists
   at Gesim.GsMachine.createGsObject(GsObject gsObject)
   at Gesim.GsObjectDirectory.pasteObject(GsObject gsObject, GsObject parent, GsSlot slot, Int32 index)
   at Gesim.GsObjectDirectory.PasteObject(GsObject gsObject, GsSlot parentSlot)
   at GesimRobotics.ViewModels.Objects.DisplayObject.addChild(GsObject obj)

05.07.2023 14:12:06 - 50017 - Could not edit configuration
	Description : The configuration could not be edited.
	Time        : 14:12:06.86
	Exception   : Gesim.ConfigException: Object: Stamp_2Inch-Object ID already exists
   at Gesim.GsMachine.createGsObject(GsObject gsObject)
   at Gesim.GsObjectDirectory.pasteObject(GsObject gsObject, GsObject parent, GsSlot slot, Int32 index)
   at Gesim.GsObjectDirectory.PasteObject(GsObject gsObject, GsSlot parentSlot)
   at GesimRobotics.ViewModels.Objects.DisplayObject.addChild(GsObject obj)

05.07.2023 14:18:25 - 50017 - Could not edit configuration
	Description : The configuration could not be edited.
	Time        : 14:18:25.18
	Exception   : Gesim.ConfigException: Object: Stamp_2Inch-Object ID already exists
   at Gesim.GsMachine.createGsObject(GsObject gsObject)
   at Gesim.GsObjectDirectory.pasteObject(GsObject gsObject, GsObject parent, GsSlot slot, Int32 index)
   at Gesim.GsObjectDirectory.PasteObject(GsObject gsObject, GsSlot parentSlot)
   at GesimRobotics.ViewModels.Objects.DisplayObject.addChild(GsObject obj)

06.07.2023 06:41:07 - 41538 - No piece in slot
	Description : 
	Time        : 06:41:17.88
	ActionType  : ExchangePiece
	MachineMode : Manu
	MachineState: Active
	Object      : Gesim.GsStampSupport(StampSupport_Gen2)
	PLC Object  : FB_ComplexAction
	PLC Action  : A_ExchangeStamp
	PLC AState  : 3

06.07.2023 06:44:29 - 41617 - Sensor already switched
	Description : 
	Time        : 06:44:29.13
	Command     : EXECUTE_ACTION
	Object      : Gesim.GsStampSupport(StampSupport_Gen2)
	Action      : MeasureTool->Rack Stamp (2Inch/4Inch)

06.07.2023 06:44:56 - 41617 - Sensor already switched
	Description : 
	Time        : 06:44:56.36
	Command     : EXECUTE_ACTION
	Object      : Gesim.GsStampSupport(StampSupport_Gen2)
	Action      : MeasureTool->Rack Stamp (2Inch/4Inch)

06.07.2023 06:49:43 - 41617 - Sensor already switched
	Description : 
	Time        : 06:49:43.84
	Command     : EXECUTE_ACTION
	Object      : Gesim.GsStampSupport(StampSupport_Gen2)
	Action      : MeasureTool->Rack Stamp (2Inch/4Inch)

06.07.2023 06:49:51 - 41617 - Sensor already switched
	Description : 
	Time        : 06:49:51.74
	Command     : EXECUTE_ACTION
	Object      : Gesim.GsStampSupport(StampSupport_Gen2)
	Action      : MeasureTool->Rack Stamp (2Inch/4Inch)

06.07.2023 07:24:02 - 41617 - Sensor already switched
	Description : 
	Time        : 07:24:02.75
	Command     : EXECUTE_ACTION
	Object      : Gesim.GsStampSupport(StampSupport_Gen2)
	Action      : MeasureTool->Rack Stamp (2Inch/4Inch)

06.07.2023 07:25:33 - 41617 - Sensor already switched
	Description : 
	Time        : 07:25:33.95
	Command     : EXECUTE_ACTION
	Object      : Gesim.GsStampSupport(StampSupport_Gen2)
	Action      : MeasureTool->Rack Stamp (2Inch/4Inch)

06.07.2023 07:27:55 - 41617 - Sensor already switched
	Description : 
	Time        : 07:27:55.45
	Command     : EXECUTE_ACTION
	Object      : Gesim.GsStampSupport(StampSupport_Gen2)
	Action      : MeasureTool->Rack Stamp (2Inch/4Inch)

06.07.2023 07:29:02 - 41530 - Measure Z-distance exceeded
	Description : The tip measurement failed because there was no switching signal within the expected Z-distance.
	Time        : 07:29:12.60
	ActionType  : Measure
	MachineMode : Manu
	MachineState: Active
	Object      : Gesim.GsStampSupport(StampSupport_Gen2)
	PLC Object  : FB_ComplexAction
	PLC Action  : A_MeasureStamp
	PLC AState  : 3

06.07.2023 07:29:52 - 41617 - Sensor already switched
	Description : 
	Time        : 07:29:52.80
	Command     : EXECUTE_ACTION
	Object      : Gesim.GsStampSupport(StampSupport_Gen2)
	Action      : MeasureTool->Rack Stamp (2Inch/4Inch)

06.07.2023 07:30:49 - 41530 - Measure Z-distance exceeded
	Description : The tip measurement failed because there was no switching signal within the expected Z-distance.
	Time        : 07:30:59.94
	ActionType  : Measure
	MachineMode : Manu
	MachineState: Active
	Object      : Gesim.GsStampSupport(StampSupport_Gen2)
	PLC Object  : FB_ComplexAction
	PLC Action  : A_MeasureStamp
	PLC AState  : 3

06.07.2023 07:34:29 - 41530 - Measure Z-distance exceeded
	Description : The tip measurement failed because there was no switching signal within the expected Z-distance.
	Time        : 07:34:39.94
	ActionType  : Measure
	MachineMode : Manu
	MachineState: Active
	Object      : Gesim.GsStampSupport(StampSupport_Gen2)
	PLC Object  : FB_ComplexAction
	PLC Action  : A_MeasureStamp
	PLC AState  : 3

06.07.2023 07:35:51 - 41617 - Sensor already switched
	Description : 
	Time        : 07:35:51.94
	Command     : EXECUTE_ACTION
	Object      : Gesim.GsStampSupport(StampSupport_Gen2)
	Action      : MeasureTool->Rack Stamp (2Inch/4Inch)

06.07.2023 07:36:56 - 41617 - Sensor already switched
	Description : 
	Time        : 07:36:56.12
	Command     : EXECUTE_ACTION
	Object      : Gesim.GsStampSupport(StampSupport_Gen2)
	Action      : MeasureTool->Rack Stamp (2Inch/4Inch)

06.07.2023 08:58:23 - 41500 - Target position out of range - X
	Description : Tool cannot move to target.
	Time        : 08:58:32.98
	ActionType  : Measure
	MachineMode : Manu
	MachineState: Active
	Object      : Gesim.GsStampSupport(StampSupport_Gen2)
	PLC Object  : FB_ComplexAction
	PLC Action  : A_MeasureStamp
	PLC AState  : 0

06.07.2023 08:58:45 - 41617 - Sensor already switched
	Description : 
	Time        : 08:58:45.92
	Command     : EXECUTE_ACTION
	Object      : Gesim.GsStampSupport(StampSupport_Gen2)
	Action      : MeasureTool->Rack Stamp (2Inch/4Inch)

06.07.2023 09:00:29 - 41617 - Sensor already switched
	Description : 
	Time        : 09:00:29.39
	Command     : EXECUTE_ACTION
	Object      : Gesim.GsStampSupport(StampSupport_Gen2)
	Action      : MeasureTool->Rack Stamp (2Inch/4Inch)

10.08.2023 13:10:49 - 17744 - Following error monitoring (position).
	Description : With active following error monitoring (position) a following error exceedance has occurred, whose magnitude is greater than the following error window, and whose duration is longer than the parameterised following error filter time.
	Time        : 13:12:20.41
	ActionType  : Undefined
	MachineMode : Maintenance
	MachineState: Active
	PLC Object  : UNDEFIEND
	PLC Action  : UNDEFIEND
	PLC AState  : 0

10.08.2023 13:10:49 - 17744 - Following error monitoring (position).
	Description : With active following error monitoring (position) a following error exceedance has occurred, whose magnitude is greater than the following error window, and whose duration is longer than the parameterised following error filter time.
	Time        : 13:12:20.42
	ActionType  : Undefined
	MachineMode : Maintenance
	MachineState: Active
	PLC Object  : UNDEFIEND
	PLC Action  : UNDEFIEND
	PLC AState  : 0

10.08.2023 13:10:59 - 41728 - No Z-axis
	Description : Z-axis is not available - Internal error (1)
	Time        : 13:10:59.67
	Command     : SETUP_AXIS

10.08.2023 13:59:38 - 41995 - InvalidToolConfig
	Description : 
	Time        : 14:01:08.66
	ActionType  : Undefined
	MachineMode : Config
	MachineState: Active
	PLC Object  : FB_MultiZRef
	PLC Action  : A_SetConfig
	PLC AState  : 0

10.08.2023 13:59:38 - 41995 - InvalidToolConfig
	Description : 
	Time        : 14:01:08.67
	ActionType  : Undefined
	MachineMode : Config
	MachineState: Active
	PLC Object  : FB_Configuration
	PLC Action  : A_Activate
	PLC AState  : 0

10.08.2023 13:59:41 - 41995 - InvalidToolConfig
	Description : 
	Time        : 14:01:12.37
	ActionType  : Undefined
	MachineMode : Config
	MachineState: Active
	PLC Object  : FB_MultiZRef
	PLC Action  : A_SetConfig
	PLC AState  : 0

10.08.2023 13:59:41 - 41995 - InvalidToolConfig
	Description : 
	Time        : 14:01:12.38
	ActionType  : Undefined
	MachineMode : Config
	MachineState: Active
	PLC Object  : FB_Configuration
	PLC Action  : A_Activate
	PLC AState  : 0

14.08.2023 06:55:36 - 41567 - Target position out of range - Y
	Description : Tool cannot move to target.
	Time        : 06:57:04.48
	ActionType  : Measure
	MachineMode : Manu
	MachineState: Active
	Object      : Gesim.GsZSensor(ZSensor)
	PLC Object  : FB_ComplexAction
	PLC Action  : A_MeasureTarget
	PLC AState  : 1

14.08.2023 07:10:05 - 41567 - Target position out of range - Y
	Description : Tool cannot move to target.
	Time        : 07:11:33.83
	ActionType  : Measure
	MachineMode : Manu
	MachineState: Active
	Object      : Gesim.GsZSensor(ZSensor)
	PLC Object  : FB_ComplexAction
	PLC Action  : A_MeasureTarget
	PLC AState  : 1

14.08.2023 07:25:41 - 41567 - Target position out of range - Y
	Description : Tool cannot move to target.
	Time        : 07:25:41.16
	Command     : EXECUTE_ACTION
	Object      : Gesim.GsCartridgeDisp(Cartridge Dispenser (10ml))
	Action      : Move to Target->Point1->Center

14.08.2023 07:30:37 - 41747 - Z-Sensor switch not found
	Description : Measurement: switching point not reached - Internal error (20)
	Time        : 07:32:05.24
	ActionType  : MoveZ
	MachineMode : Auto
	MachineState: Running
	Object      : Gesim.GsZSensor(ZSensor)
	PLC Object  : FB_MzTool
	PLC Action  : A_MoveZ
	PLC AState  : 0

14.08.2023 07:30:37 - 41747 - Z-Sensor switch not found
	Description : Measurement: switching point not reached - Internal error (20)
	Time        : 07:32:05.25
	ActionType  : Measure
	MachineMode : Auto
	MachineState: Running
	Object      : Gesim.GsZSensor(ZSensor)
	PLC Object  : FB_ComplexAction
	PLC Action  : A_MeasureTarget
	PLC AState  : 4

14.08.2023 11:25:03 - 50017 - Could not edit configuration
	Description : The configuration could not be edited.
	Time        : 11:25:03.47
	Exception   : Gesim.ConfigException: Object: TargetTray-Invalid mode
   at Gesim.GsMachine.deleteGsObject(GsObject gsObject)
   at Gesim.GsObject.Dispose(DeleteObjectDelegate delObjDelegate)
   at Gesim.GsObjectDirectory.DeleteObject(GsObject gsObject)
   at GesimRobotics.ViewModels.Objects.DisplayObject.delete()

14.08.2023 11:31:40 - 16656 - Error opening a file
	Description : The specified file does not exist. Example: NC program unknown.
	Time        : 11:33:08.54
	ActionType  : Undefined
	MachineMode : Auto
	MachineState: Running
	PLC Object  : GCode
	PLC Action  : A_Load
	PLC AState  : 2

14.08.2023 11:32:57 - 16656 - Error opening a file
	Description : The specified file does not exist. Example: NC program unknown.
	Time        : 11:34:26.33
	ActionType  : Undefined
	MachineMode : Auto
	MachineState: Running
	PLC Object  : GCode
	PLC Action  : A_Load
	PLC AState  : 2

14.08.2023 11:33:15 - 16656 - Error opening a file
	Description : The specified file does not exist. Example: NC program unknown.
	Time        : 11:34:44.20
	ActionType  : Undefined
	MachineMode : Auto
	MachineState: Running
	PLC Object  : GCode
	PLC Action  : A_Load
	PLC AState  : 2

14.08.2023 11:35:38 - 16656 - Error opening a file
	Description : The specified file does not exist. Example: NC program unknown.
	Time        : 11:37:06.97
	ActionType  : Undefined
	MachineMode : Auto
	MachineState: Running
	PLC Object  : GCode
	PLC Action  : A_Load
	PLC AState  : 2

14.08.2023 11:36:23 - 16656 - Error opening a file
	Description : The specified file does not exist. Example: NC program unknown.
	Time        : 11:37:52.34
	ActionType  : Undefined
	MachineMode : Manu
	MachineState: Active
	PLC Object  : GCode
	PLC Action  : A_Load
	PLC AState  : 2

14.08.2023 12:13:42 - 16656 - Error opening a file
	Description : The specified file does not exist. Example: NC program unknown.
	Time        : 12:15:10.78
	ActionType  : Undefined
	MachineMode : Auto
	MachineState: Running
	PLC Object  : GCode
	PLC Action  : A_Load
	PLC AState  : 2

14.08.2023 12:14:14 - 16656 - Error opening a file
	Description : The specified file does not exist. Example: NC program unknown.
	Time        : 12:15:43.57
	ActionType  : Undefined
	MachineMode : Manu
	MachineState: Active
	PLC Object  : GCode
	PLC Action  : A_Load
	PLC AState  : 2

14.08.2023 12:17:34 - 16656 - Error opening a file
	Description : The specified file does not exist. Example: NC program unknown.
	Time        : 12:19:03.37
	ActionType  : Undefined
	MachineMode : Manu
	MachineState: Active
	PLC Object  : GCode
	PLC Action  : A_Load
	PLC AState  : 2

14.08.2023 12:47:43 - 16656 - Error opening a file
	Description : The specified file does not exist. Example: NC program unknown.
	Time        : 12:49:11.82
	ActionType  : Undefined
	MachineMode : Manu
	MachineState: Active
	PLC Object  : GCode
	PLC Action  : A_Load
	PLC AState  : 2

14.08.2023 13:21:08 - 16656 - Error opening a file
	Description : The specified file does not exist. Example: NC program unknown.
	Time        : 13:22:36.48
	ActionType  : Undefined
	MachineMode : Manu
	MachineState: Active
	PLC Object  : GCode
	PLC Action  : A_Load
	PLC AState  : 2

14.08.2023 13:24:11 - 16656 - Error opening a file
	Description : The specified file does not exist. Example: NC program unknown.
	Time        : 13:25:39.16
	ActionType  : Undefined
	MachineMode : Manu
	MachineState: Active
	PLC Object  : GCode
	PLC Action  : A_Load
	PLC AState  : 2

14.08.2023 13:48:18 - 16656 - Error opening a file
	Description : The specified file does not exist. Example: NC program unknown.
	Time        : 13:49:47.08
	ActionType  : Undefined
	MachineMode : Manu
	MachineState: Active
	PLC Object  : GCode
	PLC Action  : A_Load
	PLC AState  : 2

14.08.2023 13:51:53 - 16656 - Error opening a file
	Description : The specified file does not exist. Example: NC program unknown.
	Time        : 13:53:21.85
	ActionType  : Undefined
	MachineMode : Manu
	MachineState: Active
	PLC Object  : GCode
	PLC Action  : A_Load
	PLC AState  : 2

14.08.2023 14:33:21 - 41568 - Target position out of range - Z
	Description : Tool cannot move to target.
	Time        : 14:34:49.47
	ActionType  : Undefined
	MachineMode : Auto
	MachineState: Running
	PLC Object  : GCode
	PLC Action  : A_MoveZ
	PLC AState  : 0

14.08.2023 14:33:21 - 41568 - Target position out of range - Z
	Description : Tool cannot move to target.
	Time        : 14:34:49.47
	ActionType  : Undefined
	MachineMode : Auto
	MachineState: Running
	PLC Object  : GCode
	PLC Action  : A_MoveZ
	PLC AState  : 99

15.08.2023 11:16:21 - 41054 - NoHeadCreated
	Description : 
	Time        : 11:15:46.12
	ActionType  : Undefined
	MachineMode : Config
	MachineState: Active
	PLC Object  : UNDEFIEND
	PLC Action  : UNDEFIEND
	PLC AState  : 0

15.08.2023 11:16:40 - 17744 - Following error monitoring (position).
	Description : With active following error monitoring (position) a following error exceedance has occurred, whose magnitude is greater than the following error window, and whose duration is longer than the parameterised following error filter time.
	Time        : 11:16:40.16
	ActionType  : Undefined
	MachineMode : Init
	MachineState: Active
	PLC Object  : UNDEFIEND
	PLC Action  : UNDEFIEND
	PLC AState  : 0

15.08.2023 11:16:40 - 17744 - Following error monitoring (position).
	Description : With active following error monitoring (position) a following error exceedance has occurred, whose magnitude is greater than the following error window, and whose duration is longer than the parameterised following error filter time.
	Time        : 11:16:40.31
	ActionType  : InitDevices
	MachineMode : Init
	MachineState: Active
	Object      : Gesim.GsHead(Head)
	PLC Object  : FB_MzHead
	PLC Action  : A_Init
	PLC AState  : 40

15.08.2023 11:17:07 - 50005 - Connection error
	Description : The connection to the device could not be established.
	Time        : 11:17:07.12
	Exception   : System.InvalidOperationException: This BackgroundWorker is currently busy and cannot run multiple tasks concurrently.
   at Gesim.GsMachine.Connect(String routeName, Boolean record, Boolean withoutActivation)
   at GesimRobotics.ViewModels.Dialogs.DebugMenuDialog.connect()

16.08.2023 07:44:48 - 50013 - Changed configuration
	Description : The current configuration has changed significantly. Some settings might have changed.
	Time        : 07:44:48.64

16.08.2023 07:45:41 - 41488 - Pressure timeout
	Description : 
	Time        : 07:45:30.58
	ActionType  : Undefined
	MachineMode : Manu
	MachineState: Active
	Object      : Gesim.GsCartridgeDisp(Cartridge Dispenser (10ml))
	PLC Object  : FB_CartridgeDisp
	PLC Action  : UNDEFIEND
	PLC AState  : 0

16.08.2023 07:46:15 - 41478 - Invalid state
	Description : Command can not be executed in this state.
	Time        : 07:46:04.60
	ActionType  : Undefined
	MachineMode : Manu
	MachineState: Active
	Object      : Gesim.GsCartridgeDisp(Cartridge Dispenser (10ml))
	PLC Object  : FB_HskMFunc
	PLC Action  : A_SetPrintParams
	PLC AState  : 0

16.08.2023 08:58:34 - 41054 - NoHeadCreated
	Description : 
	Time        : 08:58:23.42
	ActionType  : Undefined
	MachineMode : Config
	MachineState: Active
	PLC Object  : UNDEFIEND
	PLC Action  : UNDEFIEND
	PLC AState  : 0

16.08.2023 08:58:58 - 50017 - Could not edit configuration
	Description : The configuration could not be edited.
	Time        : 08:58:58.67
	Exception   : Gesim.ConfigException: Object: Point-Invalid mode
   at Gesim.GsMachine.createGsObject(GsObject gsObject)
   at Gesim.GsObjectDirectory.pasteObject(GsObject gsObject, GsObject parent, GsSlot slot, Int32 index)
   at GesimRobotics.ViewModels.Objects.DisplayObject.addChild(GsObject obj)

16.08.2023 08:59:07 - 50013 - Changed configuration
	Description : The current configuration has changed significantly. Some settings might have changed.
	Time        : 08:59:07.73

16.08.2023 08:59:56 - 41488 - Pressure timeout
	Description : 
	Time        : 08:59:55.52
	ActionType  : Undefined
	MachineMode : Manu
	MachineState: Cancel
	Object      : Gesim.GsCartridgeDisp(Cartridge Dispenser (10ml))
	PLC Object  : FB_CartridgeDisp
	PLC Action  : UNDEFIEND
	PLC AState  : 0

16.08.2023 09:00:35 - 41478 - Invalid state
	Description : Command can not be executed in this state.
	Time        : 09:00:33.99
	ActionType  : Undefined
	MachineMode : Manu
	MachineState: Active
	Object      : Gesim.GsCartridgeDisp(Cartridge Dispenser (10ml))
	PLC Object  : FB_HskMFunc
	PLC Action  : A_SetPrintParams
	PLC AState  : 0

16.08.2023 09:15:39 - 41054 - NoHeadCreated
	Description : 
	Time        : 09:15:37.71
	ActionType  : Undefined
	MachineMode : Config
	MachineState: Active
	PLC Object  : UNDEFIEND
	PLC Action  : UNDEFIEND
	PLC AState  : 0

16.08.2023 09:17:06 - 41054 - NoHeadCreated
	Description : 
	Time        : 09:17:00.38
	ActionType  : Undefined
	MachineMode : Config
	MachineState: Active
	PLC Object  : UNDEFIEND
	PLC Action  : UNDEFIEND
	PLC AState  : 0

16.08.2023 09:17:21 - 41054 - NoHeadCreated
	Description : 
	Time        : 09:17:00.38
	ActionType  : Undefined
	MachineMode : Config
	MachineState: Active
	PLC Object  : UNDEFIEND
	PLC Action  : UNDEFIEND
	PLC AState  : 0

16.08.2023 09:17:25 - 41054 - NoHeadCreated
	Description : 
	Time        : 09:17:00.38
	ActionType  : Undefined
	MachineMode : Config
	MachineState: Active
	PLC Object  : UNDEFIEND
	PLC Action  : UNDEFIEND
	PLC AState  : 0

16.08.2023 09:17:29 - 41054 - NoHeadCreated
	Description : 
	Time        : 09:17:00.38
	ActionType  : Undefined
	MachineMode : Config
	MachineState: Active
	PLC Object  : UNDEFIEND
	PLC Action  : UNDEFIEND
	PLC AState  : 0

16.08.2023 09:35:46 - 41054 - NoHeadCreated
	Description : 
	Time        : 09:17:00.38
	ActionType  : Undefined
	MachineMode : Config
	MachineState: Active
	PLC Object  : UNDEFIEND
	PLC Action  : UNDEFIEND
	PLC AState  : 0

16.08.2023 09:37:24 - 41054 - NoHeadCreated
	Description : 
	Time        : 09:17:00.38
	ActionType  : Undefined
	MachineMode : Config
	MachineState: Active
	PLC Object  : UNDEFIEND
	PLC Action  : UNDEFIEND
	PLC AState  : 0

16.08.2023 09:37:30 - 41054 - NoHeadCreated
	Description : 
	Time        : 09:17:00.38
	ActionType  : Undefined
	MachineMode : Config
	MachineState: Active
	PLC Object  : UNDEFIEND
	PLC Action  : UNDEFIEND
	PLC AState  : 0

16.08.2023 09:39:18 - 41054 - NoHeadCreated
	Description : 
	Time        : 09:39:10.63
	ActionType  : Undefined
	MachineMode : Config
	MachineState: Active
	PLC Object  : UNDEFIEND
	PLC Action  : UNDEFIEND
	PLC AState  : 0

16.08.2023 09:42:20 - 41054 - NoHeadCreated
	Description : 
	Time        : 09:39:10.63
	ActionType  : Undefined
	MachineMode : Config
	MachineState: Active
	PLC Object  : UNDEFIEND
	PLC Action  : UNDEFIEND
	PLC AState  : 0

16.08.2023 09:42:33 - 41054 - NoHeadCreated
	Description : 
	Time        : 09:39:10.63
	ActionType  : Undefined
	MachineMode : Config
	MachineState: Active
	PLC Object  : UNDEFIEND
	PLC Action  : UNDEFIEND
	PLC AState  : 0

16.08.2023 09:42:45 - 41054 - NoHeadCreated
	Description : 
	Time        : 09:39:10.63
	ActionType  : Undefined
	MachineMode : Config
	MachineState: Active
	PLC Object  : UNDEFIEND
	PLC Action  : UNDEFIEND
	PLC AState  : 0

16.08.2023 09:45:01 - 41054 - NoHeadCreated
	Description : 
	Time        : 09:39:10.63
	ActionType  : Undefined
	MachineMode : Config
	MachineState: Active
	PLC Object  : UNDEFIEND
	PLC Action  : UNDEFIEND
	PLC AState  : 0

16.08.2023 09:47:22 - 41054 - NoHeadCreated
	Description : 
	Time        : 09:39:10.63
	ActionType  : Undefined
	MachineMode : Config
	MachineState: Active
	PLC Object  : UNDEFIEND
	PLC Action  : UNDEFIEND
	PLC AState  : 0

16.08.2023 10:02:07 - 41054 - NoHeadCreated
	Description : 
	Time        : 10:02:05.19
	ActionType  : Undefined
	MachineMode : Config
	MachineState: Active
	PLC Object  : UNDEFIEND
	PLC Action  : UNDEFIEND
	PLC AState  : 0

16.08.2023 10:09:12 - 41054 - NoHeadCreated
	Description : 
	Time        : 10:08:52.83
	ActionType  : Undefined
	MachineMode : Config
	MachineState: Active
	PLC Object  : UNDEFIEND
	PLC Action  : UNDEFIEND
	PLC AState  : 0

16.08.2023 10:12:13 - 41054 - NoHeadCreated
	Description : 
	Time        : 10:11:47.41
	ActionType  : Undefined
	MachineMode : Config
	MachineState: Active
	PLC Object  : UNDEFIEND
	PLC Action  : UNDEFIEND
	PLC AState  : 0

16.08.2023 10:30:38 - 41054 - NoHeadCreated
	Description : 
	Time        : 10:30:33.37
	ActionType  : Undefined
	MachineMode : Config
	MachineState: Active
	PLC Object  : UNDEFIEND
	PLC Action  : UNDEFIEND
	PLC AState  : 0

17.08.2023 11:09:47 - 41488 - Pressure timeout
	Description : 
	Time        : 11:09:51.68
	ActionType  : Undefined
	MachineMode : Manu
	MachineState: Active
	Object      : Gesim.GsCartridgeDisp(Cartridge Dispenser (10ml))
	PLC Object  : FB_CartridgeDisp
	PLC Action  : UNDEFIEND
	PLC AState  : 0

17.08.2023 11:09:57 - 41478 - Invalid state
	Description : Command can not be executed in this state.
	Time        : 11:10:01.20
	ActionType  : Undefined
	MachineMode : Manu
	MachineState: Active
	Object      : Gesim.GsCartridgeDisp(Cartridge Dispenser (10ml))
	PLC Object  : FB_HskMFunc
	PLC Action  : A_SetPrintParams
	PLC AState  : 0

18.08.2023 11:58:00 -  1810 - server is in invalid state
	Description : 
	Time        : 11:53:04.79
	ActionType  : Undefined
	MachineMode : Config
	MachineState: Idle
	PLC Object  : ScanHwModules
	PLC Action  : UNDEFIEND
	PLC AState  : 8

18.08.2023 14:16:03 - 50005 - Connection error
	Description : The connection to the device could not be established.
	Time        : 14:16:03.37
	Exception   : System.Exception: Missing route: SN2351_BS51
   at Gesim.GsMachine.Connect(String routeName, Boolean record, Boolean withoutActivation)
   at GesimRobotics.ViewModels.ConnectionManager.Connect(String routeName)

18.08.2023 14:16:07 - 50005 - Connection error
	Description : The connection to the device could not be established.
	Time        : 14:16:07.06
	Exception   : System.Exception: Missing route: SN2351_BS51
   at Gesim.GsMachine.Connect(String routeName, Boolean record, Boolean withoutActivation)
   at GesimRobotics.ViewModels.ConnectionManager.Connect(String routeName)

28.08.2023 09:12:04 - 41478 - Invalid state
	Description : Command can not be executed in this state.
	Time        : 09:12:04.19
	Command     : SETUP_AXIS

28.08.2023 09:14:27 - 41478 - Invalid state
	Description : Command can not be executed in this state.
	Time        : 09:14:27.02
	Command     : SETUP_AXIS

28.08.2023 09:14:35 - 41576 - Interlock not locked
	Description : 
	Time        : 09:14:35.18
	Command     : SETUP_AXIS

28.08.2023 09:14:53 - 41478 - Invalid state
	Description : Command can not be executed in this state.
	Time        : 09:14:53.09
	Command     : SETUP_AXIS

28.08.2023 12:44:53 - 17744 - Following error monitoring (position).
	Description : With active following error monitoring (position) a following error exceedance has occurred, whose magnitude is greater than the following error window, and whose duration is longer than the parameterised following error filter time.
	Time        : 12:44:47.95
	ActionType  : Undefined
	MachineMode : Maintenance
	MachineState: Active
	PLC Object  : UNDEFIEND
	PLC Action  : UNDEFIEND
	PLC AState  : 0

28.08.2023 12:44:53 - 17744 - Following error monitoring (position).
	Description : With active following error monitoring (position) a following error exceedance has occurred, whose magnitude is greater than the following error window, and whose duration is longer than the parameterised following error filter time.
	Time        : 12:44:47.96
	ActionType  : Undefined
	MachineMode : Maintenance
	MachineState: Active
	PLC Object  : UNDEFIEND
	PLC Action  : UNDEFIEND
	PLC AState  : 0

28.08.2023 12:50:01 -  1864 - ADS port not opened
	Description : Internal error
	Time        : 12:50:01.33
	Command     : STOP

28.08.2023 12:50:18 - 17744 - Following error monitoring (position).
	Description : With active following error monitoring (position) a following error exceedance has occurred, whose magnitude is greater than the following error window, and whose duration is longer than the parameterised following error filter time.
	Time        : 12:50:12.82
	ActionType  : Undefined
	MachineMode : Maintenance
	MachineState: Active
	PLC Object  : UNDEFIEND
	PLC Action  : UNDEFIEND
	PLC AState  : 0

28.08.2023 12:50:18 - 17744 - Following error monitoring (position).
	Description : With active following error monitoring (position) a following error exceedance has occurred, whose magnitude is greater than the following error window, and whose duration is longer than the parameterised following error filter time.
	Time        : 12:50:12.83
	ActionType  : Undefined
	MachineMode : Maintenance
	MachineState: Active
	PLC Object  : UNDEFIEND
	PLC Action  : UNDEFIEND
	PLC AState  : 0

28.08.2023 12:51:41 - 17744 - Following error monitoring (position).
	Description : With active following error monitoring (position) a following error exceedance has occurred, whose magnitude is greater than the following error window, and whose duration is longer than the parameterised following error filter time.
	Time        : 12:51:36.27
	ActionType  : Undefined
	MachineMode : Maintenance
	MachineState: Active
	PLC Object  : UNDEFIEND
	PLC Action  : UNDEFIEND
	PLC AState  : 0

28.08.2023 12:51:42 - 17744 - Following error monitoring (position).
	Description : With active following error monitoring (position) a following error exceedance has occurred, whose magnitude is greater than the following error window, and whose duration is longer than the parameterised following error filter time.
	Time        : 12:51:36.28
	ActionType  : Undefined
	MachineMode : Maintenance
	MachineState: Active
	PLC Object  : UNDEFIEND
	PLC Action  : UNDEFIEND
	PLC AState  : 0

28.08.2023 12:51:57 - 17744 - Following error monitoring (position).
	Description : With active following error monitoring (position) a following error exceedance has occurred, whose magnitude is greater than the following error window, and whose duration is longer than the parameterised following error filter time.
	Time        : 12:51:51.95
	ActionType  : Undefined
	MachineMode : Maintenance
	MachineState: Active
	PLC Object  : UNDEFIEND
	PLC Action  : UNDEFIEND
	PLC AState  : 0

28.08.2023 12:51:57 - 17744 - Following error monitoring (position).
	Description : With active following error monitoring (position) a following error exceedance has occurred, whose magnitude is greater than the following error window, and whose duration is longer than the parameterised following error filter time.
	Time        : 12:51:51.96
	ActionType  : Undefined
	MachineMode : Maintenance
	MachineState: Active
	PLC Object  : UNDEFIEND
	PLC Action  : UNDEFIEND
	PLC AState  : 0

28.08.2023 13:42:37 - 17744 - Following error monitoring (position).
	Description : With active following error monitoring (position) a following error exceedance has occurred, whose magnitude is greater than the following error window, and whose duration is longer than the parameterised following error filter time.
	Time        : 13:42:31.65
	ActionType  : Undefined
	MachineMode : Maintenance
	MachineState: Active
	PLC Object  : UNDEFIEND
	PLC Action  : UNDEFIEND
	PLC AState  : 0

28.08.2023 13:42:37 - 17744 - Following error monitoring (position).
	Description : With active following error monitoring (position) a following error exceedance has occurred, whose magnitude is greater than the following error window, and whose duration is longer than the parameterised following error filter time.
	Time        : 13:42:31.66
	ActionType  : Undefined
	MachineMode : Maintenance
	MachineState: Active
	PLC Object  : UNDEFIEND
	PLC Action  : UNDEFIEND
	PLC AState  : 0

28.08.2023 14:08:46 -  1864 - ADS port not opened
	Description : Internal error
	Time        : 14:08:46.70
	Command     : STOP

28.08.2023 14:10:11 - 41054 - NoHeadCreated
	Description : 
	Time        : 14:08:23.17
	ActionType  : Undefined
	MachineMode : Config
	MachineState: Active
	PLC Object  : UNDEFIEND
	PLC Action  : UNDEFIEND
	PLC AState  : 0

28.08.2023 14:11:11 - 41534 - SimultanErrorX1X2
	Description : Time difference in achieving reference marks X1 X2
	Time        : 14:10:55.61
	ActionType  : Undefined
	MachineMode : Maintenance
	MachineState: Active
	PLC Object  : UNDEFIEND
	PLC Action  : UNDEFIEND
	PLC AState  : 0

28.08.2023 14:11:11 - 41534 - SimultanErrorX1X2
	Description : Time difference in achieving reference marks X1 X2
	Time        : 14:10:55.62
	ActionType  : Undefined
	MachineMode : Maintenance
	MachineState: Active
	PLC Object  : UNDEFIEND
	PLC Action  : UNDEFIEND
	PLC AState  : 0

28.08.2023 14:11:20 - 41534 - SimultanErrorX1X2
	Description : Time difference in achieving reference marks X1 X2
	Time        : 14:11:04.61
	ActionType  : Undefined
	MachineMode : Maintenance
	MachineState: Active
	PLC Object  : UNDEFIEND
	PLC Action  : UNDEFIEND
	PLC AState  : 0

28.08.2023 14:11:20 - 41534 - SimultanErrorX1X2
	Description : Time difference in achieving reference marks X1 X2
	Time        : 14:11:04.62
	ActionType  : Undefined
	MachineMode : Maintenance
	MachineState: Active
	PLC Object  : UNDEFIEND
	PLC Action  : UNDEFIEND
	PLC AState  : 0

28.08.2023 14:11:35 - 41534 - SimultanErrorX1X2
	Description : Time difference in achieving reference marks X1 X2
	Time        : 14:11:20.14
	ActionType  : Undefined
	MachineMode : Maintenance
	MachineState: Active
	PLC Object  : UNDEFIEND
	PLC Action  : UNDEFIEND
	PLC AState  : 0

28.08.2023 14:11:35 - 41534 - SimultanErrorX1X2
	Description : Time difference in achieving reference marks X1 X2
	Time        : 14:11:20.15
	ActionType  : Undefined
	MachineMode : Maintenance
	MachineState: Active
	PLC Object  : UNDEFIEND
	PLC Action  : UNDEFIEND
	PLC AState  : 0

28.08.2023 14:11:38 -  1864 - ADS port not opened
	Description : Internal error
	Time        : 14:11:38.55
	Command     : STOP

28.08.2023 14:11:54 - 41534 - SimultanErrorX1X2
	Description : Time difference in achieving reference marks X1 X2
	Time        : 14:11:20.15
	ActionType  : Undefined
	MachineMode : Maintenance
	MachineState: Active
	PLC Object  : UNDEFIEND
	PLC Action  : UNDEFIEND
	PLC AState  : 0

28.08.2023 14:12:12 - 41534 - SimultanErrorX1X2
	Description : Time difference in achieving reference marks X1 X2
	Time        : 14:11:57.10
	ActionType  : Undefined
	MachineMode : Maintenance
	MachineState: Active
	PLC Object  : UNDEFIEND
	PLC Action  : UNDEFIEND
	PLC AState  : 0

28.08.2023 14:12:12 - 41534 - SimultanErrorX1X2
	Description : Time difference in achieving reference marks X1 X2
	Time        : 14:11:57.11
	ActionType  : Undefined
	MachineMode : Maintenance
	MachineState: Active
	PLC Object  : UNDEFIEND
	PLC Action  : UNDEFIEND
	PLC AState  : 0

28.08.2023 14:12:15 -  1864 - ADS port not opened
	Description : Internal error
	Time        : 14:12:15.88
	Command     : STOP

28.08.2023 14:12:24 - 41534 - SimultanErrorX1X2
	Description : Time difference in achieving reference marks X1 X2
	Time        : 14:11:57.11
	ActionType  : Undefined
	MachineMode : Maintenance
	MachineState: Active
	PLC Object  : UNDEFIEND
	PLC Action  : UNDEFIEND
	PLC AState  : 0

28.08.2023 14:12:53 - 41054 - NoHeadCreated
	Description : 
	Time        : 14:12:27.78
	ActionType  : Undefined
	MachineMode : Config
	MachineState: Active
	PLC Object  : UNDEFIEND
	PLC Action  : UNDEFIEND
	PLC AState  : 0

28.08.2023 14:13:13 - 41534 - SimultanErrorX1X2
	Description : Time difference in achieving reference marks X1 X2
	Time        : 14:12:57.95
	ActionType  : Undefined
	MachineMode : Maintenance
	MachineState: Active
	PLC Object  : UNDEFIEND
	PLC Action  : UNDEFIEND
	PLC AState  : 0

28.08.2023 14:13:13 - 41534 - SimultanErrorX1X2
	Description : Time difference in achieving reference marks X1 X2
	Time        : 14:12:57.96
	ActionType  : Undefined
	MachineMode : Maintenance
	MachineState: Active
	PLC Object  : UNDEFIEND
	PLC Action  : UNDEFIEND
	PLC AState  : 0

28.08.2023 14:14:29 - 41054 - NoHeadCreated
	Description : 
	Time        : 14:14:02.28
	ActionType  : Undefined
	MachineMode : Config
	MachineState: Active
	PLC Object  : UNDEFIEND
	PLC Action  : UNDEFIEND
	PLC AState  : 0

28.08.2023 14:33:04 -  1864 - ADS port not opened
	Description : Internal error
	Time        : 14:33:04.40
	Command     : CHANGE_MODE

28.08.2023 14:42:04 -  1864 - ADS port not opened
	Description : Internal error
	Time        : 14:42:04.30
	Command     : SETUP_AXIS

28.08.2023 14:42:06 -  1864 - ADS port not opened
	Description : Internal error
	Time        : 14:42:06.55
	Command     : STOP

29.08.2023 07:50:48 - 41054 - NoHeadCreated
	Description : 
	Time        : 07:49:34.03
	ActionType  : Undefined
	MachineMode : Config
	MachineState: Active
	PLC Object  : UNDEFIEND
	PLC Action  : UNDEFIEND
	PLC AState  : 0

29.08.2023 08:00:32 - 41478 - Invalid state
	Description : Command can not be executed in this state.
	Time        : 08:00:32.13
	Command     : SETUP_AXIS

29.08.2023 08:00:40 -  1864 - ADS port not opened
	Description : Internal error
	Time        : 08:00:40.19
	Command     : STOP

29.08.2023 08:01:08 - 41054 - NoHeadCreated
	Description : 
	Time        : 08:00:06.57
	ActionType  : Undefined
	MachineMode : Config
	MachineState: Active
	PLC Object  : UNDEFIEND
	PLC Action  : UNDEFIEND
	PLC AState  : 0

29.08.2023 08:09:05 -  1864 - ADS port not opened
	Description : Internal error
	Time        : 08:09:05.76
	Command     : CHANGE_MODE

29.08.2023 08:09:10 -  1864 - ADS port not opened
	Description : Internal error
	Time        : 08:09:10.33
	Command     : SETUP_AXIS

29.08.2023 08:09:17 -  1864 - ADS port not opened
	Description : Internal error
	Time        : 08:09:17.71
	Command     : STOP

29.08.2023 08:09:25 - 41054 - NoHeadCreated
	Description : 
	Time        : 08:08:18.24
	ActionType  : Undefined
	MachineMode : Config
	MachineState: Active
	PLC Object  : UNDEFIEND
	PLC Action  : UNDEFIEND
	PLC AState  : 0

29.08.2023 08:09:41 - 50005 - Connection error
	Description : The connection to the device could not be established.
	Time        : 08:09:41.13
	Exception   : System.InvalidOperationException: This BackgroundWorker is currently busy and cannot run multiple tasks concurrently.
   at Gesim.GsMachine.Connect(String routeName, Boolean record, Boolean withoutActivation)
   at GesimRobotics.ViewModels.Dialogs.DebugMenuDialog.connect()

29.08.2023 08:21:05 - 41054 - NoHeadCreated
	Description : 
	Time        : 08:20:05.08
	ActionType  : Undefined
	MachineMode : Config
	MachineState: Active
	PLC Object  : UNDEFIEND
	PLC Action  : UNDEFIEND
	PLC AState  : 0

29.08.2023 08:23:28 - 41503 - Configuration not activated
	Description : 
	Time        : 08:23:28.11
	Command     : CHANGE_MODE

29.08.2023 08:30:34 - 41054 - NoHeadCreated
	Description : 
	Time        : 08:30:18.15
	ActionType  : Undefined
	MachineMode : Config
	MachineState: Active
	PLC Object  : UNDEFIEND
	PLC Action  : UNDEFIEND
	PLC AState  : 0

29.08.2023 08:33:42 - 41054 - NoHeadCreated
	Description : 
	Time        : 08:33:19.45
	ActionType  : Undefined
	MachineMode : Config
	MachineState: Active
	PLC Object  : UNDEFIEND
	PLC Action  : UNDEFIEND
	PLC AState  : 0

29.08.2023 08:33:46 - 41054 - NoHeadCreated
	Description : 
	Time        : 08:33:19.45
	ActionType  : Undefined
	MachineMode : Config
	MachineState: Active
	PLC Object  : UNDEFIEND
	PLC Action  : UNDEFIEND
	PLC AState  : 0

29.08.2023 08:38:05 - 41054 - NoHeadCreated
	Description : 
	Time        : 08:33:19.45
	ActionType  : Undefined
	MachineMode : Config
	MachineState: Active
	PLC Object  : UNDEFIEND
	PLC Action  : UNDEFIEND
	PLC AState  : 0

29.08.2023 08:39:54 - 41054 - NoHeadCreated
	Description : 
	Time        : 08:39:16.93
	ActionType  : Undefined
	MachineMode : Config
	MachineState: Active
	PLC Object  : UNDEFIEND
	PLC Action  : UNDEFIEND
	PLC AState  : 0

29.08.2023 08:42:15 - 41054 - NoHeadCreated
	Description : 
	Time        : 08:41:13.04
	ActionType  : Undefined
	MachineMode : Config
	MachineState: Active
	PLC Object  : UNDEFIEND
	PLC Action  : UNDEFIEND
	PLC AState  : 0

29.08.2023 08:49:50 - 41054 - NoHeadCreated
	Description : 
	Time        : 08:47:55.97
	ActionType  : Undefined
	MachineMode : Config
	MachineState: Active
	PLC Object  : UNDEFIEND
	PLC Action  : UNDEFIEND
	PLC AState  : 0

29.08.2023 14:16:11 -  1864 - ADS port not opened
	Description : Internal error
	Time        : 14:16:11.55
	Command     : INTERACT_RESPONSE

29.08.2023 14:16:16 - 41503 - Configuration not activated
	Description : 
	Time        : 14:16:16.58
	Command     : CHANGE_MODE

29.08.2023 14:24:08 - 42240 - InvalidToolNr
	Description : 
	Time        : 14:24:07.17
	ActionType  : Undefined
	MachineMode : Auto
	MachineState: Running
	PLC Object  : FB_HskMFunc
	PLC Action  : A_SelectTool
	PLC AState  : 0

29.08.2023 14:26:55 - 17085 - Limit exceeded
	Description : NC-Block violates software limit switches of the group.
	Time        : 14:26:53.93
	ActionType  : Undefined
	MachineMode : Auto
	MachineState: Running
	PLC Object  : GCode
	PLC Action  : A_Run
	PLC AState  : 20

29.08.2023 14:27:37 - 17085 - Limit exceeded
	Description : NC-Block violates software limit switches of the group.
	Time        : 14:27:35.88
	ActionType  : Undefined
	MachineMode : Auto
	MachineState: Running
	PLC Object  : GCode
	PLC Action  : A_Run
	PLC AState  : 20

29.08.2023 14:29:25 - 41474 - Mode change impossible
	Description : Mode can only be changed in state "idle".
	Time        : 14:29:25.39
	Command     : CHANGE_MODE

29.08.2023 14:29:27 - 41473 - Invalid mode
	Description : Command cannot be executed in this mode.
	Time        : 14:29:27.64
	Command     : WRITE_HW_PROP
	Comment     : ModulId: 65537 PropType: WorkplateDim Value: 588000

29.08.2023 14:30:05 - 17085 - Limit exceeded
	Description : NC-Block violates software limit switches of the group.
	Time        : 14:27:35.88
	ActionType  : Undefined
	MachineMode : Auto
	MachineState: Running
	PLC Object  : GCode
	PLC Action  : A_Run
	PLC AState  : 20

29.08.2023 14:30:12 - 17085 - Limit exceeded
	Description : NC-Block violates software limit switches of the group.
	Time        : 14:27:35.88
	ActionType  : Undefined
	MachineMode : Auto
	MachineState: Running
	PLC Object  : GCode
	PLC Action  : A_Run
	PLC AState  : 20

29.08.2023 14:38:26 - 41744 - Axis not initialized
	Description : Internal error (17)
	Time        : 14:38:25.08
	ActionType  : MoveZ
	MachineMode : Auto
	MachineState: Running
	Object      : Gesim.GsCartridgeDisp(Cartridge Dispenser (10ml))
	PLC Object  : FB_MzTool
	PLC Action  : A_MoveZ
	PLC AState  : 0

29.08.2023 14:38:27 - 41744 - Axis not initialized
	Description : Internal error (17)
	Time        : 14:38:25.08
	ActionType  : Undefined
	MachineMode : Auto
	MachineState: Running
	PLC Object  : FB_HskMFunc
	PLC Action  : A_MoveZHome
	PLC AState  : 2

29.08.2023 14:40:48 - 41744 - Axis not initialized
	Description : Internal error (17)
	Time        : 14:40:46.50
	ActionType  : MoveZ
	MachineMode : Auto
	MachineState: Running
	Object      : Gesim.GsCartridgeDisp(Cartridge Dispenser (10ml))
	PLC Object  : FB_MzTool
	PLC Action  : A_MoveZ
	PLC AState  : 0

29.08.2023 14:40:48 - 41744 - Axis not initialized
	Description : Internal error (17)
	Time        : 14:40:46.50
	ActionType  : Undefined
	MachineMode : Auto
	MachineState: Running
	PLC Object  : GCode
	PLC Action  : A_MoveZ
	PLC AState  : 1

29.08.2023 14:41:15 - 41568 - Target position out of range - Z
	Description : Tool cannot move to target.
	Time        : 14:41:13.38
	ActionType  : Undefined
	MachineMode : Auto
	MachineState: Running
	PLC Object  : GCode
	PLC Action  : A_MoveZ
	PLC AState  : 0

29.08.2023 14:41:15 - 41568 - Target position out of range - Z
	Description : Tool cannot move to target.
	Time        : 14:41:13.38
	ActionType  : Undefined
	MachineMode : Auto
	MachineState: Running
	PLC Object  : GCode
	PLC Action  : A_MoveZ
	PLC AState  : 99

30.08.2023 08:10:26 - 41491 - Device not initialized
	Description : 
	Time        : 08:10:26.37
	Command     : EXECUTE_ACTION
	Object      : Gesim.GsCartridgeHolder(CartridgeHolder (No Board))
	Action      : Jog

30.08.2023 08:20:53 - 41569 - Risk of crash: Jog
	Description : Can not jog long distances in this area.
	Time        : 08:20:53.85
	Command     : EXECUTE_ACTION
	Object      : Gesim.GsCartridgeHolder(CartridgeHolder (No Board))
	Action      : Jog

30.08.2023 08:21:01 - 41570 - Risk of crash: Jog
	Description : Can not jog fast in this area.
	Time        : 08:21:01.70
	Command     : EXECUTE_ACTION
	Object      : Gesim.GsCartridgeHolder(CartridgeHolder (No Board))
	Action      : Jog

30.08.2023 08:21:04 - 41569 - Risk of crash: Jog
	Description : Can not jog long distances in this area.
	Time        : 08:21:04.60
	Command     : EXECUTE_ACTION
	Object      : Gesim.GsCartridgeHolder(CartridgeHolder (No Board))
	Action      : Jog

30.08.2023 08:21:06 - 41569 - Risk of crash: Jog
	Description : Can not jog long distances in this area.
	Time        : 08:21:06.30
	Command     : EXECUTE_ACTION
	Object      : Gesim.GsCartridgeHolder(CartridgeHolder (No Board))
	Action      : Jog

30.08.2023 08:21:07 - 41569 - Risk of crash: Jog
	Description : Can not jog long distances in this area.
	Time        : 08:21:07.59
	Command     : EXECUTE_ACTION
	Object      : Gesim.GsCartridgeHolder(CartridgeHolder (No Board))
	Action      : Jog

30.08.2023 08:21:08 - 41569 - Risk of crash: Jog
	Description : Can not jog long distances in this area.
	Time        : 08:21:08.60
	Command     : EXECUTE_ACTION
	Object      : Gesim.GsCartridgeHolder(CartridgeHolder (No Board))
	Action      : Jog

30.08.2023 11:41:39 - 41535 - Z-Sensor not calibrated
	Description : 
	Time        : 11:41:54.88
	ActionType  : Measure
	MachineMode : Manu
	MachineState: Active
	Object      : Gesim.GsZSensor(ZSensor)
	PLC Object  : FB_ComplexAction
	PLC Action  : A_MeasureTarget
	PLC AState  : 0

30.08.2023 11:42:43 - 41747 - Z-Sensor switch not found
	Description : Measurement: switching point not reached - Internal error (20)
	Time        : 11:42:58.95
	ActionType  : MoveZ
	MachineMode : Manu
	MachineState: Active
	Object      : Gesim.GsZSensor(ZSensor)
	PLC Object  : FB_MzTool
	PLC Action  : A_MoveZ
	PLC AState  : 0

30.08.2023 11:42:43 - 41747 - Z-Sensor switch not found
	Description : Measurement: switching point not reached - Internal error (20)
	Time        : 11:42:58.96
	ActionType  : Measure
	MachineMode : Manu
	MachineState: Active
	Object      : Gesim.GsZSensor(ZSensor)
	PLC Object  : FB_ComplexAction
	PLC Action  : A_MeasureTarget
	PLC AState  : 4

30.08.2023 11:45:20 - 41747 - Z-Sensor switch not found
	Description : Measurement: switching point not reached - Internal error (20)
	Time        : 11:45:36.55
	ActionType  : MoveZ
	MachineMode : Auto
	MachineState: Running
	Object      : Gesim.GsZSensor(ZSensor)
	PLC Object  : FB_MzTool
	PLC Action  : A_MoveZ
	PLC AState  : 0

30.08.2023 11:45:20 - 41747 - Z-Sensor switch not found
	Description : Measurement: switching point not reached - Internal error (20)
	Time        : 11:45:36.56
	ActionType  : Measure
	MachineMode : Auto
	MachineState: Running
	Object      : Gesim.GsZSensor(ZSensor)
	PLC Object  : FB_ComplexAction
	PLC Action  : A_MeasureTarget
	PLC AState  : 4

30.08.2023 13:00:35 - 41623 - Calibration point has an offset
	Description : 
	Time        : 13:00:35.90
	Command     : EXECUTE_ACTION
	Object      : Gesim.GsZSensor(ZSensor)
	Action      : Calibrate Z-Sensor

30.08.2023 13:00:51 - 41623 - Calibration point has an offset
	Description : 
	Time        : 13:00:51.98
	Command     : EXECUTE_ACTION
	Object      : Gesim.GsZSensor(ZSensor)
	Action      : Calibrate Z-Sensor

30.08.2023 13:01:41 - 41747 - Z-Sensor switch not found
	Description : Measurement: switching point not reached - Internal error (20)
	Time        : 13:01:57.13
	ActionType  : MoveZ
	MachineMode : Manu
	MachineState: Active
	Object      : Gesim.GsZSensor(ZSensor)
	PLC Object  : FB_MzTool
	PLC Action  : A_MoveZ
	PLC AState  : 0

30.08.2023 13:01:41 - 41747 - Z-Sensor switch not found
	Description : Measurement: switching point not reached - Internal error (20)
	Time        : 13:01:57.14
	ActionType  : Measure
	MachineMode : Manu
	MachineState: Active
	Object      : Gesim.GsZSensor(ZSensor)
	PLC Object  : FB_ComplexAction
	PLC Action  : A_MeasureTarget
	PLC AState  : 4

30.08.2023 14:42:18 - 42247 - Scaffold Height Exceeded
	Description : Tool cannot move to all needed print positions (Z).
	Time        : 14:42:33.41
	ActionType  : Undefined
	MachineMode : Auto
	MachineState: Running
	Object      : Gesim.GsPiezoPip(PiezoPipette Nano (Heatable))
	PLC Object  : FB_HskMFunc
	PLC Action  : A_AssignRParamHeader
	PLC AState  : 2

30.08.2023 14:42:45 - 41491 - Device not initialized
	Description : 
	Time        : 14:43:01.00
	ActionType  : MoveZ
	MachineMode : Auto
	MachineState: Running
	Object      : Gesim.GsHead(Head)
	PLC Object  : FB_MzHead
	PLC Action  : A_MoveZ
	PLC AState  : 3

30.08.2023 14:42:45 - 41491 - Device not initialized
	Description : 
	Time        : 14:43:01.00
	ActionType  : Undefined
	MachineMode : Auto
	MachineState: Running
	Object      : Gesim.GsHead(Head)
	PLC Object  : GCode
	PLC Action  : A_Start
	PLC AState  : 2

31.08.2023 07:16:58 - 41527 - Timeout while filling PCV
	Description : A timeout occurred while filling the pressure compensation vessel.
	Time        : 07:17:14.67
	ActionType  : Undefined
	MachineMode : Manu
	MachineState: Idle
	PLC Object  : FB_DeviceBase
	PLC Action  : UNDEFIEND
	PLC AState  : 0

31.08.2023 07:20:26 - 41525 - System fluid bottle empty
	Description : 
	Time        : 07:20:43.00
	ActionType  : Undefined
	MachineMode : Manu
	MachineState: Idle
	PLC Object  : FB_DeviceBase
	PLC Action  : UNDEFIEND
	PLC AState  : 0

31.08.2023 07:20:51 - 41525 - System fluid bottle empty
	Description : 
	Time        : 07:20:51.68
	Command     : EXECUTE_ACTION
	Object      : Gesim.GsPiezoPip(PiezoPipette Nano (Heatable))
	Action      : Wash->Washpoint 1->WashOutside->1 s

31.08.2023 07:21:08 - 41525 - System fluid bottle empty
	Description : 
	Time        : 07:21:08.68
	Command     : EXECUTE_ACTION
	Object      : Gesim.GsPiezoPip(PiezoPipette Nano (Heatable))
	Action      : Wash->Washpoint 1->WashOutside->1 s

31.08.2023 07:21:22 - 41526 - Waste bottle full
	Description : 
	Time        : 07:21:22.49
	Command     : EXECUTE_ACTION
	Object      : Gesim.GsPiezoPip(PiezoPipette Nano (Heatable))
	Action      : Wash->Washpoint 1->WashOutside->1 s

31.08.2023 07:22:13 - 41525 - System fluid bottle empty
	Description : 
	Time        : 07:22:13.53
	Command     : EXECUTE_ACTION
	Object      : Gesim.GsPiezoPip(PiezoPipette Nano (Heatable))
	Action      : Wash->Washpoint 1->WashOutside->1 s

31.08.2023 07:22:27 - 41525 - System fluid bottle empty
	Description : 
	Time        : 07:22:27.20
	Command     : EXECUTE_ACTION
	Object      : Gesim.GsPiezoPip(PiezoPipette Nano (Heatable))
	Action      : Wash->Washpoint 1->WashOutside->1 s

31.08.2023 07:23:00 - 41526 - Waste bottle full
	Description : 
	Time        : 07:23:00.00
	Command     : EXECUTE_ACTION
	Object      : Gesim.GsPiezoPip(PiezoPipette Nano (Heatable))
	Action      : Wash->Washpoint 1->WashOutside->1 s

31.08.2023 07:23:05 - 41526 - Waste bottle full
	Description : 
	Time        : 07:23:21.87
	ActionType  : Rinse
	MachineMode : Manu
	MachineState: Active
	Object      : Gesim.GsWashStation(WashStation)
	PLC Object  : FB_WashStation
	PLC Action  : A_Rinse
	PLC AState  : 0

31.08.2023 07:59:42 - 41511 - Z-Sensor not mounted
	Description : A measurement was attempted without mounted Z-Sensor.
	Time        : 07:59:42.21
	Command     : EXECUTE_ACTION
	Object      : Gesim.GsZSensor(ZSensor)
	Action      : Measure Target->Slide_Align_Vertical

31.08.2023 08:01:08 - 41502 - Pipet move with Z-Sensor
	Description : The pipet cannot move with Z-Sensor mounted.
	Time        : 08:01:24.58
	ActionType  : ActionOnArray
	MachineMode : Manu
	MachineState: Active
	Object      : Gesim.GsPiezoPip(PiezoPipette Nano (Heatable))
	PLC Object  : FB_ComplexAction
	PLC Action  : A_ActionOnArray
	PLC AState  : 1

31.08.2023 08:38:32 - 41502 - Pipet move with Z-Sensor
	Description : The pipet cannot move with Z-Sensor mounted.
	Time        : 08:38:47.75
	ActionType  : ActionOnArray
	MachineMode : Manu
	MachineState: Active
	Object      : Gesim.GsPiezoPip(PiezoPipette Nano (Heatable))
	PLC Object  : FB_ComplexAction
	PLC Action  : A_ActionOnArray
	PLC AState  : 1

31.08.2023 08:38:49 - 41502 - Pipet move with Z-Sensor
	Description : The pipet cannot move with Z-Sensor mounted.
	Time        : 08:39:04.92
	ActionType  : TeachTarget
	MachineMode : Manu
	MachineState: Active
	Object      : Gesim.GsPiezoPip(PiezoPipette Nano (Heatable))
	PLC Object  : FB_ComplexAction
	PLC Action  : A_TeachTarget
	PLC AState  : 1

31.08.2023 08:38:56 - 41502 - Pipet move with Z-Sensor
	Description : The pipet cannot move with Z-Sensor mounted.
	Time        : 08:39:12.35
	ActionType  : Measure
	MachineMode : Manu
	MachineState: Active
	Object      : Gesim.GsPiezoPip(PiezoPipette Nano (Heatable))
	PLC Object  : FB_ComplexAction
	PLC Action  : A_MeasureTool
	PLC AState  : 2

31.08.2023 08:39:03 - 41502 - Pipet move with Z-Sensor
	Description : The pipet cannot move with Z-Sensor mounted.
	Time        : 08:39:18.83
	ActionType  : WashTool
	MachineMode : Manu
	MachineState: Active
	Object      : Gesim.GsPiezoPip(PiezoPipette Nano (Heatable))
	PLC Object  : FB_ComplexAction
	PLC Action  : A_WashTool
	PLC AState  : 1

31.08.2023 08:41:57 - 41502 - Pipet move with Z-Sensor
	Description : The pipet cannot move with Z-Sensor mounted.
	Time        : 08:42:13.51
	ActionType  : GetPipSample
	MachineMode : Manu
	MachineState: Active
	Object      : Gesim.GsPiezoPip(PiezoPipette Nano (Heatable))
	PLC Object  : FB_ComplexAction
	PLC Action  : A_GetPipSample
	PLC AState  : 1

31.08.2023 08:42:03 - 41502 - Pipet move with Z-Sensor
	Description : The pipet cannot move with Z-Sensor mounted.
	Time        : 08:42:19.22
	ActionType  : DryPip
	MachineMode : Manu
	MachineState: Active
	Object      : Gesim.GsPiezoPip(PiezoPipette Nano (Heatable))
	PLC Object  : FB_ComplexAction
	PLC Action  : A_DryPip
	PLC AState  : 1

31.08.2023 08:42:10 - 41502 - Pipet move with Z-Sensor
	Description : The pipet cannot move with Z-Sensor mounted.
	Time        : 08:42:26.44
	ActionType  : MoveToTarget
	MachineMode : Manu
	MachineState: Active
	Object      : Gesim.GsPiezoPip(PiezoPipette Nano (Heatable))
	PLC Object  : FB_ComplexAction
	PLC Action  : A_MoveToTarget
	PLC AState  : 0

31.08.2023 08:42:22 - 41502 - Pipet move with Z-Sensor
	Description : The pipet cannot move with Z-Sensor mounted.
	Time        : 08:42:38.02
	ActionType  : MoveToTarget
	MachineMode : Manu
	MachineState: Active
	Object      : Gesim.GsPiezoPip(PiezoPipette Nano (Heatable))
	PLC Object  : FB_ComplexAction
	PLC Action  : A_MoveToTarget
	PLC AState  : 0

31.08.2023 08:42:47 - 50013 - Changed configuration
	Description : The current configuration has changed significantly. Some settings might have changed.
	Time        : 08:42:47.13

31.08.2023 08:43:20 - 16660 - GCode-File too big
	Description : 
	Time        : 08:43:36.27
	ActionType  : Undefined
	MachineMode : Manu
	MachineState: Active
	PLC Object  : GCode
	PLC Action  : A_Load
	PLC AState  : 2

31.08.2023 08:47:00 - 41613 - PressureSupply
	Description : 
	Time        : 08:47:15.48
	ActionType  : Undefined
	MachineMode : Manu
	MachineState: Active
	Object      : Gesim.GsCartridgeDisp(Cartridge Dispenser (10ml))
	PLC Object  : FB_HskMFunc
	PLC Action  : A_SetPrintParams
	PLC AState  : 0

31.08.2023 10:00:53 - 16660 - GCode-File too big
	Description : 
	Time        : 10:01:08.08
	ActionType  : Undefined
	MachineMode : Manu
	MachineState: Active
	PLC Object  : GCode
	PLC Action  : A_Load
	PLC AState  : 2

31.08.2023 10:57:15 - 42247 - Scaffold Height Exceeded
	Description : Tool cannot move to all needed print positions (Z).
	Time        : 10:57:31.73
	ActionType  : Undefined
	MachineMode : Manu
	MachineState: Active
	PLC Object  : FB_HskMFunc
	PLC Action  : A_AssignRParamHeader
	PLC AState  : 2

31.08.2023 11:16:34 - 16660 - GCode-File too big
	Description : 
	Time        : 11:16:50.84
	ActionType  : Undefined
	MachineMode : Manu
	MachineState: Active
	PLC Object  : GCode
	PLC Action  : A_Load
	PLC AState  : 2

31.08.2023 11:17:48 - 16660 - GCode-File too big
	Description : 
	Time        : 11:18:05.16
	ActionType  : Undefined
	MachineMode : Manu
	MachineState: Active
	PLC Object  : GCode
	PLC Action  : A_Load
	PLC AState  : 2

31.08.2023 11:27:28 - 42247 - Scaffold Height Exceeded
	Description : Tool cannot move to all needed print positions (Z).
	Time        : 11:27:44.82
	ActionType  : Undefined
	MachineMode : Manu
	MachineState: Active
	Object      : Gesim.GsCartridgeDisp(Cartridge Dispenser (10ml))
	PLC Object  : FB_HskMFunc
	PLC Action  : A_AssignRParamHeader
	PLC AState  : 2

31.08.2023 11:27:51 - 42247 - Scaffold Height Exceeded
	Description : Tool cannot move to all needed print positions (Z).
	Time        : 11:28:07.42
	ActionType  : Undefined
	MachineMode : Manu
	MachineState: Active
	Object      : Gesim.GsCartridgeDisp(Cartridge Dispenser (10ml))
	PLC Object  : FB_HskMFunc
	PLC Action  : A_AssignRParamHeader
	PLC AState  : 2

31.08.2023 11:29:43 - 41473 - Invalid mode
	Description : Command cannot be executed in this mode.
	Time        : 11:29:43.01
	Command     : EXECUTE_ACTION
	Object      : Gesim.GsRoot(BioScaffolder 3.3)
	Action      : Run GCode: Test->PointS->Center

31.08.2023 11:37:15 - 42250 - Scaffold Depth Exceeded
	Description : Tool cannot move to all needed print positions (Y).
	Time        : 11:37:31.56
	ActionType  : Undefined
	MachineMode : Manu
	MachineState: Active
	Object      : Gesim.GsCartridgeDisp(Cartridge Dispenser (10ml))
	PLC Object  : FB_HskMFunc
	PLC Action  : A_AssignRParamHeader
	PLC AState  : 2

31.08.2023 11:37:35 - 42250 - Scaffold Depth Exceeded
	Description : Tool cannot move to all needed print positions (Y).
	Time        : 11:37:52.39
	ActionType  : Undefined
	MachineMode : Manu
	MachineState: Active
	Object      : Gesim.GsCartridgeDisp(Cartridge Dispenser (10ml))
	PLC Object  : FB_HskMFunc
	PLC Action  : A_AssignRParamHeader
	PLC AState  : 2

31.08.2023 11:49:28 - 41473 - Invalid mode
	Description : Command cannot be executed in this mode.
	Time        : 11:49:28.85
	Command     : EXECUTE_ACTION
	Object      : Gesim.GsRoot(BioScaffolder 3.3)
	Action      : Run GCode: Cartridge_Error_Networt->PointS->Center

31.08.2023 13:39:27 - 50013 - Changed configuration
	Description : The current configuration has changed significantly. Some settings might have changed.
	Time        : 13:39:27.11

31.08.2023 13:39:57 - 41613 - PressureSupply
	Description : 
	Time        : 13:40:13.22
	ActionType  : Undefined
	MachineMode : Manu
	MachineState: Active
	Object      : Gesim.GsCartridgeDisp(Cartridge Dispenser (10ml))
	PLC Object  : FB_HskMFunc
	PLC Action  : A_SetPrintParams
	PLC AState  : 0

31.08.2023 13:43:56 - 41473 - Invalid mode
	Description : Command cannot be executed in this mode.
	Time        : 13:43:56.33
	Command     : EXECUTE_ACTION
	Object      : Gesim.GsRoot(BioScaffolder 3.3)
	Action      : Run GCode: Cart->PointS->Center

31.08.2023 14:05:36 - 41597 - Device is not locked
	Description : 
	Time        : 14:05:36.81
	Command     : EXECUTE_ACTION
	Object      : Gesim.GsExtruder(SyringeExtruder)
	Action      : Move Plunger->Move to ->36936 µm

31.08.2023 14:06:48 - 41597 - Device is not locked
	Description : 
	Time        : 14:06:48.67
	Command     : EXECUTE_ACTION
	Object      : Gesim.GsExtruder(SyringeExtruder)
	Action      : Move Plunger->Move to ->30000 µm

31.08.2023 14:07:12 - 41734 - Low position accuracy
	Description : Target not reached with required accuracy but motor has stopped - Internal error (7)
	Time        : 14:07:29.10
	ActionType  : MoveZ
	MachineMode : Manu
	MachineState: Active
	Object      : Gesim.GsCartridgeDisp(Cartridge Dispenser (10ml))
	PLC Object  : FB_MzTool
	PLC Action  : A_MoveZ
	PLC AState  : 0

31.08.2023 14:07:56 - 41734 - Low position accuracy
	Description : Target not reached with required accuracy but motor has stopped - Internal error (7)
	Time        : 14:08:13.25
	ActionType  : MoveZ
	MachineMode : Manu
	MachineState: Active
	Object      : Gesim.GsExtruder(SyringeExtruder)
	PLC Object  : FB_MzTool
	PLC Action  : A_MoveZ
	PLC AState  : 0

31.08.2023 14:07:56 - 41734 - Low position accuracy
	Description : Target not reached with required accuracy but motor has stopped - Internal error (7)
	Time        : 14:08:13.26
	ActionType  : Measure
	MachineMode : Manu
	MachineState: Active
	Object      : Gesim.GsExtruder(SyringeExtruder)
	PLC Object  : FB_ComplexAction
	PLC Action  : A_MeasureTool
	PLC AState  : 21

31.08.2023 14:11:41 - 50013 - Changed configuration
	Description : The current configuration has changed significantly. Some settings might have changed.
	Time        : 14:11:41.20

31.08.2023 14:11:53 - 41597 - Device is not locked
	Description : 
	Time        : 14:12:09.83
	ActionType  : Undefined
	MachineMode : Manu
	MachineState: Active
	Object      : Gesim.GsExtruder(SyringeExtruder)
	PLC Object  : GCode
	PLC Action  : A_Start
	PLC AState  : 1

31.08.2023 14:56:31 - 41575 - StopButtonNotReleased
	Description : 
	Time        : 14:56:31.77
	Command     : EXECUTE_ACTION

31.08.2023 14:56:45 - 41575 - StopButtonNotReleased
	Description : 
	Time        : 14:56:45.42
	Command     : EXECUTE_ACTION

31.08.2023 15:02:45 - 41575 - StopButtonNotReleased
	Description : 
	Time        : 15:02:45.92
	Command     : EXECUTE_ACTION
	Object      : Gesim.GsHighVoltTray(HighVoltTray)
	Action      : Switch Voltage

01.09.2023 06:15:12 - 50013 - Changed configuration
	Description : The current configuration has changed significantly. Some settings might have changed.
	Time        : 06:15:12.75

01.09.2023 06:16:02 - 41597 - Device is not locked
	Description : 
	Time        : 06:16:17.67
	ActionType  : Undefined
	MachineMode : Auto
	MachineState: Running
	Object      : Gesim.GsExtruder(SyringeExtruder)
	PLC Object  : GCode
	PLC Action  : A_Start
	PLC AState  : 1

01.09.2023 07:17:19 -  1861 - Timeout elapsed
	Description : Internal error due to slow/missing communication.
	Time        : 07:17:19.38
	Command     : READ_ALL_PROPS
	Object      : Gesim.GsDiluter(Diluter 3-Way)

01.09.2023 07:22:14 - 50005 - Connection error
	Description : The connection to the device could not be established.
	Time        : 07:22:14.06
	Exception   : System.InvalidOperationException: This BackgroundWorker is currently busy and cannot run multiple tasks concurrently.
   at Gesim.GsMachine.Connect(String routeName, Boolean record, Boolean withoutActivation)
   at GesimRobotics.ViewModels.Dialogs.DebugMenuDialog.connect()

01.09.2023 07:29:20 -  1861 - Timeout elapsed
	Description : Internal error due to slow/missing communication.
	Time        : 07:29:20.88
	Command     : WRITE_ALL_PROPS
	Object      : Gesim.GsDiluter(Diluter 3-Way)

01.09.2023 07:36:48 - 50013 - Changed configuration
	Description : The current configuration has changed significantly. Some settings might have changed.
	Time        : 07:36:48.61

19.10.2023 13:23:41 - 41503 - Configuration not activated
	Description : 
	Time        : 13:23:41.75
	Command     : CHANGE_MODE

19.10.2023 13:23:52 - 41576 - Interlock not locked
	Description : 
	Time        : 13:23:52.57
	Command     : EXECUTE_ACTION

19.10.2023 14:19:36 - 41576 - Interlock not locked
	Description : 
	Time        : 14:19:36.32
	Command     : EXECUTE_ACTION

20.10.2023 06:31:50 - 41576 - Interlock not locked
	Description : 
	Time        : 06:31:50.85
	Command     : EXECUTE_ACTION

20.10.2023 06:33:11 - 41606 - TwinSafeGroupError
	Description : 
	Time        : 06:33:30.29
	ActionType  : Undefined
	MachineMode : Init
	MachineState: Idle
	PLC Object  : FB_Safety
	PLC Action  : A_RunWithoutBoxContacts
	PLC AState  : 0

23.10.2023 09:10:51 - 19209 - Unexpected error
	Description : An unexpected error has occurred.
	Time        : 09:11:09.54
	ActionType  : Undefined
	MachineMode : Init
	MachineState: Active
	PLC Object  : UNDEFIEND
	PLC Action  : UNDEFIEND
	PLC AState  : 0

23.10.2023 09:10:51 - 19209 - Unexpected error
	Description : An unexpected error has occurred.
	Time        : 09:11:09.55
	ActionType  : InitDevices
	MachineMode : Init
	MachineState: Active
	Object      : Gesim.GsHead(Head)
	PLC Object  : FB_MzHead
	PLC Action  : A_Init
	PLC AState  : 40

23.10.2023 13:52:03 - 41519 - Timeout
	Description : Internal error
	Time        : 13:52:22.21
	ActionType  : Undefined
	MachineMode : Config
	MachineState: Idle
	PLC Object  : FB_Safety
	PLC Action  : A_Unlock
	PLC AState  : 6

23.10.2023 13:52:08 - 41519 - Timeout
	Description : Internal error
	Time        : 13:52:27.38
	ActionType  : Undefined
	MachineMode : Config
	MachineState: Idle
	PLC Object  : FB_Safety
	PLC Action  : A_Unlock
	PLC AState  : 6

23.10.2023 13:52:14 - 41519 - Timeout
	Description : Internal error
	Time        : 13:52:33.52
	ActionType  : Undefined
	MachineMode : Config
	MachineState: Idle
	PLC Object  : FB_Safety
	PLC Action  : A_Unlock
	PLC AState  : 6

23.10.2023 13:52:20 - 41519 - Timeout
	Description : Internal error
	Time        : 13:52:38.85
	ActionType  : Undefined
	MachineMode : Config
	MachineState: Idle
	PLC Object  : FB_Safety
	PLC Action  : A_Unlock
	PLC AState  : 6

23.10.2023 13:52:40 - 41519 - Timeout
	Description : Internal error
	Time        : 13:52:59.56
	ActionType  : Undefined
	MachineMode : Config
	MachineState: Idle
	PLC Object  : FB_Safety
	PLC Action  : A_Unlock
	PLC AState  : 6

23.10.2023 13:55:09 - 41519 - Timeout
	Description : Internal error
	Time        : 13:55:28.40
	ActionType  : Undefined
	MachineMode : Config
	MachineState: Idle
	PLC Object  : FB_Safety
	PLC Action  : A_Unlock
	PLC AState  : 6

23.10.2023 13:55:28 - 41519 - Timeout
	Description : Internal error
	Time        : 13:55:47.43
	ActionType  : Undefined
	MachineMode : Config
	MachineState: Idle
	PLC Object  : FB_Safety
	PLC Action  : A_Lock
	PLC AState  : 1

23.10.2023 13:55:32 - 41519 - Timeout
	Description : Internal error
	Time        : 13:55:51.49
	ActionType  : Undefined
	MachineMode : Config
	MachineState: Idle
	PLC Object  : FB_Safety
	PLC Action  : A_Lock
	PLC AState  : 1

23.10.2023 13:55:57 - 41519 - Timeout
	Description : Internal error
	Time        : 13:56:15.69
	ActionType  : Undefined
	MachineMode : Config
	MachineState: Idle
	PLC Object  : FB_Safety
	PLC Action  : A_Unlock
	PLC AState  : 6

23.10.2023 13:59:33 - 41519 - Timeout
	Description : Internal error
	Time        : 13:59:52.26
	ActionType  : Undefined
	MachineMode : Config
	MachineState: Idle
	PLC Object  : FB_Safety
	PLC Action  : A_Unlock
	PLC AState  : 6

23.10.2023 14:01:26 - 41519 - Timeout
	Description : Internal error
	Time        : 14:01:45.11
	ActionType  : Undefined
	MachineMode : Config
	MachineState: Idle
	PLC Object  : FB_Safety
	PLC Action  : A_Unlock
	PLC AState  : 6

23.10.2023 14:41:55 - 41995 - InvalidToolConfig
	Description : 
	Time        : 14:42:14.44
	ActionType  : Undefined
	MachineMode : Config
	MachineState: Active
	PLC Object  : FB_MultiZRef
	PLC Action  : A_SetConfig
	PLC AState  : 0

23.10.2023 14:41:55 - 41995 - InvalidToolConfig
	Description : 
	Time        : 14:42:14.45
	ActionType  : Undefined
	MachineMode : Config
	MachineState: Active
	PLC Object  : FB_Configuration
	PLC Action  : A_Activate
	PLC AState  : 0

24.10.2023 05:48:20 - 41995 - InvalidToolConfig
	Description : 
	Time        : 05:48:39.16
	ActionType  : Undefined
	MachineMode : Config
	MachineState: Active
	PLC Object  : FB_MultiZRef
	PLC Action  : A_SetConfig
	PLC AState  : 0

24.10.2023 05:48:20 - 41995 - InvalidToolConfig
	Description : 
	Time        : 05:48:39.17
	ActionType  : Undefined
	MachineMode : Config
	MachineState: Active
	PLC Object  : FB_Configuration
	PLC Action  : A_Activate
	PLC AState  : 0

24.10.2023 05:56:30 - 41525 - System fluid bottle empty
	Description : 
	Time        : 05:56:30.57
	Command     : EXECUTE_ACTION
	Object      : Gesim.GsPiezoPip(PiezoPipette Nano (Heatable))
	Action      : Dispense->10 µl->10 µl/s

24.10.2023 05:56:57 - 41525 - System fluid bottle empty
	Description : 
	Time        : 05:57:16.26
	ActionType  : Undefined
	MachineMode : Manu
	MachineState: Idle
	PLC Object  : FB_DeviceBase
	PLC Action  : UNDEFIEND
	PLC AState  : 0

24.10.2023 05:57:11 - 41525 - System fluid bottle empty
	Description : 
	Time        : 05:57:30.51
	ActionType  : Undefined
	MachineMode : Manu
	MachineState: Idle
	PLC Object  : FB_DeviceBase
	PLC Action  : UNDEFIEND
	PLC AState  : 0

24.10.2023 05:57:13 - 41525 - System fluid bottle empty
	Description : 
	Time        : 05:57:32.06
	ActionType  : Undefined
	MachineMode : Manu
	MachineState: Idle
	PLC Object  : FB_DeviceBase
	PLC Action  : UNDEFIEND
	PLC AState  : 0

24.10.2023 05:57:13 - 41525 - System fluid bottle empty
	Description : 
	Time        : 05:57:32.70
	ActionType  : Undefined
	MachineMode : Manu
	MachineState: Idle
	PLC Object  : FB_DeviceBase
	PLC Action  : UNDEFIEND
	PLC AState  : 0

24.10.2023 05:57:14 - 41525 - System fluid bottle empty
	Description : 
	Time        : 05:57:33.27
	ActionType  : Undefined
	MachineMode : Manu
	MachineState: Idle
	PLC Object  : FB_DeviceBase
	PLC Action  : UNDEFIEND
	PLC AState  : 0

24.10.2023 05:57:14 - 41525 - System fluid bottle empty
	Description : 
	Time        : 05:57:33.58
	ActionType  : Undefined
	MachineMode : Manu
	MachineState: Idle
	PLC Object  : FB_DeviceBase
	PLC Action  : UNDEFIEND
	PLC AState  : 0

24.10.2023 05:57:37 - 41526 - Waste bottle full
	Description : 
	Time        : 05:57:37.20
	Command     : EXECUTE_ACTION
	Object      : Gesim.GsPiezoPip(PiezoPipette Nano (Heatable))
	Action      : Dispense->10 µl->10 µl/s

24.10.2023 06:22:52 - 41224 - Not initialized
	Description : The diluter is not initialized.
	Time        : 06:23:11.29
	ActionType  : DispenseDrops
	MachineMode : Manu
	MachineState: Active
	Object      : Gesim.GsPiezoPip(PiezoPipette Nano (Heatable))
	PLC Object  : FB_PiezoPip
	PLC Action  : A_DispensePiezo
	PLC AState  : 0

24.10.2023 08:43:14 - 41568 - Target position out of range - Z
	Description : Tool cannot move to target.
	Time        : 08:43:33.49
	ActionType  : Undefined
	MachineMode : Auto
	MachineState: Running
	PLC Object  : GCode
	PLC Action  : A_MoveZ
	PLC AState  : 0

24.10.2023 08:43:15 - 41568 - Target position out of range - Z
	Description : Tool cannot move to target.
	Time        : 08:43:33.49
	ActionType  : Undefined
	MachineMode : Auto
	MachineState: Running
	PLC Object  : GCode
	PLC Action  : A_MoveZ
	PLC AState  : 99

24.10.2023 08:43:52 - 41568 - Target position out of range - Z
	Description : Tool cannot move to target.
	Time        : 08:44:10.93
	ActionType  : Undefined
	MachineMode : Auto
	MachineState: Running
	PLC Object  : GCode
	PLC Action  : A_MoveZ
	PLC AState  : 0

24.10.2023 08:43:52 - 41568 - Target position out of range - Z
	Description : Tool cannot move to target.
	Time        : 08:44:10.93
	ActionType  : Undefined
	MachineMode : Auto
	MachineState: Running
	PLC Object  : GCode
	PLC Action  : A_MoveZ
	PLC AState  : 99

24.10.2023 08:44:19 - 41568 - Target position out of range - Z
	Description : Tool cannot move to target.
	Time        : 08:44:38.46
	ActionType  : Undefined
	MachineMode : Auto
	MachineState: Running
	PLC Object  : GCode
	PLC Action  : A_MoveZ
	PLC AState  : 0

24.10.2023 08:44:20 - 41568 - Target position out of range - Z
	Description : Tool cannot move to target.
	Time        : 08:44:38.46
	ActionType  : Undefined
	MachineMode : Auto
	MachineState: Running
	PLC Object  : GCode
	PLC Action  : A_MoveZ
	PLC AState  : 99

24.10.2023 08:44:37 - 41568 - Target position out of range - Z
	Description : Tool cannot move to target.
	Time        : 08:44:56.06
	ActionType  : Undefined
	MachineMode : Auto
	MachineState: Running
	PLC Object  : GCode
	PLC Action  : A_MoveZ
	PLC AState  : 0

24.10.2023 08:44:37 - 41568 - Target position out of range - Z
	Description : Tool cannot move to target.
	Time        : 08:44:56.06
	ActionType  : Undefined
	MachineMode : Auto
	MachineState: Running
	PLC Object  : GCode
	PLC Action  : A_MoveZ
	PLC AState  : 99

24.10.2023 08:45:25 - 41568 - Target position out of range - Z
	Description : Tool cannot move to target.
	Time        : 08:45:43.95
	ActionType  : Undefined
	MachineMode : Auto
	MachineState: Running
	PLC Object  : GCode
	PLC Action  : A_MoveZ
	PLC AState  : 0

24.10.2023 08:45:25 - 41568 - Target position out of range - Z
	Description : Tool cannot move to target.
	Time        : 08:45:43.95
	ActionType  : Undefined
	MachineMode : Auto
	MachineState: Running
	PLC Object  : GCode
	PLC Action  : A_MoveZ
	PLC AState  : 99

24.10.2023 08:45:45 - 41568 - Target position out of range - Z
	Description : Tool cannot move to target.
	Time        : 08:46:03.62
	ActionType  : Undefined
	MachineMode : Auto
	MachineState: Running
	PLC Object  : GCode
	PLC Action  : A_MoveZ
	PLC AState  : 0

24.10.2023 08:45:45 - 41568 - Target position out of range - Z
	Description : Tool cannot move to target.
	Time        : 08:46:03.62
	ActionType  : Undefined
	MachineMode : Auto
	MachineState: Running
	PLC Object  : GCode
	PLC Action  : A_MoveZ
	PLC AState  : 99

24.10.2023 08:50:47 - 41568 - Target position out of range - Z
	Description : Tool cannot move to target.
	Time        : 08:51:06.49
	ActionType  : Undefined
	MachineMode : Auto
	MachineState: Running
	PLC Object  : GCode
	PLC Action  : A_MoveZ
	PLC AState  : 0

24.10.2023 08:50:47 - 41568 - Target position out of range - Z
	Description : Tool cannot move to target.
	Time        : 08:51:06.49
	ActionType  : Undefined
	MachineMode : Auto
	MachineState: Running
	PLC Object  : GCode
	PLC Action  : A_MoveZ
	PLC AState  : 99

24.10.2023 08:51:10 - 41568 - Target position out of range - Z
	Description : Tool cannot move to target.
	Time        : 08:51:29.19
	ActionType  : Undefined
	MachineMode : Auto
	MachineState: Running
	PLC Object  : GCode
	PLC Action  : A_MoveZ
	PLC AState  : 0

24.10.2023 08:51:10 - 41568 - Target position out of range - Z
	Description : Tool cannot move to target.
	Time        : 08:51:29.19
	ActionType  : Undefined
	MachineMode : Auto
	MachineState: Running
	PLC Object  : GCode
	PLC Action  : A_MoveZ
	PLC AState  : 99

24.10.2023 08:55:53 - 41503 - Configuration not activated
	Description : 
	Time        : 08:55:53.99
	Command     : CHANGE_MODE

24.10.2023 08:59:32 - 42240 - InvalidToolNr
	Description : 
	Time        : 08:59:51.44
	ActionType  : Undefined
	MachineMode : Auto
	MachineState: Running
	PLC Object  : FB_HskMFunc
	PLC Action  : A_AssignRParamHeader
	PLC AState  : 1

24.10.2023 09:00:50 - 41491 - Device not initialized
	Description : 
	Time        : 09:01:09.18
	ActionType  : MoveZ
	MachineMode : Auto
	MachineState: Running
	Object      : Gesim.GsHead(Head)
	PLC Object  : FB_MzHead
	PLC Action  : A_MoveZ
	PLC AState  : 80

24.10.2023 09:00:50 - 41491 - Device not initialized
	Description : 
	Time        : 09:01:09.18
	ActionType  : Undefined
	MachineMode : Auto
	MachineState: Running
	Object      : Gesim.GsHead(Head)
	PLC Object  : GCode
	PLC Action  : A_Start
	PLC AState  : 2

24.10.2023 09:01:06 - 42240 - InvalidToolNr
	Description : 
	Time        : 09:01:25.25
	ActionType  : Undefined
	MachineMode : Auto
	MachineState: Running
	PLC Object  : FB_HskMFunc
	PLC Action  : A_AssignRParamHeader
	PLC AState  : 1

24.10.2023 09:01:57 - 50013 - Changed configuration
	Description : The current configuration has changed significantly. Some settings might have changed.
	Time        : 09:01:57.96

24.10.2023 09:03:23 - 41568 - Target position out of range - Z
	Description : Tool cannot move to target.
	Time        : 09:03:42.21
	ActionType  : Undefined
	MachineMode : Auto
	MachineState: Running
	PLC Object  : GCode
	PLC Action  : A_MoveZ
	PLC AState  : 0

24.10.2023 09:03:23 - 41568 - Target position out of range - Z
	Description : Tool cannot move to target.
	Time        : 09:03:42.21
	ActionType  : Undefined
	MachineMode : Auto
	MachineState: Running
	PLC Object  : GCode
	PLC Action  : A_MoveZ
	PLC AState  : 99

24.10.2023 09:04:08 - 41568 - Target position out of range - Z
	Description : Tool cannot move to target.
	Time        : 09:04:27.28
	ActionType  : Undefined
	MachineMode : Auto
	MachineState: Running
	PLC Object  : GCode
	PLC Action  : A_MoveZ
	PLC AState  : 0

24.10.2023 09:04:08 - 41568 - Target position out of range - Z
	Description : Tool cannot move to target.
	Time        : 09:04:27.29
	ActionType  : Undefined
	MachineMode : Auto
	MachineState: Running
	PLC Object  : GCode
	PLC Action  : A_MoveZ
	PLC AState  : 99

24.10.2023 09:05:12 - 41568 - Target position out of range - Z
	Description : Tool cannot move to target.
	Time        : 09:05:31.16
	ActionType  : Undefined
	MachineMode : Auto
	MachineState: Running
	PLC Object  : GCode
	PLC Action  : A_MoveZ
	PLC AState  : 0

24.10.2023 09:05:12 - 41568 - Target position out of range - Z
	Description : Tool cannot move to target.
	Time        : 09:05:31.16
	ActionType  : Undefined
	MachineMode : Auto
	MachineState: Running
	PLC Object  : GCode
	PLC Action  : A_MoveZ
	PLC AState  : 99

24.10.2023 09:05:56 - 41568 - Target position out of range - Z
	Description : Tool cannot move to target.
	Time        : 09:06:15.47
	ActionType  : Undefined
	MachineMode : Auto
	MachineState: Running
	PLC Object  : GCode
	PLC Action  : A_MoveZ
	PLC AState  : 0

24.10.2023 09:05:56 - 41568 - Target position out of range - Z
	Description : Tool cannot move to target.
	Time        : 09:06:15.47
	ActionType  : Undefined
	MachineMode : Auto
	MachineState: Running
	PLC Object  : GCode
	PLC Action  : A_MoveZ
	PLC AState  : 99

24.10.2023 09:39:08 - 41728 - No Z-axis
	Description : Z-axis is not available - Internal error (1)
	Time        : 09:39:27.62
	ActionType  : Undefined
	MachineMode : Config
	MachineState: Active
	PLC Object  : FB_MultiZRef
	PLC Action  : A_SetConfig
	PLC AState  : 0

24.10.2023 09:39:08 - 41728 - No Z-axis
	Description : Z-axis is not available - Internal error (1)
	Time        : 09:39:27.63
	ActionType  : Undefined
	MachineMode : Config
	MachineState: Active
	PLC Object  : FB_Configuration
	PLC Action  : A_Activate
	PLC AState  : 0

24.10.2023 09:39:13 - 41728 - No Z-axis
	Description : Z-axis is not available - Internal error (1)
	Time        : 09:39:32.40
	ActionType  : Undefined
	MachineMode : Config
	MachineState: Active
	PLC Object  : FB_MultiZRef
	PLC Action  : A_SetConfig
	PLC AState  : 0

24.10.2023 09:39:13 - 41728 - No Z-axis
	Description : Z-axis is not available - Internal error (1)
	Time        : 09:39:32.41
	ActionType  : Undefined
	MachineMode : Config
	MachineState: Active
	PLC Object  : FB_Configuration
	PLC Action  : A_Activate
	PLC AState  : 0

24.10.2023 09:39:23 - 41728 - No Z-axis
	Description : Z-axis is not available - Internal error (1)
	Time        : 09:39:32.41
	ActionType  : Undefined
	MachineMode : Config
	MachineState: Active
	PLC Object  : FB_Configuration
	PLC Action  : A_Activate
	PLC AState  : 0

24.10.2023 09:46:15 - 41503 - Configuration not activated
	Description : 
	Time        : 09:46:15.39
	Command     : CHANGE_MODE

24.10.2023 13:03:22 - 41473 - Invalid mode
	Description : Command cannot be executed in this mode.
	Time        : 13:03:22.81
	Command     : EXECUTE_ACTION
	Object      : Gesim.GsSubstHolder(SingleSubstrateHeater (Internal))
	Action      : Heating->On->50°C

24.10.2023 13:14:23 - 41478 - Invalid state
	Description : Command can not be executed in this state.
	Time        : 13:14:23.02
	Command     : EXECUTE_ACTION
	Object      : Gesim.GsSubstHolder(SingleSubstrateHeater (Internal))
	Action      : Heating->Off

24.10.2023 14:03:08 - 41054 - NoHeadCreated
	Description : 
	Time        : 14:01:24.56
	ActionType  : Undefined
	MachineMode : Config
	MachineState: Active
	PLC Object  : UNDEFIEND
	PLC Action  : UNDEFIEND
	PLC AState  : 0

24.10.2023 14:03:26 - 41054 - NoHeadCreated
	Description : 
	Time        : 14:03:35.10
	ActionType  : Undefined
	MachineMode : Config
	MachineState: Active
	PLC Object  : UNDEFIEND
	PLC Action  : UNDEFIEND
	PLC AState  : 0

24.10.2023 14:04:32 - 41054 - NoHeadCreated
	Description : 
	Time        : 14:04:51.22
	ActionType  : Undefined
	MachineMode : Config
	MachineState: Active
	PLC Object  : UNDEFIEND
	PLC Action  : UNDEFIEND
	PLC AState  : 0

25.10.2023 07:39:50 - 41054 - NoHeadCreated
	Description : 
	Time        : 07:40:04.84
	ActionType  : Undefined
	MachineMode : Config
	MachineState: Active
	PLC Object  : UNDEFIEND
	PLC Action  : UNDEFIEND
	PLC AState  : 0

25.10.2023 08:32:36 - 41995 - InvalidToolConfig
	Description : 
	Time        : 08:32:59.87
	ActionType  : Undefined
	MachineMode : Config
	MachineState: Active
	PLC Object  : FB_MultiZRef
	PLC Action  : A_SetConfig
	PLC AState  : 0

25.10.2023 08:32:36 - 41995 - InvalidToolConfig
	Description : 
	Time        : 08:32:59.88
	ActionType  : Undefined
	MachineMode : Config
	MachineState: Active
	PLC Object  : FB_Configuration
	PLC Action  : A_Activate
	PLC AState  : 0

25.10.2023 08:32:41 - 41995 - InvalidToolConfig
	Description : 
	Time        : 08:33:04.45
	ActionType  : Undefined
	MachineMode : Config
	MachineState: Active
	PLC Object  : FB_MultiZRef
	PLC Action  : A_SetConfig
	PLC AState  : 0

25.10.2023 08:32:41 - 41995 - InvalidToolConfig
	Description : 
	Time        : 08:33:04.46
	ActionType  : Undefined
	MachineMode : Config
	MachineState: Active
	PLC Object  : FB_Configuration
	PLC Action  : A_Activate
	PLC AState  : 0

25.10.2023 08:35:54 - 41054 - NoHeadCreated
	Description : 
	Time        : 08:36:18.11
	ActionType  : Undefined
	MachineMode : Config
	MachineState: Active
	PLC Object  : UNDEFIEND
	PLC Action  : UNDEFIEND
	PLC AState  : 0

25.10.2023 08:48:32 - 41054 - NoHeadCreated
	Description : 
	Time        : 08:48:47.87
	ActionType  : Undefined
	MachineMode : Config
	MachineState: Active
	PLC Object  : UNDEFIEND
	PLC Action  : UNDEFIEND
	PLC AState  : 0

25.10.2023 09:20:56 - 41054 - NoHeadCreated
	Description : 
	Time        : 09:21:18.46
	ActionType  : Undefined
	MachineMode : Config
	MachineState: Active
	PLC Object  : UNDEFIEND
	PLC Action  : UNDEFIEND
	PLC AState  : 0

25.10.2023 09:51:28 - 41054 - NoHeadCreated
	Description : 
	Time        : 09:51:10.00
	ActionType  : Undefined
	MachineMode : Config
	MachineState: Active
	PLC Object  : UNDEFIEND
	PLC Action  : UNDEFIEND
	PLC AState  : 0

25.10.2023 11:28:50 - 41519 - Timeout
	Description : Internal error
	Time        : 11:29:13.52
	ActionType  : Rinse
	MachineMode : Manu
	MachineState: Active
	Object      : Gesim.GsWashStation(WashStation)
	PLC Object  : FB_WashStation
	PLC Action  : A_Rinse
	PLC AState  : 2

25.10.2023 12:35:09 - 41747 - Z-Sensor switch not found
	Description : Measurement: switching point not reached - Internal error (20)
	Time        : 12:35:33.05
	ActionType  : MoveZ
	MachineMode : Manu
	MachineState: Active
	Object      : Gesim.GsZSensor(ZSensor)
	PLC Object  : FB_MzTool
	PLC Action  : A_MoveZ
	PLC AState  : 0

25.10.2023 12:35:09 - 41747 - Z-Sensor switch not found
	Description : Measurement: switching point not reached - Internal error (20)
	Time        : 12:35:33.06
	ActionType  : CalibrateZSensor
	MachineMode : Manu
	MachineState: Active
	Object      : Gesim.GsZSensor(ZSensor)
	PLC Object  : FB_ComplexAction
	PLC Action  : A_CalibrateZSensor
	PLC AState  : 3

25.10.2023 12:43:27 - 41747 - Z-Sensor switch not found
	Description : Measurement: switching point not reached - Internal error (20)
	Time        : 12:43:50.92
	ActionType  : MoveZ
	MachineMode : Manu
	MachineState: Active
	Object      : Gesim.GsZSensor(ZSensor)
	PLC Object  : FB_MzTool
	PLC Action  : A_MoveZ
	PLC AState  : 0

25.10.2023 12:43:27 - 41747 - Z-Sensor switch not found
	Description : Measurement: switching point not reached - Internal error (20)
	Time        : 12:43:50.93
	ActionType  : CalibrateZSensor
	MachineMode : Manu
	MachineState: Active
	Object      : Gesim.GsZSensor(ZSensor)
	PLC Object  : FB_ComplexAction
	PLC Action  : A_CalibrateZSensor
	PLC AState  : 3

25.10.2023 12:44:20 - 41747 - Z-Sensor switch not found
	Description : Measurement: switching point not reached - Internal error (20)
	Time        : 12:44:43.41
	ActionType  : MoveZ
	MachineMode : Manu
	MachineState: Active
	Object      : Gesim.GsZSensor(ZSensor)
	PLC Object  : FB_MzTool
	PLC Action  : A_MoveZ
	PLC AState  : 0

25.10.2023 12:44:20 - 41747 - Z-Sensor switch not found
	Description : Measurement: switching point not reached - Internal error (20)
	Time        : 12:44:43.42
	ActionType  : CalibrateZSensor
	MachineMode : Manu
	MachineState: Active
	Object      : Gesim.GsZSensor(ZSensor)
	PLC Object  : FB_ComplexAction
	PLC Action  : A_CalibrateZSensor
	PLC AState  : 3

25.10.2023 12:58:26 - 41054 - NoHeadCreated
	Description : 
	Time        : 12:58:25.31
	ActionType  : Undefined
	MachineMode : Config
	MachineState: Active
	PLC Object  : UNDEFIEND
	PLC Action  : UNDEFIEND
	PLC AState  : 0

25.10.2023 12:58:37 - 41986 - TimeoutWaitTargetReached
	Description : Internal error
	Time        : 12:59:00.46
	ActionType  : InitDevices
	MachineMode : Init
	MachineState: Active
	Object      : Gesim.GsHead(Head)
	PLC Object  : FB_MzHead
	PLC Action  : A_Init
	PLC AState  : 2

25.10.2023 13:00:04 - 41054 - NoHeadCreated
	Description : 
	Time        : 13:00:07.28
	ActionType  : Undefined
	MachineMode : Config
	MachineState: Active
	PLC Object  : UNDEFIEND
	PLC Action  : UNDEFIEND
	PLC AState  : 0

25.10.2023 13:10:42 - 41054 - NoHeadCreated
	Description : 
	Time        : 13:10:54.30
	ActionType  : Undefined
	MachineMode : Config
	MachineState: Active
	PLC Object  : UNDEFIEND
	PLC Action  : UNDEFIEND
	PLC AState  : 0

25.10.2023 13:14:49 - 41511 - Z-Sensor not mounted
	Description : A measurement was attempted without mounted Z-Sensor.
	Time        : 13:14:49.93
	Command     : EXECUTE_ACTION
	Object      : Gesim.GsZSensor(ZSensor)
	Action      : Calibrate Z-Sensor

25.10.2023 13:15:35 - 41511 - Z-Sensor not mounted
	Description : A measurement was attempted without mounted Z-Sensor.
	Time        : 13:15:35.21
	Command     : EXECUTE_ACTION
	Object      : Gesim.GsZSensor(ZSensor)
	Action      : Calibrate Z-Sensor

25.10.2023 13:54:38 - 41054 - NoHeadCreated
	Description : 
	Time        : 13:54:23.33
	ActionType  : Undefined
	MachineMode : Config
	MachineState: Active
	PLC Object  : UNDEFIEND
	PLC Action  : UNDEFIEND
	PLC AState  : 0

25.10.2023 13:55:37 - 41503 - Configuration not activated
	Description : 
	Time        : 13:55:37.78
	Command     : CHANGE_MODE

25.10.2023 13:55:42 - 41995 - InvalidToolConfig
	Description : 
	Time        : 13:56:06.40
	ActionType  : Undefined
	MachineMode : Config
	MachineState: Active
	PLC Object  : FB_MultiZRef
	PLC Action  : A_SetConfig
	PLC AState  : 0

25.10.2023 13:55:43 - 41995 - InvalidToolConfig
	Description : 
	Time        : 13:56:06.41
	ActionType  : Undefined
	MachineMode : Config
	MachineState: Active
	PLC Object  : FB_Configuration
	PLC Action  : A_Activate
	PLC AState  : 0

25.10.2023 13:55:47 - 41995 - InvalidToolConfig
	Description : 
	Time        : 13:56:10.91
	ActionType  : Undefined
	MachineMode : Config
	MachineState: Active
	PLC Object  : FB_MultiZRef
	PLC Action  : A_SetConfig
	PLC AState  : 0

25.10.2023 13:55:47 - 41995 - InvalidToolConfig
	Description : 
	Time        : 13:56:10.92
	ActionType  : Undefined
	MachineMode : Config
	MachineState: Active
	PLC Object  : FB_Configuration
	PLC Action  : A_Activate
	PLC AState  : 0

25.10.2023 13:57:17 - 41995 - InvalidToolConfig
	Description : 
	Time        : 13:56:10.92
	ActionType  : Undefined
	MachineMode : Config
	MachineState: Active
	PLC Object  : FB_Configuration
	PLC Action  : A_Activate
	PLC AState  : 0

25.10.2023 13:58:46 - 41747 - Z-Sensor switch not found
	Description : Measurement: switching point not reached - Internal error (20)
	Time        : 13:59:10.00
	ActionType  : MoveZ
	MachineMode : Manu
	MachineState: Active
	Object      : Gesim.GsZSensor(ZSensor)
	PLC Object  : FB_MzTool
	PLC Action  : A_MoveZ
	PLC AState  : 0

25.10.2023 13:58:46 - 41747 - Z-Sensor switch not found
	Description : Measurement: switching point not reached - Internal error (20)
	Time        : 13:59:10.01
	ActionType  : Measure
	MachineMode : Manu
	MachineState: Active
	Object      : Gesim.GsZSensor(ZSensor)
	PLC Object  : FB_ComplexAction
	PLC Action  : A_MeasureTarget
	PLC AState  : 4

25.10.2023 14:01:43 - 41570 - Risk of crash: Jog
	Description : Can not jog fast in this area.
	Time        : 14:01:43.75
	Command     : EXECUTE_ACTION
	Object      : Gesim.GsZSensor(ZSensor)
	Action      : Jog

25.10.2023 14:04:15 - 41567 - Target position out of range - Y
	Description : Tool cannot move to target.
	Time        : 14:04:39.21
	ActionType  : Measure
	MachineMode : Manu
	MachineState: Active
	Object      : Gesim.GsZSensor(ZSensor)
	PLC Object  : FB_ComplexAction
	PLC Action  : A_MeasureTarget
	PLC AState  : 1

25.10.2023 14:13:58 - 41054 - NoHeadCreated
	Description : 
	Time        : 14:14:21.48
	ActionType  : Undefined
	MachineMode : Config
	MachineState: Active
	PLC Object  : UNDEFIEND
	PLC Action  : UNDEFIEND
	PLC AState  : 0

25.10.2023 14:16:39 - 41054 - NoHeadCreated
	Description : 
	Time        : 14:16:17.38
	ActionType  : Undefined
	MachineMode : Config
	MachineState: Active
	PLC Object  : UNDEFIEND
	PLC Action  : UNDEFIEND
	PLC AState  : 0

25.10.2023 14:19:09 - 41054 - NoHeadCreated
	Description : 
	Time        : 14:19:31.50
	ActionType  : Undefined
	MachineMode : Config
	MachineState: Active
	PLC Object  : UNDEFIEND
	PLC Action  : UNDEFIEND
	PLC AState  : 0

25.10.2023 14:32:32 - 41473 - Invalid mode
	Description : Command cannot be executed in this mode.
	Time        : 14:32:32.27
	Command     : EXECUTE_ACTION
	Object      : Gesim.GsHead(Head)
	Action      : Jog

25.10.2023 14:32:36 - 41473 - Invalid mode
	Description : Command cannot be executed in this mode.
	Time        : 14:32:36.99
	Command     : EXECUTE_ACTION
	Object      : Gesim.GsHead(Head)
	Action      : Jog

25.10.2023 14:32:38 - 41473 - Invalid mode
	Description : Command cannot be executed in this mode.
	Time        : 14:32:38.97
	Command     : EXECUTE_ACTION
	Object      : Gesim.GsHead(Head)
	Action      : Jog

25.10.2023 14:32:42 - 41473 - Invalid mode
	Description : Command cannot be executed in this mode.
	Time        : 14:32:42.35
	Command     : EXECUTE_ACTION
	Object      : Gesim.GsHead(Head)
	Action      : Jog

25.10.2023 14:32:44 - 41473 - Invalid mode
	Description : Command cannot be executed in this mode.
	Time        : 14:32:44.13
	Command     : EXECUTE_ACTION
	Object      : Gesim.GsHead(Head)
	Action      : Jog

26.10.2023 07:34:13 - 41054 - NoHeadCreated
	Description : 
	Time        : 07:32:13.58
	ActionType  : Undefined
	MachineMode : Config
	MachineState: Active
	PLC Object  : UNDEFIEND
	PLC Action  : UNDEFIEND
	PLC AState  : 0

26.10.2023 08:21:37 - 41054 - NoHeadCreated
	Description : 
	Time        : 08:21:49.38
	ActionType  : Undefined
	MachineMode : Config
	MachineState: Active
	PLC Object  : UNDEFIEND
	PLC Action  : UNDEFIEND
	PLC AState  : 0

26.10.2023 08:49:30 - 41054 - NoHeadCreated
	Description : 
	Time        : 08:49:51.30
	ActionType  : Undefined
	MachineMode : Config
	MachineState: Active
	PLC Object  : UNDEFIEND
	PLC Action  : UNDEFIEND
	PLC AState  : 0

26.10.2023 08:56:55 - 41054 - NoHeadCreated
	Description : 
	Time        : 08:57:04.69
	ActionType  : Undefined
	MachineMode : Config
	MachineState: Active
	PLC Object  : UNDEFIEND
	PLC Action  : UNDEFIEND
	PLC AState  : 0

26.10.2023 08:56:59 - 41995 - InvalidToolConfig
	Description : 
	Time        : 08:57:23.24
	ActionType  : Undefined
	MachineMode : Config
	MachineState: Active
	PLC Object  : FB_MultiZRef
	PLC Action  : A_SetConfig
	PLC AState  : 0

26.10.2023 08:56:59 - 41995 - InvalidToolConfig
	Description : 
	Time        : 08:57:23.25
	ActionType  : Undefined
	MachineMode : Config
	MachineState: Active
	PLC Object  : FB_Configuration
	PLC Action  : A_Activate
	PLC AState  : 0

26.10.2023 08:57:02 - 41995 - InvalidToolConfig
	Description : 
	Time        : 08:57:26.54
	ActionType  : Undefined
	MachineMode : Config
	MachineState: Active
	PLC Object  : FB_MultiZRef
	PLC Action  : A_SetConfig
	PLC AState  : 0

26.10.2023 08:57:02 - 41995 - InvalidToolConfig
	Description : 
	Time        : 08:57:26.55
	ActionType  : Undefined
	MachineMode : Config
	MachineState: Active
	PLC Object  : FB_Configuration
	PLC Action  : A_Activate
	PLC AState  : 0

26.10.2023 08:57:18 - 41054 - NoHeadCreated
	Description : 
	Time        : 08:57:42.04
	ActionType  : Undefined
	MachineMode : Config
	MachineState: Active
	PLC Object  : UNDEFIEND
	PLC Action  : UNDEFIEND
	PLC AState  : 0

26.10.2023 09:53:49 - 41054 - NoHeadCreated
	Description : 
	Time        : 09:53:57.31
	ActionType  : Undefined
	MachineMode : Config
	MachineState: Active
	PLC Object  : UNDEFIEND
	PLC Action  : UNDEFIEND
	PLC AState  : 0

26.10.2023 11:10:48 - 41054 - NoHeadCreated
	Description : 
	Time        : 11:08:07.14
	ActionType  : Undefined
	MachineMode : Config
	MachineState: Active
	PLC Object  : UNDEFIEND
	PLC Action  : UNDEFIEND
	PLC AState  : 0

26.10.2023 11:11:23 - 41587 - HighVoltSupplyOff
	Description : High voltage supply not available or not switched on
	Time        : 11:11:23.06
	Command     : EXECUTE_ACTION
	Object      : Gesim.GsHighVoltTray(HighVoltTray)
	Action      : Switch Voltage

26.10.2023 11:11:29 - 41587 - HighVoltSupplyOff
	Description : High voltage supply not available or not switched on
	Time        : 11:11:29.13
	Command     : EXECUTE_ACTION
	Object      : Gesim.GsHighVoltTray(HighVoltTray)
	Action      : Switch Voltage

26.10.2023 11:26:16 - 41054 - NoHeadCreated
	Description : 
	Time        : 11:26:35.87
	ActionType  : Undefined
	MachineMode : Config
	MachineState: Active
	PLC Object  : UNDEFIEND
	PLC Action  : UNDEFIEND
	PLC AState  : 0

26.10.2023 11:27:00 - 41587 - HighVoltSupplyOff
	Description : High voltage supply not available or not switched on
	Time        : 11:27:00.87
	Command     : EXECUTE_ACTION
	Object      : Gesim.GsHighVoltTray(HighVoltTray)
	Action      : Switch Voltage

26.10.2023 11:36:12 - 41054 - NoHeadCreated
	Description : 
	Time        : 11:36:28.49
	ActionType  : Undefined
	MachineMode : Config
	MachineState: Active
	PLC Object  : UNDEFIEND
	PLC Action  : UNDEFIEND
	PLC AState  : 0

26.10.2023 11:45:41 - 41054 - NoHeadCreated
	Description : 
	Time        : 11:46:03.36
	ActionType  : Undefined
	MachineMode : Config
	MachineState: Active
	PLC Object  : UNDEFIEND
	PLC Action  : UNDEFIEND
	PLC AState  : 0

26.10.2023 11:46:15 - 41587 - HighVoltSupplyOff
	Description : High voltage supply not available or not switched on
	Time        : 11:46:15.24
	Command     : EXECUTE_ACTION
	Object      : Gesim.GsHighVoltTray(HighVoltTray)
	Action      : Switch Voltage

26.10.2023 11:46:24 - 41587 - HighVoltSupplyOff
	Description : High voltage supply not available or not switched on
	Time        : 11:46:24.32
	Command     : EXECUTE_ACTION
	Object      : Gesim.GsHighVoltTray(HighVoltTray)
	Action      : Switch Voltage

26.10.2023 12:05:31 - 41054 - NoHeadCreated
	Description : 
	Time        : 12:05:50.96
	ActionType  : Undefined
	MachineMode : Config
	MachineState: Active
	PLC Object  : UNDEFIEND
	PLC Action  : UNDEFIEND
	PLC AState  : 0

26.10.2023 12:05:59 - 41587 - HighVoltSupplyOff
	Description : High voltage supply not available or not switched on
	Time        : 12:05:59.34
	Command     : EXECUTE_ACTION
	Object      : Gesim.GsHighVoltTray(HighVoltTray)
	Action      : Switch Voltage

26.10.2023 12:06:09 - 41587 - HighVoltSupplyOff
	Description : High voltage supply not available or not switched on
	Time        : 12:06:09.97
	Command     : EXECUTE_ACTION
	Object      : Gesim.GsHighVoltTray(HighVoltTray)
	Action      : Switch Voltage

26.10.2023 12:33:56 - 41054 - NoHeadCreated
	Description : 
	Time        : 12:34:15.78
	ActionType  : Undefined
	MachineMode : Config
	MachineState: Active
	PLC Object  : UNDEFIEND
	PLC Action  : UNDEFIEND
	PLC AState  : 0

26.10.2023 12:34:14 - 41587 - HighVoltSupplyOff
	Description : High voltage supply not available or not switched on
	Time        : 12:34:14.36
	Command     : EXECUTE_ACTION
	Object      : Gesim.GsHighVoltTray(HighVoltTray)
	Action      : Switch Voltage

26.10.2023 12:34:18 - 41587 - HighVoltSupplyOff
	Description : High voltage supply not available or not switched on
	Time        : 12:34:18.90
	Command     : EXECUTE_ACTION
	Object      : Gesim.GsHighVoltTray(HighVoltTray)
	Action      : Switch Voltage

26.10.2023 12:34:33 - 41587 - HighVoltSupplyOff
	Description : High voltage supply not available or not switched on
	Time        : 12:34:33.55
	Command     : EXECUTE_ACTION
	Object      : Gesim.GsHighVoltTray(HighVoltTray)
	Action      : Switch Voltage

26.10.2023 13:14:09 - 41054 - NoHeadCreated
	Description : 
	Time        : 13:14:29.33
	ActionType  : Undefined
	MachineMode : Config
	MachineState: Active
	PLC Object  : UNDEFIEND
	PLC Action  : UNDEFIEND
	PLC AState  : 0

26.10.2023 13:34:54 - 41519 - Timeout
	Description : Internal error
	Time        : 13:35:18.53
	ActionType  : Undefined
	MachineMode : Manu
	MachineState: Idle
	PLC Object  : FB_Safety
	PLC Action  : A_Unlock
	PLC AState  : 6

26.10.2023 13:35:24 - 41519 - Timeout
	Description : Internal error
	Time        : 13:35:49.24
	ActionType  : Undefined
	MachineMode : Config
	MachineState: Idle
	PLC Object  : FB_Safety
	PLC Action  : A_Unlock
	PLC AState  : 6

26.10.2023 15:01:08 - 41054 - NoHeadCreated
	Description : 
	Time        : 15:01:10.34
	ActionType  : Undefined
	MachineMode : Config
	MachineState: Active
	PLC Object  : UNDEFIEND
	PLC Action  : UNDEFIEND
	PLC AState  : 0

26.10.2023 15:09:57 - 41054 - NoHeadCreated
	Description : 
	Time        : 15:06:48.91
	ActionType  : Undefined
	MachineMode : Config
	MachineState: Active
	PLC Object  : UNDEFIEND
	PLC Action  : UNDEFIEND
	PLC AState  : 0

26.10.2023 15:17:37 - 41054 - NoHeadCreated
	Description : 
	Time        : 15:17:50.29
	ActionType  : Undefined
	MachineMode : Config
	MachineState: Active
	PLC Object  : UNDEFIEND
	PLC Action  : UNDEFIEND
	PLC AState  : 0

27.10.2023 07:25:07 - 41054 - NoHeadCreated
	Description : 
	Time        : 07:24:10.30
	ActionType  : Undefined
	MachineMode : Config
	MachineState: Active
	PLC Object  : UNDEFIEND
	PLC Action  : UNDEFIEND
	PLC AState  : 0

27.10.2023 08:00:22 - 41054 - NoHeadCreated
	Description : 
	Time        : 07:59:01.78
	ActionType  : Undefined
	MachineMode : Config
	MachineState: Active
	PLC Object  : UNDEFIEND
	PLC Action  : UNDEFIEND
	PLC AState  : 0

27.10.2023 08:31:32 - 41054 - NoHeadCreated
	Description : 
	Time        : 08:31:30.32
	ActionType  : Undefined
	MachineMode : Config
	MachineState: Active
	PLC Object  : UNDEFIEND
	PLC Action  : UNDEFIEND
	PLC AState  : 0

27.10.2023 08:46:09 - 41054 - NoHeadCreated
	Description : 
	Time        : 08:46:32.18
	ActionType  : Undefined
	MachineMode : Config
	MachineState: Active
	PLC Object  : UNDEFIEND
	PLC Action  : UNDEFIEND
	PLC AState  : 0

27.10.2023 08:49:25 - 41054 - NoHeadCreated
	Description : 
	Time        : 08:49:18.30
	ActionType  : Undefined
	MachineMode : Config
	MachineState: Active
	PLC Object  : UNDEFIEND
	PLC Action  : UNDEFIEND
	PLC AState  : 0

27.10.2023 08:51:41 - 50007 - Invalid configuration
	Description : A valid configuration has to include at least a head and workplate.
	Time        : 08:51:41.67

27.10.2023 09:40:06 - 41525 - System fluid bottle empty
	Description : 
	Time        : 09:40:31.25
	ActionType  : Undefined
	MachineMode : Manu
	MachineState: Idle
	PLC Object  : FB_DeviceBase
	PLC Action  : UNDEFIEND
	PLC AState  : 0

27.10.2023 09:56:29 - 41527 - Timeout while filling PCV
	Description : A timeout occurred while filling the pressure compensation vessel.
	Time        : 09:56:53.79
	ActionType  : Undefined
	MachineMode : Manu
	MachineState: Idle
	PLC Object  : FB_DeviceBase
	PLC Action  : UNDEFIEND
	PLC AState  : 0

27.10.2023 10:06:39 - 41525 - System fluid bottle empty
	Description : 
	Time        : 10:07:03.81
	ActionType  : Undefined
	MachineMode : Manu
	MachineState: Idle
	PLC Object  : FB_DeviceBase
	PLC Action  : UNDEFIEND
	PLC AState  : 0

27.10.2023 10:10:39 - 41527 - Timeout while filling PCV
	Description : A timeout occurred while filling the pressure compensation vessel.
	Time        : 10:11:04.07
	ActionType  : Undefined
	MachineMode : Manu
	MachineState: Idle
	PLC Object  : FB_DeviceBase
	PLC Action  : UNDEFIEND
	PLC AState  : 0

27.10.2023 10:57:30 - 41054 - NoHeadCreated
	Description : 
	Time        : 10:57:53.80
	ActionType  : Undefined
	MachineMode : Config
	MachineState: Active
	PLC Object  : UNDEFIEND
	PLC Action  : UNDEFIEND
	PLC AState  : 0

27.10.2023 10:58:45 - 41054 - NoHeadCreated
	Description : 
	Time        : 10:59:07.67
	ActionType  : Undefined
	MachineMode : Config
	MachineState: Active
	PLC Object  : UNDEFIEND
	PLC Action  : UNDEFIEND
	PLC AState  : 0

27.10.2023 10:59:59 - 41525 - System fluid bottle empty
	Description : 
	Time        : 11:00:24.44
	ActionType  : Undefined
	MachineMode : Manu
	MachineState: Idle
	PLC Object  : FB_DeviceBase
	PLC Action  : UNDEFIEND
	PLC AState  : 0

27.10.2023 11:00:09 - 41525 - System fluid bottle empty
	Description : 
	Time        : 11:00:35.07
	ActionType  : Undefined
	MachineMode : Manu
	MachineState: Idle
	PLC Object  : FB_DeviceBase
	PLC Action  : UNDEFIEND
	PLC AState  : 0

27.10.2023 11:00:11 - 41525 - System fluid bottle empty
	Description : 
	Time        : 11:00:36.89
	ActionType  : Undefined
	MachineMode : Manu
	MachineState: Idle
	PLC Object  : FB_DeviceBase
	PLC Action  : UNDEFIEND
	PLC AState  : 0

27.10.2023 11:00:12 - 41525 - System fluid bottle empty
	Description : 
	Time        : 11:00:37.82
	ActionType  : Undefined
	MachineMode : Manu
	MachineState: Idle
	PLC Object  : FB_DeviceBase
	PLC Action  : UNDEFIEND
	PLC AState  : 0

27.10.2023 11:00:15 - 41525 - System fluid bottle empty
	Description : 
	Time        : 11:00:40.65
	ActionType  : Undefined
	MachineMode : Manu
	MachineState: Idle
	PLC Object  : FB_DeviceBase
	PLC Action  : UNDEFIEND
	PLC AState  : 0

27.10.2023 11:01:18 - 41527 - Timeout while filling PCV
	Description : A timeout occurred while filling the pressure compensation vessel.
	Time        : 11:01:43.25
	ActionType  : Undefined
	MachineMode : Manu
	MachineState: Idle
	PLC Object  : FB_DeviceBase
	PLC Action  : UNDEFIEND
	PLC AState  : 0

27.10.2023 11:01:48 - 41525 - System fluid bottle empty
	Description : 
	Time        : 11:02:13.77
	ActionType  : Undefined
	MachineMode : Manu
	MachineState: Idle
	PLC Object  : FB_DeviceBase
	PLC Action  : UNDEFIEND
	PLC AState  : 0

27.10.2023 11:02:52 - 41527 - Timeout while filling PCV
	Description : A timeout occurred while filling the pressure compensation vessel.
	Time        : 11:03:18.18
	ActionType  : Undefined
	MachineMode : Manu
	MachineState: Idle
	PLC Object  : FB_DeviceBase
	PLC Action  : UNDEFIEND
	PLC AState  : 0

27.10.2023 11:04:01 - 41525 - System fluid bottle empty
	Description : 
	Time        : 11:04:26.84
	ActionType  : Undefined
	MachineMode : Manu
	MachineState: Idle
	PLC Object  : FB_DeviceBase
	PLC Action  : UNDEFIEND
	PLC AState  : 0

27.10.2023 11:04:05 - 41525 - System fluid bottle empty
	Description : 
	Time        : 11:04:30.37
	ActionType  : Undefined
	MachineMode : Manu
	MachineState: Idle
	PLC Object  : FB_DeviceBase
	PLC Action  : UNDEFIEND
	PLC AState  : 0

27.10.2023 11:04:05 - 41525 - System fluid bottle empty
	Description : 
	Time        : 11:04:31.10
	ActionType  : Undefined
	MachineMode : Manu
	MachineState: Idle
	PLC Object  : FB_DeviceBase
	PLC Action  : UNDEFIEND
	PLC AState  : 0

27.10.2023 11:04:06 - 41525 - System fluid bottle empty
	Description : 
	Time        : 11:04:31.74
	ActionType  : Undefined
	MachineMode : Manu
	MachineState: Idle
	PLC Object  : FB_DeviceBase
	PLC Action  : UNDEFIEND
	PLC AState  : 0

27.10.2023 11:05:09 - 41527 - Timeout while filling PCV
	Description : A timeout occurred while filling the pressure compensation vessel.
	Time        : 11:05:34.42
	ActionType  : Undefined
	MachineMode : Manu
	MachineState: Idle
	PLC Object  : FB_DeviceBase
	PLC Action  : UNDEFIEND
	PLC AState  : 0

27.10.2023 11:07:04 - 41527 - Timeout while filling PCV
	Description : A timeout occurred while filling the pressure compensation vessel.
	Time        : 11:07:29.96
	ActionType  : Undefined
	MachineMode : Manu
	MachineState: Idle
	PLC Object  : FB_DeviceBase
	PLC Action  : UNDEFIEND
	PLC AState  : 0

27.10.2023 11:33:11 - 41054 - NoHeadCreated
	Description : 
	Time        : 11:33:32.07
	ActionType  : Undefined
	MachineMode : Config
	MachineState: Active
	PLC Object  : UNDEFIEND
	PLC Action  : UNDEFIEND
	PLC AState  : 0

27.10.2023 12:05:38 - 41054 - NoHeadCreated
	Description : 
	Time        : 12:05:10.79
	ActionType  : Undefined
	MachineMode : Config
	MachineState: Active
	PLC Object  : UNDEFIEND
	PLC Action  : UNDEFIEND
	PLC AState  : 0

27.10.2023 12:23:33 - 41054 - NoHeadCreated
	Description : 
	Time        : 12:23:42.46
	ActionType  : Undefined
	MachineMode : Config
	MachineState: Active
	PLC Object  : UNDEFIEND
	PLC Action  : UNDEFIEND
	PLC AState  : 0

27.10.2023 12:47:49 - 41054 - NoHeadCreated
	Description : 
	Time        : 12:40:04.66
	ActionType  : Undefined
	MachineMode : Config
	MachineState: Active
	PLC Object  : UNDEFIEND
	PLC Action  : UNDEFIEND
	PLC AState  : 0

27.10.2023 13:11:37 - 41054 - NoHeadCreated
	Description : 
	Time        : 12:55:07.61
	ActionType  : Undefined
	MachineMode : Config
	MachineState: Active
	PLC Object  : UNDEFIEND
	PLC Action  : UNDEFIEND
	PLC AState  : 0

27.10.2023 13:36:36 - 41568 - Target position out of range - Z
	Description : Tool cannot move to target.
	Time        : 13:37:00.82
	ActionType  : CalibrateZSensor
	MachineMode : Manu
	MachineState: Active
	Object      : Gesim.GsZSensor(ZSensor)
	PLC Object  : FB_ComplexAction
	PLC Action  : A_CalibrateZSensor
	PLC AState  : 1

27.10.2023 13:40:14 - 41502 - Pipet move with Z-Sensor
	Description : The pipet cannot move with Z-Sensor mounted.
	Time        : 13:40:39.53
	ActionType  : MoveToTarget
	MachineMode : Manu
	MachineState: Active
	Object      : Gesim.GsZSensor(ZSensor)
	PLC Object  : FB_ComplexAction
	PLC Action  : A_MoveToTarget
	PLC AState  : 0

27.10.2023 14:33:15 - 41502 - Pipet move with Z-Sensor
	Description : The pipet cannot move with Z-Sensor mounted.
	Time        : 14:33:40.40
	ActionType  : WashTool
	MachineMode : Manu
	MachineState: Active
	Object      : Gesim.GsZSensor(ZSensor)
	PLC Object  : FB_ComplexAction
	PLC Action  : A_WashTool
	PLC AState  : 1

27.10.2023 14:34:53 - 41527 - Timeout while filling PCV
	Description : A timeout occurred while filling the pressure compensation vessel.
	Time        : 14:35:18.34
	ActionType  : Undefined
	MachineMode : Manu
	MachineState: Idle
	PLC Object  : FB_DeviceBase
	PLC Action  : UNDEFIEND
	PLC AState  : 0

27.10.2023 14:40:33 - 41502 - Pipet move with Z-Sensor
	Description : The pipet cannot move with Z-Sensor mounted.
	Time        : 14:40:57.63
	ActionType  : ActionOnArray
	MachineMode : Manu
	MachineState: Active
	Object      : Gesim.GsPiezoPip(PiezoPipette Nano (Heatable))
	PLC Object  : FB_ComplexAction
	PLC Action  : A_ActionOnArray
	PLC AState  : 1

27.10.2023 14:40:46 - 41502 - Pipet move with Z-Sensor
	Description : The pipet cannot move with Z-Sensor mounted.
	Time        : 14:41:11.53
	ActionType  : Measure
	MachineMode : Manu
	MachineState: Active
	Object      : Gesim.GsPiezoPip(PiezoPipette Nano (Heatable))
	PLC Object  : FB_ComplexAction
	PLC Action  : A_MeasureTool
	PLC AState  : 2

27.10.2023 14:40:50 - 41567 - Target position out of range - Y
	Description : Tool cannot move to target.
	Time        : 14:41:15.58
	ActionType  : GetPipSample
	MachineMode : Manu
	MachineState: Active
	Object      : Gesim.GsPiezoPip(PiezoPipette Nano (Heatable))
	PLC Object  : FB_ComplexAction
	PLC Action  : A_GetPipSample
	PLC AState  : 0

27.10.2023 14:41:27 - 41567 - Target position out of range - Y
	Description : Tool cannot move to target.
	Time        : 14:41:51.81
	ActionType  : GetPipSample
	MachineMode : Manu
	MachineState: Active
	Object      : Gesim.GsPiezoPip(PiezoPipette Nano (Heatable))
	PLC Object  : FB_ComplexAction
	PLC Action  : A_GetPipSample
	PLC AState  : 0

27.10.2023 14:41:37 - 41525 - System fluid bottle empty
	Description : 
	Time        : 14:42:02.24
	ActionType  : GetPipSample
	MachineMode : Manu
	MachineState: Active
	Object      : Gesim.GsPiezoPip(PiezoPipette Nano (Heatable))
	PLC Object  : FB_ComplexAction
	PLC Action  : A_GetPipSample
	PLC AState  : 6

27.10.2023 14:42:17 - 41567 - Target position out of range - Y
	Description : Tool cannot move to target.
	Time        : 14:42:41.88
	ActionType  : GetPipSample
	MachineMode : Manu
	MachineState: Active
	Object      : Gesim.GsPiezoPip(PiezoPipette Nano (Heatable))
	PLC Object  : FB_ComplexAction
	PLC Action  : A_GetPipSample
	PLC AState  : 0

27.10.2023 14:48:14 - 16660 - GCode-File too big
	Description : 
	Time        : 14:48:38.97
	ActionType  : Undefined
	MachineMode : Manu
	MachineState: Active
	PLC Object  : GCode
	PLC Action  : A_Load
	PLC AState  : 2

30.10.2023 06:26:56 - 41054 - NoHeadCreated
	Description : 
	Time        : 06:25:11.92
	ActionType  : Undefined
	MachineMode : Config
	MachineState: Active
	PLC Object  : UNDEFIEND
	PLC Action  : UNDEFIEND
	PLC AState  : 0

30.10.2023 09:30:14 - 41054 - NoHeadCreated
	Description : 
	Time        : 09:30:22.68
	ActionType  : Undefined
	MachineMode : Config
	MachineState: Active
	PLC Object  : UNDEFIEND
	PLC Action  : UNDEFIEND
	PLC AState  : 0

30.10.2023 09:52:58 - 41525 - System fluid bottle empty
	Description : 
	Time        : 09:52:58.63
	Command     : EXECUTE_ACTION
	Object      : Gesim.GsPiezoPip(PiezoPipette Nano (Heatable))
	Action      : Wash->Washpoint 1->WashOutside->1 s

30.10.2023 10:00:57 - 41054 - NoHeadCreated
	Description : 
	Time        : 10:01:19.15
	ActionType  : Undefined
	MachineMode : Config
	MachineState: Active
	PLC Object  : UNDEFIEND
	PLC Action  : UNDEFIEND
	PLC AState  : 0

30.10.2023 10:03:57 - 41054 - NoHeadCreated
	Description : 
	Time        : 10:04:04.66
	ActionType  : Undefined
	MachineMode : Config
	MachineState: Active
	PLC Object  : UNDEFIEND
	PLC Action  : UNDEFIEND
	PLC AState  : 0

30.10.2023 10:45:23 - 41054 - NoHeadCreated
	Description : 
	Time        : 10:45:09.87
	ActionType  : Undefined
	MachineMode : Config
	MachineState: Active
	PLC Object  : UNDEFIEND
	PLC Action  : UNDEFIEND
	PLC AState  : 0

30.10.2023 10:50:15 - 41054 - NoHeadCreated
	Description : 
	Time        : 10:50:09.43
	ActionType  : Undefined
	MachineMode : Config
	MachineState: Active
	PLC Object  : UNDEFIEND
	PLC Action  : UNDEFIEND
	PLC AState  : 0

30.10.2023 11:22:22 - 41054 - NoHeadCreated
	Description : 
	Time        : 11:21:10.53
	ActionType  : Undefined
	MachineMode : Config
	MachineState: Active
	PLC Object  : UNDEFIEND
	PLC Action  : UNDEFIEND
	PLC AState  : 0

30.10.2023 11:34:37 - 41597 - Device is not locked
	Description : 
	Time        : 11:34:37.59
	Command     : EXECUTE_ACTION
	Object      : Gesim.GsExtruder(SyringeExtruder)
	Action      : Extrude->Extruder On

30.10.2023 11:36:01 - 41597 - Device is not locked
	Description : 
	Time        : 11:36:01.29
	Command     : EXECUTE_ACTION
	Object      : Gesim.GsExtruder(SyringeExtruder)
	Action      : Extrude->Extruder On->30000 µm

30.10.2023 12:00:32 - 41054 - NoHeadCreated
	Description : 
	Time        : 11:59:41.23
	ActionType  : Undefined
	MachineMode : Config
	MachineState: Active
	PLC Object  : UNDEFIEND
	PLC Action  : UNDEFIEND
	PLC AState  : 0

30.10.2023 12:07:52 - 41054 - NoHeadCreated
	Description : 
	Time        : 12:07:47.43
	ActionType  : Undefined
	MachineMode : Config
	MachineState: Active
	PLC Object  : UNDEFIEND
	PLC Action  : UNDEFIEND
	PLC AState  : 0

30.10.2023 12:10:32 - 41988 - AxisNotHomed
	Description : 
	Time        : 12:10:32.98
	Command     : EXECUTE_ACTION
	Object      : Gesim.GsExtruder(SyringeExtruder)
	Action      : Jog

30.10.2023 12:10:32 - 41988 - AxisNotHomed
	Description : 
	Time        : 12:10:32.99
	Command     : EXECUTE_ACTION
	Object      : Gesim.GsExtruder(SyringeExtruder)
	Action      : Jog

30.10.2023 12:51:38 - 41054 - NoHeadCreated
	Description : 
	Time        : 12:17:46.95
	ActionType  : Undefined
	MachineMode : Config
	MachineState: Active
	PLC Object  : UNDEFIEND
	PLC Action  : UNDEFIEND
	PLC AState  : 0

30.10.2023 12:56:40 - 41995 - InvalidToolConfig
	Description : 
	Time        : 12:56:39.88
	ActionType  : Undefined
	MachineMode : Config
	MachineState: Active
	PLC Object  : FB_MultiZRef
	PLC Action  : A_SetConfig
	PLC AState  : 0

30.10.2023 12:56:40 - 41995 - InvalidToolConfig
	Description : 
	Time        : 12:56:39.89
	ActionType  : Undefined
	MachineMode : Config
	MachineState: Active
	PLC Object  : FB_Configuration
	PLC Action  : A_Activate
	PLC AState  : 0

30.10.2023 12:56:45 - 41995 - InvalidToolConfig
	Description : 
	Time        : 12:56:44.10
	ActionType  : Undefined
	MachineMode : Config
	MachineState: Active
	PLC Object  : FB_MultiZRef
	PLC Action  : A_SetConfig
	PLC AState  : 0

30.10.2023 12:56:45 - 41995 - InvalidToolConfig
	Description : 
	Time        : 12:56:44.11
	ActionType  : Undefined
	MachineMode : Config
	MachineState: Active
	PLC Object  : FB_Configuration
	PLC Action  : A_Activate
	PLC AState  : 0

30.10.2023 13:06:59 - 41054 - NoHeadCreated
	Description : 
	Time        : 13:06:27.95
	ActionType  : Undefined
	MachineMode : Config
	MachineState: Active
	PLC Object  : UNDEFIEND
	PLC Action  : UNDEFIEND
	PLC AState  : 0

30.10.2023 13:35:41 - 41054 - NoHeadCreated
	Description : 
	Time        : 13:35:31.78
	ActionType  : Undefined
	MachineMode : Config
	MachineState: Active
	PLC Object  : UNDEFIEND
	PLC Action  : UNDEFIEND
	PLC AState  : 0

30.10.2023 13:35:48 - 41054 - NoHeadCreated
	Description : 
	Time        : 13:35:31.78
	ActionType  : Undefined
	MachineMode : Config
	MachineState: Active
	PLC Object  : UNDEFIEND
	PLC Action  : UNDEFIEND
	PLC AState  : 0

30.10.2023 13:59:06 - 41054 - NoHeadCreated
	Description : 
	Time        : 13:56:36.57
	ActionType  : Undefined
	MachineMode : Config
	MachineState: Active
	PLC Object  : UNDEFIEND
	PLC Action  : UNDEFIEND
	PLC AState  : 0

30.10.2023 14:00:43 - 41054 - NoHeadCreated
	Description : 
	Time        : 14:00:35.09
	ActionType  : Undefined
	MachineMode : Config
	MachineState: Active
	PLC Object  : UNDEFIEND
	PLC Action  : UNDEFIEND
	PLC AState  : 0

30.10.2023 14:11:12 - 41054 - NoHeadCreated
	Description : 
	Time        : 14:10:22.18
	ActionType  : Undefined
	MachineMode : Config
	MachineState: Active
	PLC Object  : UNDEFIEND
	PLC Action  : UNDEFIEND
	PLC AState  : 0

30.10.2023 14:25:50 - 41054 - NoHeadCreated
	Description : 
	Time        : 14:25:40.95
	ActionType  : Undefined
	MachineMode : Config
	MachineState: Active
	PLC Object  : UNDEFIEND
	PLC Action  : UNDEFIEND
	PLC AState  : 0

30.10.2023 14:27:09 - 41054 - NoHeadCreated
	Description : 
	Time        : 14:27:01.47
	ActionType  : Undefined
	MachineMode : Config
	MachineState: Active
	PLC Object  : UNDEFIEND
	PLC Action  : UNDEFIEND
	PLC AState  : 0

30.10.2023 14:28:00 - 41054 - NoHeadCreated
	Description : 
	Time        : 14:27:49.62
	ActionType  : Undefined
	MachineMode : Config
	MachineState: Active
	PLC Object  : UNDEFIEND
	PLC Action  : UNDEFIEND
	PLC AState  : 0

30.10.2023 14:37:16 - 41054 - NoHeadCreated
	Description : 
	Time        : 14:36:06.02
	ActionType  : Undefined
	MachineMode : Config
	MachineState: Active
	PLC Object  : UNDEFIEND
	PLC Action  : UNDEFIEND
	PLC AState  : 0

30.10.2023 14:50:00 - 41054 - NoHeadCreated
	Description : 
	Time        : 14:49:04.98
	ActionType  : Undefined
	MachineMode : Config
	MachineState: Active
	PLC Object  : UNDEFIEND
	PLC Action  : UNDEFIEND
	PLC AState  : 0

30.10.2023 14:51:26 - 41054 - NoHeadCreated
	Description : 
	Time        : 14:51:12.90
	ActionType  : Undefined
	MachineMode : Config
	MachineState: Active
	PLC Object  : UNDEFIEND
	PLC Action  : UNDEFIEND
	PLC AState  : 0

30.10.2023 14:54:46 - 41054 - NoHeadCreated
	Description : 
	Time        : 14:54:11.94
	ActionType  : Undefined
	MachineMode : Config
	MachineState: Active
	PLC Object  : UNDEFIEND
	PLC Action  : UNDEFIEND
	PLC AState  : 0

01.11.2023 07:28:55 - 41054 - NoHeadCreated
	Description : 
	Time        : 07:28:24.06
	ActionType  : Undefined
	MachineMode : Config
	MachineState: Active
	PLC Object  : UNDEFIEND
	PLC Action  : UNDEFIEND
	PLC AState  : 0

01.11.2023 07:29:12 - 41054 - NoHeadCreated
	Description : 
	Time        : 07:29:02.74
	ActionType  : Undefined
	MachineMode : Config
	MachineState: Active
	PLC Object  : UNDEFIEND
	PLC Action  : UNDEFIEND
	PLC AState  : 0

01.11.2023 07:29:17 - 41995 - InvalidToolConfig
	Description : 
	Time        : 07:29:15.68
	ActionType  : Undefined
	MachineMode : Config
	MachineState: Active
	PLC Object  : FB_MultiZRef
	PLC Action  : A_SetConfig
	PLC AState  : 0

01.11.2023 07:29:17 - 41995 - InvalidToolConfig
	Description : 
	Time        : 07:29:15.69
	ActionType  : Undefined
	MachineMode : Config
	MachineState: Active
	PLC Object  : FB_Configuration
	PLC Action  : A_Activate
	PLC AState  : 0

01.11.2023 07:34:37 - 41054 - NoHeadCreated
	Description : 
	Time        : 07:33:35.60
	ActionType  : Undefined
	MachineMode : Config
	MachineState: Active
	PLC Object  : UNDEFIEND
	PLC Action  : UNDEFIEND
	PLC AState  : 0

01.11.2023 08:20:18 - 41525 - System fluid bottle empty
	Description : 
	Time        : 08:20:16.41
	ActionType  : Undefined
	MachineMode : Manu
	MachineState: Idle
	PLC Object  : FB_DeviceBase
	PLC Action  : UNDEFIEND
	PLC AState  : 0

01.11.2023 08:20:48 - 50001 - Camera not found
	Description : The specified camera could not be found.
	Time        : 08:20:48.76
	Exception   : System.InvalidOperationException: Sequence contains no matching element
   at System.Linq.Enumerable.First[TSource](IEnumerable`1 source, Func`2 predicate)
   at GesimRobotics.CameraOptions.GetCamera(String id)
   at GesimRobotics.ViewModels.CameraControl..ctor(String id, CameraType type)

01.11.2023 08:27:42 - 41054 - NoHeadCreated
	Description : 
	Time        : 08:25:28.43
	ActionType  : Undefined
	MachineMode : Config
	MachineState: Active
	PLC Object  : UNDEFIEND
	PLC Action  : UNDEFIEND
	PLC AState  : 0

01.11.2023 08:32:22 - 41054 - NoHeadCreated
	Description : 
	Time        : 08:30:03.25
	ActionType  : Undefined
	MachineMode : Config
	MachineState: Active
	PLC Object  : UNDEFIEND
	PLC Action  : UNDEFIEND
	PLC AState  : 0

01.11.2023 08:39:22 - 41054 - NoHeadCreated
	Description : 
	Time        : 08:36:20.35
	ActionType  : Undefined
	MachineMode : Config
	MachineState: Active
	PLC Object  : UNDEFIEND
	PLC Action  : UNDEFIEND
	PLC AState  : 0

01.11.2023 08:41:16 - 41054 - NoHeadCreated
	Description : 
	Time        : 08:40:41.93
	ActionType  : Undefined
	MachineMode : Config
	MachineState: Active
	PLC Object  : UNDEFIEND
	PLC Action  : UNDEFIEND
	PLC AState  : 0

01.11.2023 08:44:52 - 41054 - NoHeadCreated
	Description : 
	Time        : 08:44:18.82
	ActionType  : Undefined
	MachineMode : Config
	MachineState: Active
	PLC Object  : UNDEFIEND
	PLC Action  : UNDEFIEND
	PLC AState  : 0

01.11.2023 08:47:29 - 41054 - NoHeadCreated
	Description : 
	Time        : 08:46:54.77
	ActionType  : Undefined
	MachineMode : Config
	MachineState: Active
	PLC Object  : UNDEFIEND
	PLC Action  : UNDEFIEND
	PLC AState  : 0

01.11.2023 08:57:39 - 41054 - NoHeadCreated
	Description : 
	Time        : 08:52:48.87
	ActionType  : Undefined
	MachineMode : Config
	MachineState: Active
	PLC Object  : UNDEFIEND
	PLC Action  : UNDEFIEND
	PLC AState  : 0

01.11.2023 09:10:40 - 41504 - Read-only hardware property
	Description : Internal error
	Time        : 09:10:40.91
	Command     : WRITE_HW_PROP
	Comment     : ModulId: 131329 PropType: MaxPos Value: 0

01.11.2023 09:10:54 - 41504 - Read-only hardware property
	Description : Internal error
	Time        : 09:10:54.70
	Command     : WRITE_HW_PROP
	Comment     : ModulId: 131329 PropType: MaxPos Value: 0

01.11.2023 09:11:05 - 41504 - Read-only hardware property
	Description : Internal error
	Time        : 09:11:05.93
	Command     : WRITE_HW_PROP
	Comment     : ModulId: 131329 PropType: MaxPos Value: 0

01.11.2023 09:11:56 - 41504 - Read-only hardware property
	Description : Internal error
	Time        : 09:11:56.39
	Command     : WRITE_HW_PROP
	Comment     : ModulId: 131329 PropType: MaxPos Value: 0

01.11.2023 09:15:28 - 41504 - Read-only hardware property
	Description : Internal error
	Time        : 09:15:28.02
	Command     : WRITE_HW_PROP
	Comment     : ModulId: 131329 PropType: MinPos Value: 0

01.11.2023 09:15:40 - 41504 - Read-only hardware property
	Description : Internal error
	Time        : 09:15:40.31
	Command     : WRITE_HW_PROP
	Comment     : ModulId: 131329 PropType: MinPos Value: 0

01.11.2023 09:58:43 - 41054 - NoHeadCreated
	Description : 
	Time        : 09:58:03.17
	ActionType  : Undefined
	MachineMode : Config
	MachineState: Active
	PLC Object  : UNDEFIEND
	PLC Action  : UNDEFIEND
	PLC AState  : 0

01.11.2023 09:59:00 - 41504 - Read-only hardware property
	Description : Internal error
	Time        : 09:59:00.03
	Command     : WRITE_HW_PROP
	Comment     : ModulId: 131329 PropType: MinPos Value: 0

01.11.2023 10:00:51 - 41504 - Read-only hardware property
	Description : Internal error
	Time        : 10:00:51.31
	Command     : WRITE_HW_PROP
	Comment     : ModulId: 131329 PropType: MinPos Value: 0

01.11.2023 10:03:39 - 41054 - NoHeadCreated
	Description : 
	Time        : 10:02:28.55
	ActionType  : Undefined
	MachineMode : Config
	MachineState: Active
	PLC Object  : UNDEFIEND
	PLC Action  : UNDEFIEND
	PLC AState  : 0

01.11.2023 10:08:42 - 41054 - NoHeadCreated
	Description : 
	Time        : 10:08:29.12
	ActionType  : Undefined
	MachineMode : Config
	MachineState: Active
	PLC Object  : UNDEFIEND
	PLC Action  : UNDEFIEND
	PLC AState  : 0

01.11.2023 10:09:11 - 41054 - NoHeadCreated
	Description : 
	Time        : 10:08:57.97
	ActionType  : Undefined
	MachineMode : Config
	MachineState: Active
	PLC Object  : UNDEFIEND
	PLC Action  : UNDEFIEND
	PLC AState  : 0

01.11.2023 10:10:55 - 41054 - NoHeadCreated
	Description : 
	Time        : 10:10:16.20
	ActionType  : Undefined
	MachineMode : Config
	MachineState: Active
	PLC Object  : UNDEFIEND
	PLC Action  : UNDEFIEND
	PLC AState  : 0

01.11.2023 10:11:24 - 41054 - NoHeadCreated
	Description : 
	Time        : 10:11:01.91
	ActionType  : Undefined
	MachineMode : Config
	MachineState: Active
	PLC Object  : UNDEFIEND
	PLC Action  : UNDEFIEND
	PLC AState  : 0

01.11.2023 10:13:42 - 41054 - NoHeadCreated
	Description : 
	Time        : 10:13:17.07
	ActionType  : Undefined
	MachineMode : Config
	MachineState: Active
	PLC Object  : UNDEFIEND
	PLC Action  : UNDEFIEND
	PLC AState  : 0

01.11.2023 10:14:03 - 41054 - NoHeadCreated
	Description : 
	Time        : 10:13:47.55
	ActionType  : Undefined
	MachineMode : Config
	MachineState: Active
	PLC Object  : UNDEFIEND
	PLC Action  : UNDEFIEND
	PLC AState  : 0

01.11.2023 10:17:40 - 41054 - NoHeadCreated
	Description : 
	Time        : 10:17:29.59
	ActionType  : Undefined
	MachineMode : Config
	MachineState: Active
	PLC Object  : UNDEFIEND
	PLC Action  : UNDEFIEND
	PLC AState  : 0

01.11.2023 10:26:01 - 41216 - Communication timeout
	Description : Communication timeout - diluter.
	Time        : 10:26:19.22
	ActionType  : InitDevices
	MachineMode : Init
	MachineState: Active
	PLC Object  : FB_Diluter
	PLC Action  : A_Init
	PLC AState  : 1

01.11.2023 10:26:18 - 41216 - Communication timeout
	Description : Communication timeout - diluter.
	Time        : 10:26:19.22
	ActionType  : InitDevices
	MachineMode : Init
	MachineState: Active
	PLC Object  : FB_Diluter
	PLC Action  : A_Init
	PLC AState  : 1

01.11.2023 10:26:30 - 41556 - Head not in free Z-pos.
	Description : 
	Time        : 10:26:48.78
	ActionType  : InitDevices
	MachineMode : Init
	MachineState: Active
	Object      : Gesim.GsHead(Head)
	PLC Object  : FB_MzHead
	PLC Action  : A_Init
	PLC AState  : 3

01.11.2023 10:26:47 - 41556 - Head not in free Z-pos.
	Description : 
	Time        : 10:27:05.87
	ActionType  : InitDevices
	MachineMode : Init
	MachineState: Active
	Object      : Gesim.GsHead(Head)
	PLC Object  : FB_MzHead
	PLC Action  : A_Init
	PLC AState  : 3

01.11.2023 10:26:52 - 41556 - Head not in free Z-pos.
	Description : 
	Time        : 10:27:10.79
	ActionType  : InitDevices
	MachineMode : Init
	MachineState: Active
	Object      : Gesim.GsHead(Head)
	PLC Object  : FB_MzHead
	PLC Action  : A_Init
	PLC AState  : 3

01.11.2023 10:28:03 - 41556 - Head not in free Z-pos.
	Description : 
	Time        : 10:28:20.90
	ActionType  : InitDevices
	MachineMode : Init
	MachineState: Active
	Object      : Gesim.GsHead(Head)
	PLC Object  : FB_MzHead
	PLC Action  : A_Init
	PLC AState  : 3

01.11.2023 10:47:46 - 41216 - Communication timeout
	Description : Communication timeout - diluter.
	Time        : 10:48:03.82
	ActionType  : InitDevices
	MachineMode : Init
	MachineState: Active
	PLC Object  : FB_Diluter
	PLC Action  : A_Init
	PLC AState  : 1

01.11.2023 11:25:15 - 41216 - Communication timeout
	Description : Communication timeout - diluter.
	Time        : 11:25:33.50
	ActionType  : InitDevices
	MachineMode : Init
	MachineState: Active
	PLC Object  : FB_Diluter
	PLC Action  : A_Init
	PLC AState  : 1

01.11.2023 11:35:40 - 50005 - Connection error
	Description : The connection to the device could not be established.
	Time        : 11:35:40.96
	Exception   : System.Exception: Missing route: CP-8AD151
   at Gesim.GsMachine.Connect(String routeName, Boolean record, Boolean withoutActivation)
   at GesimRobotics.ViewModels.ConnectionManager.Connect(String routeName)

01.11.2023 11:36:03 - 41054 - NoHeadCreated
	Description : 
	Time        : 11:35:06.80
	ActionType  : Undefined
	MachineMode : Config
	MachineState: Active
	PLC Object  : UNDEFIEND
	PLC Action  : UNDEFIEND
	PLC AState  : 0

01.11.2023 11:37:46 - 41054 - NoHeadCreated
	Description : 
	Time        : 11:37:20.74
	ActionType  : Undefined
	MachineMode : Config
	MachineState: Active
	PLC Object  : UNDEFIEND
	PLC Action  : UNDEFIEND
	PLC AState  : 0

01.11.2023 11:37:53 - 41216 - Communication timeout
	Description : Communication timeout - diluter.
	Time        : 11:37:51.40
	ActionType  : InitDevices
	MachineMode : Init
	MachineState: Active
	PLC Object  : FB_Diluter
	PLC Action  : A_Init
	PLC AState  : 1

01.11.2023 11:46:10 - 41054 - NoHeadCreated
	Description : 
	Time        : 11:43:51.06
	ActionType  : Undefined
	MachineMode : Config
	MachineState: Active
	PLC Object  : UNDEFIEND
	PLC Action  : UNDEFIEND
	PLC AState  : 0

01.11.2023 14:34:18 - 50005 - Connection error
	Description : The connection to the device could not be established.
	Time        : 14:34:18.55
	Exception   : System.InvalidOperationException: This BackgroundWorker is currently busy and cannot run multiple tasks concurrently.
   at Gesim.GsMachine.Connect(String routeName, Boolean record, Boolean withoutActivation)
   at GesimRobotics.ViewModels.Dialogs.DebugMenuDialog.connect()

01.11.2023 14:36:30 - 41216 - Communication timeout
	Description : Communication timeout - diluter.
	Time        : 14:36:48.07
	ActionType  : InitDevices
	MachineMode : Init
	MachineState: Active
	PLC Object  : FB_Diluter
	PLC Action  : A_Init
	PLC AState  : 1

02.11.2023 13:17:13 - 41503 - Configuration not activated
	Description : 
	Time        : 13:17:13.32
	Command     : CHANGE_MODE

28.05.2024 07:40:57 -  1817 - device has a timeout
	Description : 
	Time        : 08:37:09.52
	ActionType  : Undefined
	MachineMode : Config
	MachineState: Idle
	PLC Object  : ScanHwModules
	PLC Action  : UNDEFIEND
	PLC AState  : 11

28.05.2024 07:41:13 -  1817 - device has a timeout
	Description : 
	Time        : 08:44:57.23
	ActionType  : Undefined
	MachineMode : Config
	MachineState: Idle
	PLC Object  : ScanHwModules
	PLC Action  : UNDEFIEND
	PLC AState  : 11

28.05.2024 07:41:47 -  1817 - device has a timeout
	Description : 
	Time        : 08:44:57.23
	ActionType  : Undefined
	MachineMode : Config
	MachineState: Idle
	PLC Object  : ScanHwModules
	PLC Action  : UNDEFIEND
	PLC AState  : 11

28.05.2024 07:42:02 -  1817 - device has a timeout
	Description : 
	Time        : 08:45:46.76
	ActionType  : Undefined
	MachineMode : Config
	MachineState: Idle
	PLC Object  : ScanHwModules
	PLC Action  : UNDEFIEND
	PLC AState  : 11

28.05.2024 07:43:49 -  1817 - device has a timeout
	Description : 
	Time        : 08:47:31.50
	ActionType  : Undefined
	MachineMode : Config
	MachineState: Idle
	PLC Object  : ScanHwModules
	PLC Action  : UNDEFIEND
	PLC AState  : 11

28.05.2024 07:44:02 -  1817 - device has a timeout
	Description : 
	Time        : 08:47:31.50
	ActionType  : Undefined
	MachineMode : Config
	MachineState: Idle
	PLC Object  : ScanHwModules
	PLC Action  : UNDEFIEND
	PLC AState  : 11

28.05.2024 08:02:20 -  1817 - device has a timeout
	Description : 
	Time        : 08:58:27.19
	ActionType  : Undefined
	MachineMode : Config
	MachineState: Idle
	PLC Object  : ScanHwModules
	PLC Action  : UNDEFIEND
	PLC AState  : 11

28.05.2024 08:02:37 -  1817 - device has a timeout
	Description : 
	Time        : 08:58:27.19
	ActionType  : Undefined
	MachineMode : Config
	MachineState: Idle
	PLC Object  : ScanHwModules
	PLC Action  : UNDEFIEND
	PLC AState  : 11

28.05.2024 09:56:50 - 41216 - Communication timeout
	Description : Communication timeout - diluter.
	Time        : 11:00:43.16
	ActionType  : InitDevices
	MachineMode : Init
	MachineState: Active
	PLC Object  : FB_Diluter
	PLC Action  : A_Init
	PLC AState  : 1

30.05.2024 13:00:42 - 41995 - InvalidToolConfig
	Description : 
	Time        : 14:04:36.44
	ActionType  : Undefined
	MachineMode : Config
	MachineState: Active
	PLC Object  : FB_MultiZRef
	PLC Action  : A_SetConfig
	PLC AState  : 0

30.05.2024 13:00:42 - 41995 - InvalidToolConfig
	Description : 
	Time        : 14:04:36.45
	ActionType  : Undefined
	MachineMode : Config
	MachineState: Active
	PLC Object  : FB_Configuration
	PLC Action  : A_Activate
	PLC AState  : 0

30.05.2024 13:59:59 - 42240 - InvalidToolNr
	Description : 
	Time        : 15:03:53.92
	ActionType  : Undefined
	MachineMode : Auto
	MachineState: Running
	PLC Object  : FB_HskMFunc
	PLC Action  : A_AssignRParamHeader
	PLC AState  : 1

30.05.2024 14:00:55 - 42240 - InvalidToolNr
	Description : 
	Time        : 15:04:49.95
	ActionType  : Undefined
	MachineMode : Auto
	MachineState: Running
	PLC Object  : FB_HskMFunc
	PLC Action  : A_AssignRParamHeader
	PLC AState  : 1

30.05.2024 14:04:11 - 41069 - No nozzle on tool
	Description : A printing tool was configured without a nozzle.
	Time        : 15:08:05.22
	ActionType  : Undefined
	MachineMode : Config
	MachineState: Active
	Object      : Gesim.GsCartridgeDisp(Cartridge Dispenser (10ml))
	PLC Object  : UNDEFIEND
	PLC Action  : UNDEFIEND
	PLC AState  : 0

30.05.2024 14:04:15 - 41069 - No nozzle on tool
	Description : A printing tool was configured without a nozzle.
	Time        : 15:08:09.92
	ActionType  : Undefined
	MachineMode : Config
	MachineState: Active
	Object      : Gesim.GsCartridgeDisp(Cartridge Dispenser (10ml))
	PLC Object  : UNDEFIEND
	PLC Action  : UNDEFIEND
	PLC AState  : 0

30.05.2024 14:04:50 - 41069 - No nozzle on tool
	Description : A printing tool was configured without a nozzle.
	Time        : 15:08:09.92
	ActionType  : Undefined
	MachineMode : Config
	MachineState: Active
	Object      : Gesim.GsCartridgeDisp(Cartridge Dispenser (10ml))
	PLC Object  : UNDEFIEND
	PLC Action  : UNDEFIEND
	PLC AState  : 0

31.05.2024 07:38:09 - 41473 - Invalid mode
	Description : Command cannot be executed in this mode.
	Time        : 07:38:09.40
	Command     : EXECUTE_ACTION
	Object      : Gesim.GsHighVoltTray(HighVoltTray)
	Action      : Set Voltage->5 kV

31.05.2024 07:38:12 - 41473 - Invalid mode
	Description : Command cannot be executed in this mode.
	Time        : 07:38:12.39
	Command     : EXECUTE_ACTION
	Object      : Gesim.GsHighVoltTray(HighVoltTray)
	Action      : Switch Voltage

03.06.2024 11:28:06 - 41747 - Z-Sensor switch not found
	Description : Measurement: switching point not reached - Internal error (20)
	Time        : 12:32:04.17
	ActionType  : MoveZ
	MachineMode : Manu
	MachineState: Active
	Object      : Gesim.GsZSensor(ZSensor)
	PLC Object  : FB_MzTool
	PLC Action  : A_MoveZ
	PLC AState  : 0

03.06.2024 11:28:06 - 41747 - Z-Sensor switch not found
	Description : Measurement: switching point not reached - Internal error (20)
	Time        : 12:32:04.18
	ActionType  : CalibrateZSensor
	MachineMode : Manu
	MachineState: Active
	Object      : Gesim.GsZSensor(ZSensor)
	PLC Object  : FB_ComplexAction
	PLC Action  : A_CalibrateZSensor
	PLC AState  : 3

03.06.2024 11:50:03 - 41747 - Z-Sensor switch not found
	Description : Measurement: switching point not reached - Internal error (20)
	Time        : 12:54:01.33
	ActionType  : MoveZ
	MachineMode : Manu
	MachineState: Active
	Object      : Gesim.GsZSensor(ZSensor)
	PLC Object  : FB_MzTool
	PLC Action  : A_MoveZ
	PLC AState  : 0

03.06.2024 11:50:03 - 41747 - Z-Sensor switch not found
	Description : Measurement: switching point not reached - Internal error (20)
	Time        : 12:54:01.34
	ActionType  : Measure
	MachineMode : Manu
	MachineState: Active
	Object      : Gesim.GsZSensor(ZSensor)
	PLC Object  : FB_ComplexAction
	PLC Action  : A_MeasureTarget
	PLC AState  : 4

03.06.2024 11:52:07 - 41747 - Z-Sensor switch not found
	Description : Measurement: switching point not reached - Internal error (20)
	Time        : 12:56:05.63
	ActionType  : MoveZ
	MachineMode : Manu
	MachineState: Active
	Object      : Gesim.GsZSensor(ZSensor)
	PLC Object  : FB_MzTool
	PLC Action  : A_MoveZ
	PLC AState  : 0

03.06.2024 11:52:07 - 41747 - Z-Sensor switch not found
	Description : Measurement: switching point not reached - Internal error (20)
	Time        : 12:56:05.64
	ActionType  : Measure
	MachineMode : Manu
	MachineState: Active
	Object      : Gesim.GsZSensor(ZSensor)
	PLC Object  : FB_ComplexAction
	PLC Action  : A_MeasureTarget
	PLC AState  : 4

03.06.2024 11:52:14 - 41747 - Z-Sensor switch not found
	Description : Measurement: switching point not reached - Internal error (20)
	Time        : 12:56:12.23
	ActionType  : MoveZ
	MachineMode : Manu
	MachineState: Active
	Object      : Gesim.GsZSensor(ZSensor)
	PLC Object  : FB_MzTool
	PLC Action  : A_MoveZ
	PLC AState  : 0

03.06.2024 11:52:14 - 41747 - Z-Sensor switch not found
	Description : Measurement: switching point not reached - Internal error (20)
	Time        : 12:56:12.24
	ActionType  : Measure
	MachineMode : Manu
	MachineState: Active
	Object      : Gesim.GsZSensor(ZSensor)
	PLC Object  : FB_ComplexAction
	PLC Action  : A_MeasureTarget
	PLC AState  : 4

03.06.2024 11:58:44 - 50013 - Changed configuration
	Description : The current configuration has changed significantly. Some settings might have changed.
	Time        : 11:58:44.45

03.06.2024 14:37:57 - 41623 - Calibration point has an offset
	Description : 
	Time        : 14:37:57.37
	Command     : EXECUTE_ACTION
	Object      : Gesim.GsZSensor(ZSensor)
	Action      : Calibrate Z-Sensor

03.06.2024 14:38:24 - 41747 - Z-Sensor switch not found
	Description : Measurement: switching point not reached - Internal error (20)
	Time        : 15:42:22.62
	ActionType  : MoveZ
	MachineMode : Manu
	MachineState: Active
	Object      : Gesim.GsZSensor(ZSensor)
	PLC Object  : FB_MzTool
	PLC Action  : A_MoveZ
	PLC AState  : 0

03.06.2024 14:38:24 - 41747 - Z-Sensor switch not found
	Description : Measurement: switching point not reached - Internal error (20)
	Time        : 15:42:22.63
	ActionType  : CalibrateZSensor
	MachineMode : Manu
	MachineState: Active
	Object      : Gesim.GsZSensor(ZSensor)
	PLC Object  : FB_ComplexAction
	PLC Action  : A_CalibrateZSensor
	PLC AState  : 3

04.06.2024 07:14:42 - 50007 - Invalid configuration
	Description : A valid configuration has to include at least a head and workplate.
	Time        : 07:14:42.54

04.06.2024 07:17:50 - 41556 - Head not in free Z-pos.
	Description : 
	Time        : 08:21:48.91
	ActionType  : InitDevices
	MachineMode : Init
	MachineState: Active
	Object      : Gesim.GsHead(Head)
	PLC Object  : FB_MzHead
	PLC Action  : A_Init
	PLC AState  : 3

04.06.2024 07:22:36 - 41216 - Communication timeout
	Description : Communication timeout - diluter.
	Time        : 08:26:35.23
	ActionType  : InitDevices
	MachineMode : Init
	MachineState: Active
	PLC Object  : FB_Diluter
	PLC Action  : A_Init
	PLC AState  : 1

04.06.2024 07:22:48 - 41216 - Communication timeout
	Description : Communication timeout - diluter.
	Time        : 08:26:47.34
	ActionType  : InitDevices
	MachineMode : Init
	MachineState: Active
	PLC Object  : FB_Diluter
	PLC Action  : A_Init
	PLC AState  : 1

04.06.2024 07:23:04 - 41216 - Communication timeout
	Description : Communication timeout - diluter.
	Time        : 08:27:03.19
	ActionType  : InitDevices
	MachineMode : Init
	MachineState: Active
	PLC Object  : FB_Diluter
	PLC Action  : A_Init
	PLC AState  : 1

04.06.2024 07:27:54 - 41216 - Communication timeout
	Description : Communication timeout - diluter.
	Time        : 08:31:53.38
	ActionType  : InitDevices
	MachineMode : Init
	MachineState: Active
	PLC Object  : FB_Diluter
	PLC Action  : A_Init
	PLC AState  : 1

04.06.2024 07:27:59 - 41216 - Communication timeout
	Description : Communication timeout - diluter.
	Time        : 08:31:58.78
	ActionType  : InitDevices
	MachineMode : Init
	MachineState: Active
	PLC Object  : FB_Diluter
	PLC Action  : A_Init
	PLC AState  : 1

04.06.2024 07:39:13 - 50007 - Invalid configuration
	Description : A valid configuration has to include at least a head and workplate.
	Time        : 07:39:13.85

04.06.2024 07:39:33 - 41216 - Communication timeout
	Description : Communication timeout - diluter.
	Time        : 08:43:32.19
	ActionType  : InitDevices
	MachineMode : Init
	MachineState: Active
	PLC Object  : FB_Diluter
	PLC Action  : A_Init
	PLC AState  : 1

04.06.2024 07:40:16 - 41216 - Communication timeout
	Description : Communication timeout - diluter.
	Time        : 08:44:15.33
	ActionType  : InitDevices
	MachineMode : Init
	MachineState: Active
	PLC Object  : FB_Diluter
	PLC Action  : A_Init
	PLC AState  : 1

04.06.2024 07:43:39 - 41216 - Communication timeout
	Description : Communication timeout - diluter.
	Time        : 08:47:38.61
	ActionType  : InitDevices
	MachineMode : Init
	MachineState: Active
	PLC Object  : FB_Diluter
	PLC Action  : A_Init
	PLC AState  : 1

04.06.2024 07:45:31 - 41216 - Communication timeout
	Description : Communication timeout - diluter.
	Time        : 08:49:30.15
	ActionType  : InitDevices
	MachineMode : Init
	MachineState: Active
	PLC Object  : FB_Diluter
	PLC Action  : A_Init
	PLC AState  : 1

04.06.2024 07:54:11 - 41216 - Communication timeout
	Description : Communication timeout - diluter.
	Time        : 08:58:10.55
	ActionType  : InitDevices
	MachineMode : Init
	MachineState: Active
	PLC Object  : FB_Diluter
	PLC Action  : A_Init
	PLC AState  : 1

04.06.2024 07:54:18 - 41216 - Communication timeout
	Description : Communication timeout - diluter.
	Time        : 08:58:17.52
	ActionType  : InitDevices
	MachineMode : Init
	MachineState: Active
	PLC Object  : FB_Diluter
	PLC Action  : A_Init
	PLC AState  : 1

04.06.2024 08:02:51 - 41216 - Communication timeout
	Description : Communication timeout - diluter.
	Time        : 09:06:49.87
	ActionType  : InitDevices
	MachineMode : Init
	MachineState: Active
	PLC Object  : FB_Diluter
	PLC Action  : A_Init
	PLC AState  : 1

04.06.2024 08:02:55 - 41216 - Communication timeout
	Description : Communication timeout - diluter.
	Time        : 09:06:54.26
	ActionType  : InitDevices
	MachineMode : Init
	MachineState: Active
	PLC Object  : FB_Diluter
	PLC Action  : A_Init
	PLC AState  : 1

04.06.2024 08:24:31 - 41587 - HighVoltSupplyOff
	Description : High voltage supply not available or not switched on
	Time        : 08:24:31.19
	Command     : EXECUTE_ACTION
	Object      : Gesim.GsHighVoltTray(HighVoltTray)
	Action      : Switch Voltage

04.06.2024 08:55:40 - 41491 - Device not initialized
	Description : 
	Time        : 08:55:40.31
	Command     : EXECUTE_ACTION
	Object      : Gesim.GsCartridgeDisp(Cartridge Dispenser (10ml))
	Action      : Jog

04.06.2024 08:55:40 - 41491 - Device not initialized
	Description : 
	Time        : 08:55:40.32
	Command     : EXECUTE_ACTION
	Object      : Gesim.GsCartridgeDisp(Cartridge Dispenser (10ml))
	Action      : Jog

04.06.2024 09:11:11 - 41598 - RiskOfHighvoltFlashover
	Description : 
	Time        : 09:11:11.27
	Command     : EXECUTE_ACTION
	Object      : Gesim.GsZSensor(ZSensor)
	Action      : Measure Target->Point

04.06.2024 09:11:27 - 41598 - RiskOfHighvoltFlashover
	Description : 
	Time        : 09:11:27.22
	Command     : EXECUTE_ACTION
	Object      : Gesim.GsZSensor(ZSensor)
	Action      : Calibrate Z-Sensor

04.06.2024 10:17:01 - 41570 - Risk of crash: Jog
	Description : Can not jog fast in this area.
	Time        : 10:17:01.13
	Command     : EXECUTE_ACTION
	Object      : Gesim.GsCartridgeDisp(Cartridge Dispenser (10ml))
	Action      : Jog

04.06.2024 10:44:09 - 41995 - InvalidToolConfig
	Description : 
	Time        : 11:48:07.66
	ActionType  : Undefined
	MachineMode : Config
	MachineState: Active
	PLC Object  : FB_MultiZRef
	PLC Action  : A_SetConfig
	PLC AState  : 0

04.06.2024 10:44:09 - 41995 - InvalidToolConfig
	Description : 
	Time        : 11:48:07.67
	ActionType  : Undefined
	MachineMode : Config
	MachineState: Active
	PLC Object  : FB_Configuration
	PLC Action  : A_Activate
	PLC AState  : 0

04.06.2024 10:44:12 - 41995 - InvalidToolConfig
	Description : 
	Time        : 11:48:11.15
	ActionType  : Undefined
	MachineMode : Config
	MachineState: Active
	PLC Object  : FB_MultiZRef
	PLC Action  : A_SetConfig
	PLC AState  : 0

04.06.2024 10:44:12 - 41995 - InvalidToolConfig
	Description : 
	Time        : 11:48:11.16
	ActionType  : Undefined
	MachineMode : Config
	MachineState: Active
	PLC Object  : FB_Configuration
	PLC Action  : A_Activate
	PLC AState  : 0

04.06.2024 10:46:03 - 41995 - InvalidToolConfig
	Description : 
	Time        : 11:48:11.16
	ActionType  : Undefined
	MachineMode : Config
	MachineState: Active
	PLC Object  : FB_Configuration
	PLC Action  : A_Activate
	PLC AState  : 0

04.06.2024 10:46:12 - 41995 - InvalidToolConfig
	Description : 
	Time        : 11:48:11.16
	ActionType  : Undefined
	MachineMode : Config
	MachineState: Active
	PLC Object  : FB_Configuration
	PLC Action  : A_Activate
	PLC AState  : 0

05.06.2024 13:27:18 - 41473 - Invalid mode
	Description : Command cannot be executed in this mode.
	Time        : 13:27:18.49
	Command     : EXECUTE_ACTION
	Object      : Gesim.GsCartridgeHolder(CartridgeHolder (HV/Internal Heater))
	Action      : Heating->On->100°C

05.06.2024 13:45:00 - 50013 - Changed configuration
	Description : The current configuration has changed significantly. Some settings might have changed.
	Time        : 13:45:00.99

05.06.2024 13:59:54 - 50013 - Changed configuration
	Description : The current configuration has changed significantly. Some settings might have changed.
	Time        : 13:59:54.54

05.06.2024 14:06:04 - 41570 - Risk of crash: Jog
	Description : Can not jog fast in this area.
	Time        : 14:06:04.92
	Command     : EXECUTE_ACTION
	Object      : Gesim.GsZSensor(ZSensor)
	Action      : Jog

05.06.2024 14:06:09 - 41570 - Risk of crash: Jog
	Description : Can not jog fast in this area.
	Time        : 14:06:09.14
	Command     : EXECUTE_ACTION
	Object      : Gesim.GsZSensor(ZSensor)
	Action      : Jog

06.06.2024 06:50:45 - 41481 - Basic action active
	Description : Internal error
	Time        : 06:50:45.53
	Command     : EXECUTE_ACTION
	Object      : Gesim.GsCartridgeDisp(Cartridge Dispenser (10ml/High Voltage))
	Action      : Move Z->Home

06.06.2024 08:06:58 - 41069 - No nozzle on tool
	Description : A printing tool was configured without a nozzle.
	Time        : 09:10:58.81
	ActionType  : Undefined
	MachineMode : Config
	MachineState: Active
	Object      : Gesim.GsCartridgeDispStirrer(Cartridge Dispenser with Stirrer)
	PLC Object  : UNDEFIEND
	PLC Action  : UNDEFIEND
	PLC AState  : 0

06.06.2024 08:21:02 - 50013 - Changed configuration
	Description : The current configuration has changed significantly. Some settings might have changed.
	Time        : 08:21:02.24

06.06.2024 08:45:29 - 41610 - OverCurrentHighVoltTray
	Description : 
	Time        : 09:49:30.13
	ActionType  : Undefined
	MachineMode : Manu
	MachineState: Active
	Object      : Gesim.GsHighVoltTray(HighVoltTray)
	PLC Object  : FB_HighVoltTray
	PLC Action  : UNDEFIEND
	PLC AState  : 0

06.06.2024 08:56:55 - 41610 - OverCurrentHighVoltTray
	Description : 
	Time        : 10:00:56.12
	ActionType  : Undefined
	MachineMode : Manu
	MachineState: Active
	Object      : Gesim.GsHighVoltTray(HighVoltTray)
	PLC Object  : FB_HighVoltTray
	PLC Action  : UNDEFIEND
	PLC AState  : 0

06.06.2024 11:37:42 - 41995 - InvalidToolConfig
	Description : 
	Time        : 12:41:43.99
	ActionType  : Undefined
	MachineMode : Config
	MachineState: Active
	PLC Object  : FB_MultiZRef
	PLC Action  : A_SetConfig
	PLC AState  : 0

06.06.2024 11:37:43 - 41995 - InvalidToolConfig
	Description : 
	Time        : 12:41:44.00
	ActionType  : Undefined
	MachineMode : Config
	MachineState: Active
	PLC Object  : FB_Configuration
	PLC Action  : A_Activate
	PLC AState  : 0

06.06.2024 12:04:13 - 50013 - Changed configuration
	Description : The current configuration has changed significantly. Some settings might have changed.
	Time        : 12:04:13.44

06.06.2024 12:06:03 - 41597 - Device is not locked
	Description : 
	Time        : 13:10:04.99
	ActionType  : Undefined
	MachineMode : Auto
	MachineState: Running
	Object      : Gesim.GsExtruder(SyringeExtruder)
	PLC Object  : GCode
	PLC Action  : A_Start
	PLC AState  : 1

06.06.2024 12:06:17 - 42240 - InvalidToolNr
	Description : 
	Time        : 13:10:18.92
	ActionType  : Undefined
	MachineMode : Auto
	MachineState: Running
	PLC Object  : FB_HskMFunc
	PLC Action  : A_AssignRParamHeader
	PLC AState  : 1

06.06.2024 12:06:49 - 42247 - Scaffold Height Exceeded
	Description : Tool cannot move to all needed print positions (Z).
	Time        : 13:10:50.61
	ActionType  : Undefined
	MachineMode : Auto
	MachineState: Running
	Object      : Gesim.GsCartridgeDisp(Cartridge Dispenser (10ml))
	PLC Object  : FB_HskMFunc
	PLC Action  : A_AssignRParamHeader
	PLC AState  : 2

06.06.2024 12:08:12 - 41568 - Target position out of range - Z
	Description : Tool cannot move to target.
	Time        : 13:12:13.59
	ActionType  : Undefined
	MachineMode : Auto
	MachineState: Running
	PLC Object  : GCode
	PLC Action  : A_MoveZ
	PLC AState  : 0

06.06.2024 12:08:12 - 41568 - Target position out of range - Z
	Description : Tool cannot move to target.
	Time        : 13:12:13.59
	ActionType  : Undefined
	MachineMode : Auto
	MachineState: Running
	PLC Object  : GCode
	PLC Action  : A_MoveZ
	PLC AState  : 99

06.06.2024 12:49:57 - 41734 - Low position accuracy
	Description : Target not reached with required accuracy but motor has stopped - Internal error (7)
	Time        : 13:53:57.65
	ActionType  : MoveZ
	MachineMode : Auto
	MachineState: Running
	Object      : Gesim.GsExtruder(SyringeExtruder)
	PLC Object  : FB_MzTool
	PLC Action  : A_MoveZ
	PLC AState  : 0

06.06.2024 12:49:57 - 41734 - Low position accuracy
	Description : Target not reached with required accuracy but motor has stopped - Internal error (7)
	Time        : 13:53:57.65
	ActionType  : Undefined
	MachineMode : Auto
	MachineState: Running
	PLC Object  : GCode
	PLC Action  : A_MoveZ
	PLC AState  : 1

06.06.2024 12:56:25 - 41597 - Device is not locked
	Description : 
	Time        : 14:00:26.04
	ActionType  : Undefined
	MachineMode : Auto
	MachineState: Running
	Object      : Gesim.GsExtruder(SyringeExtruder)
	PLC Object  : GCode
	PLC Action  : A_Start
	PLC AState  : 1

06.06.2024 12:58:41 - 41749 - FollowingErrorZAxis
	Description : 
	Time        : 14:02:42.43
	ActionType  : MoveZ
	MachineMode : Auto
	MachineState: Running
	Object      : Gesim.GsExtruder(SyringeExtruder)
	PLC Object  : FB_MzTool
	PLC Action  : A_MoveZ
	PLC AState  : 0

06.06.2024 12:58:41 - 41749 - FollowingErrorZAxis
	Description : 
	Time        : 14:02:42.43
	ActionType  : Undefined
	MachineMode : Auto
	MachineState: Running
	PLC Object  : GCode
	PLC Action  : A_MoveZ
	PLC AState  : 1

06.06.2024 13:19:47 - 41749 - FollowingErrorZAxis
	Description : 
	Time        : 14:23:48.10
	ActionType  : MoveZ
	MachineMode : Auto
	MachineState: Running
	Object      : Gesim.GsExtruder(SyringeExtruder)
	PLC Object  : FB_MzTool
	PLC Action  : A_MoveZ
	PLC AState  : 0

06.06.2024 13:19:47 - 41749 - FollowingErrorZAxis
	Description : 
	Time        : 14:23:48.10
	ActionType  : Undefined
	MachineMode : Auto
	MachineState: Running
	PLC Object  : GCode
	PLC Action  : A_MoveZ
	PLC AState  : 1

06.06.2024 13:41:41 - 50013 - Changed configuration
	Description : The current configuration has changed significantly. Some settings might have changed.
	Time        : 13:41:41.32

06.06.2024 13:42:13 - 41749 - FollowingErrorZAxis
	Description : 
	Time        : 14:46:14.30
	ActionType  : MoveZ
	MachineMode : Auto
	MachineState: Running
	Object      : Gesim.GsTwinExtruder(Twin Syringe-Extruder)
	PLC Object  : FB_MzTool
	PLC Action  : A_MoveZ
	PLC AState  : 0

06.06.2024 13:42:13 - 41749 - FollowingErrorZAxis
	Description : 
	Time        : 14:46:14.30
	ActionType  : Undefined
	MachineMode : Auto
	MachineState: Running
	PLC Object  : GCode
	PLC Action  : A_MoveZ
	PLC AState  : 1

06.06.2024 13:42:48 - 41749 - FollowingErrorZAxis
	Description : 
	Time        : 14:46:48.59
	ActionType  : MoveZ
	MachineMode : Auto
	MachineState: Running
	Object      : Gesim.GsTwinExtruder(Twin Syringe-Extruder)
	PLC Object  : FB_MzTool
	PLC Action  : A_MoveZ
	PLC AState  : 0

06.06.2024 13:42:48 - 41749 - FollowingErrorZAxis
	Description : 
	Time        : 14:46:48.59
	ActionType  : Undefined
	MachineMode : Auto
	MachineState: Running
	PLC Object  : GCode
	PLC Action  : A_MoveZ
	PLC AState  : 1

06.06.2024 13:43:22 - 41734 - Low position accuracy
	Description : Target not reached with required accuracy but motor has stopped - Internal error (7)
	Time        : 14:47:23.18
	ActionType  : MoveZ
	MachineMode : Auto
	MachineState: Running
	Object      : Gesim.GsTwinExtruder(Twin Syringe-Extruder)
	PLC Object  : FB_MzTool
	PLC Action  : A_MoveZ
	PLC AState  : 0

06.06.2024 13:43:22 - 41734 - Low position accuracy
	Description : Target not reached with required accuracy but motor has stopped - Internal error (7)
	Time        : 14:47:23.18
	ActionType  : Undefined
	MachineMode : Auto
	MachineState: Running
	PLC Object  : GCode
	PLC Action  : A_MoveZ
	PLC AState  : 1

06.06.2024 13:44:16 - 41491 - Device not initialized
	Description : 
	Time        : 14:48:16.99
	ActionType  : MoveZ
	MachineMode : Manu
	MachineState: Active
	Object      : Gesim.GsHead(Head)
	PLC Object  : FB_MzHead
	PLC Action  : A_MoveZ
	PLC AState  : 80

06.06.2024 13:44:16 - 41491 - Device not initialized
	Description : 
	Time        : 14:48:16.99
	ActionType  : Undefined
	MachineMode : Manu
	MachineState: Active
	Object      : Gesim.GsHead(Head)
	PLC Object  : GCode
	PLC Action  : A_Start
	PLC AState  : 2

06.06.2024 13:44:22 - 41749 - FollowingErrorZAxis
	Description : 
	Time        : 14:48:22.72
	ActionType  : MoveZ
	MachineMode : Manu
	MachineState: Active
	Object      : Gesim.GsTwinExtruder(Twin Syringe-Extruder)
	PLC Object  : FB_MzTool
	PLC Action  : A_MoveZ
	PLC AState  : 0

06.06.2024 13:44:22 - 41749 - FollowingErrorZAxis
	Description : 
	Time        : 14:48:22.72
	ActionType  : Undefined
	MachineMode : Manu
	MachineState: Active
	PLC Object  : GCode
	PLC Action  : A_MoveZ
	PLC AState  : 1

06.06.2024 13:45:09 - 41478 - Invalid state
	Description : Command can not be executed in this state.
	Time        : 13:45:09.95
	Command     : EXECUTE_ACTION
	Object      : Gesim.GsTwinExtruder(Twin Syringe-Extruder)
	Action      : Jog

06.06.2024 13:45:09 - 41478 - Invalid state
	Description : Command can not be executed in this state.
	Time        : 13:45:09.96
	Command     : EXECUTE_ACTION
	Object      : Gesim.GsTwinExtruder(Twin Syringe-Extruder)
	Action      : Jog

06.06.2024 13:45:09 - 41749 - FollowingErrorZAxis
	Description : 
	Time        : 14:49:10.52
	ActionType  : Jog
	MachineMode : Manu
	MachineState: Active
	Object      : Gesim.GsTwinExtruder(Twin Syringe-Extruder)
	PLC Object  : FB_MzTool
	PLC Action  : A_JogZ
	PLC AState  : 80

06.06.2024 13:45:16 - 41734 - Low position accuracy
	Description : Target not reached with required accuracy but motor has stopped - Internal error (7)
	Time        : 14:49:16.69
	ActionType  : Jog
	MachineMode : Manu
	MachineState: Active
	Object      : Gesim.GsTwinExtruder(Twin Syringe-Extruder)
	PLC Object  : FB_MzTool
	PLC Action  : A_JogZ
	PLC AState  : 80

06.06.2024 13:45:16 - 41473 - Invalid mode
	Description : Command cannot be executed in this mode.
	Time        : 13:45:16.19
	Command     : EXECUTE_ACTION
	Object      : Gesim.GsTwinExtruder(Twin Syringe-Extruder)
	Action      : Jog

06.06.2024 13:48:20 - 41734 - Low position accuracy
	Description : Target not reached with required accuracy but motor has stopped - Internal error (7)
	Time        : 14:52:21.34
	ActionType  : Jog
	MachineMode : Manu
	MachineState: Active
	Object      : Gesim.GsTwinExtruder(Twin Syringe-Extruder)
	PLC Object  : FB_MzTool
	PLC Action  : A_JogZ
	PLC AState  : 80

06.06.2024 13:48:20 - 41473 - Invalid mode
	Description : Command cannot be executed in this mode.
	Time        : 13:48:20.80
	Command     : EXECUTE_ACTION
	Object      : Gesim.GsTwinExtruder(Twin Syringe-Extruder)
	Action      : Jog

06.06.2024 14:02:52 - 16657 - Syntax error during loading
	Description : The NC has found a syntax error when loading an NC program.
	Time        : 15:06:52.45
	ActionType  : Undefined
	MachineMode : Auto
	MachineState: Running
	Object      : Gesim.GsHead(Head)
	PLC Object  : GCode
	PLC Action  : A_Load
	PLC AState  : 2

06.06.2024 14:21:07 - 41474 - Mode change impossible
	Description : Mode can only be changed in state "idle".
	Time        : 14:21:07.23
	Command     : CHANGE_MODE

06.06.2024 14:21:10 - 41473 - Invalid mode
	Description : Command cannot be executed in this mode.
	Time        : 14:21:10.26
	Command     : WRITE_HW_PROP
	Comment     : ModulId: 65537 PropType: WorkplateDim Value: 754000

07.06.2024 11:20:16 - 50013 - Changed configuration
	Description : The current configuration has changed significantly. Some settings might have changed.
	Time        : 11:20:16.07

07.06.2024 11:20:49 - 41613 - PressureSupply
	Description : 
	Time        : 12:24:50.02
	ActionType  : Undefined
	MachineMode : Manu
	MachineState: Active
	Object      : Gesim.GsCartridgeDisp(Cartridge Dispenser (10ml))
	PLC Object  : FB_HskMFunc
	PLC Action  : A_SetPrintParams
	PLC AState  : 0

07.06.2024 13:24:36 - 50005 - Connection error
	Description : The connection to the device could not be established.
	Time        : 13:24:36.81
	Exception   : System.InvalidOperationException: Dieser BackgroundWorker ist derzeit ausgelastet und kann nicht mehrere Aufgaben gleichzeitig ausführen.
   bei Gesim.GsMachine.Connect(String routeName, Boolean record, Boolean withoutActivation)
   bei GesimRobotics.ViewModels.Dialogs.DebugMenuDialog.connect()

07.06.2024 14:30:03 - 41995 - InvalidToolConfig
	Description : 
	Time        : 15:34:06.16
	ActionType  : Undefined
	MachineMode : Config
	MachineState: Active
	PLC Object  : FB_MultiZRef
	PLC Action  : A_SetConfig
	PLC AState  : 0

07.06.2024 14:30:03 - 41995 - InvalidToolConfig
	Description : 
	Time        : 15:34:06.17
	ActionType  : Undefined
	MachineMode : Config
	MachineState: Active
	PLC Object  : FB_Configuration
	PLC Action  : A_Activate
	PLC AState  : 0

07.06.2024 14:30:22 - 41995 - InvalidToolConfig
	Description : 
	Time        : 15:34:06.17
	ActionType  : Undefined
	MachineMode : Config
	MachineState: Active
	PLC Object  : FB_Configuration
	PLC Action  : A_Activate
	PLC AState  : 0

11.06.2024 10:09:34 - 41473 - Invalid mode
	Description : Command cannot be executed in this mode.
	Time        : 10:09:34.28
	Command     : EXECUTE_ACTION
	Object      : Gesim.GsCartridgeHolder(CartridgeHolder (Internal Cooler))
	Action      : Tempering->On->4°C

11.06.2024 10:38:28 - 41995 - InvalidToolConfig
	Description : 
	Time        : 11:42:34.34
	ActionType  : Undefined
	MachineMode : Config
	MachineState: Active
	PLC Object  : FB_MultiZRef
	PLC Action  : A_SetConfig
	PLC AState  : 0

11.06.2024 10:38:28 - 41995 - InvalidToolConfig
	Description : 
	Time        : 11:42:34.35
	ActionType  : Undefined
	MachineMode : Config
	MachineState: Active
	PLC Object  : FB_Configuration
	PLC Action  : A_Activate
	PLC AState  : 0

11.06.2024 10:40:34 - 41596 - Device already unlocked
	Description : 
	Time        : 10:40:34.36
	Command     : EXECUTE_ACTION
	Object      : Gesim.GsExtruder(SyringeExtruder Right)
	Action      : Lock

11.06.2024 10:44:59 - 41473 - Invalid mode
	Description : Command cannot be executed in this mode.
	Time        : 10:44:59.24
	Command     : EXECUTE_ACTION
	Object      : Gesim.GsCartridgeHolder(CartridgeHolder (Internal Cooler))
	Action      : Tempering->On->80°C

11.06.2024 11:08:26 - 41596 - Device already unlocked
	Description : 
	Time        : 11:08:26.51
	Command     : EXECUTE_ACTION
	Object      : Gesim.GsExtruder(SyringeExtruder Right)
	Action      : Lock

11.06.2024 11:25:06 - 41734 - Low position accuracy
	Description : Target not reached with required accuracy but motor has stopped - Internal error (7)
	Time        : 12:29:11.68
	ActionType  : MoveZ
	MachineMode : Manu
	MachineState: Active
	Object      : Gesim.GsTwinExtruder(Twin Syringe-Extruder)
	PLC Object  : FB_MzTool
	PLC Action  : A_MoveZ
	PLC AState  : 0

11.06.2024 13:41:38 - 41503 - Configuration not activated
	Description : 
	Time        : 13:41:38.22
	Command     : CHANGE_MODE

11.06.2024 14:25:19 - 41995 - InvalidToolConfig
	Description : 
	Time        : 15:29:25.78
	ActionType  : Undefined
	MachineMode : Config
	MachineState: Active
	PLC Object  : FB_MultiZRef
	PLC Action  : A_SetConfig
	PLC AState  : 0

11.06.2024 14:25:19 - 41995 - InvalidToolConfig
	Description : 
	Time        : 15:29:25.79
	ActionType  : Undefined
	MachineMode : Config
	MachineState: Active
	PLC Object  : FB_Configuration
	PLC Action  : A_Activate
	PLC AState  : 0

11.06.2024 14:25:23 - 41995 - InvalidToolConfig
	Description : 
	Time        : 15:29:29.68
	ActionType  : Undefined
	MachineMode : Config
	MachineState: Active
	PLC Object  : FB_MultiZRef
	PLC Action  : A_SetConfig
	PLC AState  : 0

11.06.2024 14:25:23 - 41995 - InvalidToolConfig
	Description : 
	Time        : 15:29:29.69
	ActionType  : Undefined
	MachineMode : Config
	MachineState: Active
	PLC Object  : FB_Configuration
	PLC Action  : A_Activate
	PLC AState  : 0

11.06.2024 14:26:19 - 41995 - InvalidToolConfig
	Description : 
	Time        : 15:29:29.69
	ActionType  : Undefined
	MachineMode : Config
	MachineState: Active
	PLC Object  : FB_Configuration
	PLC Action  : A_Activate
	PLC AState  : 0

12.06.2024 12:16:43 - 50013 - Changed configuration
	Description : The current configuration has changed significantly. Some settings might have changed.
	Time        : 12:16:43.40

13.06.2024 12:13:46 - 42497 - Node not found
	Description : The CANopen node could not be found.
	Time        : 13:17:25.40
	ActionType  : Undefined
	MachineMode : Config
	MachineState: Idle
	PLC Object  : ScanHwModules
	PLC Action  : UNDEFIEND
	PLC AState  : 11

13.06.2024 12:17:27 - 41728 - No Z-axis
	Description : Z-axis is not available - Internal error (1)
	Time        : 13:21:35.57
	ActionType  : Undefined
	MachineMode : Config
	MachineState: Active
	PLC Object  : FB_MultiZRef
	PLC Action  : A_SetConfig
	PLC AState  : 0

13.06.2024 12:17:27 - 41728 - No Z-axis
	Description : Z-axis is not available - Internal error (1)
	Time        : 13:21:35.58
	ActionType  : Undefined
	MachineMode : Config
	MachineState: Active
	PLC Object  : FB_Configuration
	PLC Action  : A_Activate
	PLC AState  : 0

13.06.2024 12:17:39 - 41728 - No Z-axis
	Description : Z-axis is not available - Internal error (1)
	Time        : 13:21:47.52
	ActionType  : Undefined
	MachineMode : Config
	MachineState: Active
	PLC Object  : FB_MultiZRef
	PLC Action  : A_SetConfig
	PLC AState  : 0

13.06.2024 12:17:39 - 41728 - No Z-axis
	Description : Z-axis is not available - Internal error (1)
	Time        : 13:21:47.53
	ActionType  : Undefined
	MachineMode : Config
	MachineState: Active
	PLC Object  : FB_Configuration
	PLC Action  : A_Activate
	PLC AState  : 0

13.06.2024 12:21:30 - 41728 - No Z-axis
	Description : Z-axis is not available - Internal error (1)
	Time        : 13:25:38.36
	ActionType  : Undefined
	MachineMode : Config
	MachineState: Active
	PLC Object  : FB_Configuration
	PLC Action  : A_Activate
	PLC AState  : 0

13.06.2024 13:30:24 - 41556 - Head not in free Z-pos.
	Description : 
	Time        : 14:34:32.82
	ActionType  : InitDevices
	MachineMode : Init
	MachineState: Active
	Object      : Gesim.GsHead(Head)
	PLC Object  : FB_MzHead
	PLC Action  : A_Init
	PLC AState  : 3

13.06.2024 13:30:32 - 41556 - Head not in free Z-pos.
	Description : 
	Time        : 14:34:40.70
	ActionType  : InitDevices
	MachineMode : Init
	MachineState: Active
	Object      : Gesim.GsHead(Head)
	PLC Object  : FB_MzHead
	PLC Action  : A_Init
	PLC AState  : 3

13.06.2024 13:43:19 - 19209 - Unexpected error
	Description : An unexpected error has occurred.
	Time        : 14:47:27.60
	ActionType  : Undefined
	MachineMode : Init
	MachineState: Active
	PLC Object  : UNDEFIEND
	PLC Action  : UNDEFIEND
	PLC AState  : 0

13.06.2024 13:43:19 - 19209 - Unexpected error
	Description : An unexpected error has occurred.
	Time        : 14:47:27.74
	ActionType  : InitDevices
	MachineMode : Init
	MachineState: Active
	Object      : Gesim.GsHead(Head)
	PLC Object  : FB_MzHead
	PLC Action  : A_Init
	PLC AState  : 40

13.06.2024 13:43:53 - 50005 - Connection error
	Description : The connection to the device could not be established.
	Time        : 13:43:53.06
	Exception   : System.InvalidOperationException: Dieser BackgroundWorker ist derzeit ausgelastet und kann nicht mehrere Aufgaben gleichzeitig ausführen.
   bei Gesim.GsMachine.Connect(String routeName, Boolean record, Boolean withoutActivation)
   bei GesimRobotics.ViewModels.Dialogs.DebugMenuDialog.connect()

30.07.2024 08:45:18 - 41519 - Timeout
	Description : Internal error
	Time        : 09:48:21.46
	ActionType  : InitDevices
	MachineMode : Init
	MachineState: Active
	Object      : Gesim.GsStampSupport(StampSupport_Gen2)
	PLC Object  : FB_StampSupport
	PLC Action  : A_InitSpec
	PLC AState  : 2

30.07.2024 10:06:46 - 41519 - Timeout
	Description : Internal error
	Time        : 11:09:48.66
	ActionType  : InitDevices
	MachineMode : Init
	MachineState: Active
	Object      : Gesim.GsStampSupport(StampSupport_Gen2)
	PLC Object  : FB_StampSupport
	PLC Action  : A_InitSpec
	PLC AState  : 2

30.07.2024 10:36:15 -  1864 - ADS port not opened
	Description : Internal error
	Time        : 10:36:15.61
	Command     : CHANGE_MODE

30.07.2024 10:47:09 - 41473 - Invalid mode
	Description : Command cannot be executed in this mode.
	Time        : 10:47:09.48
	Command     : EXECUTE_ACTION
	Object      : Gesim.GsSubstHolder(SingleSubstrateHeater)
	Action      : Heating->On->100°C

30.07.2024 10:58:16 - 41503 - Configuration not activated
	Description : 
	Time        : 10:58:16.04
	Command     : CHANGE_MODE

30.07.2024 10:58:39 - 50005 - Connection error
	Description : The connection to the device could not be established.
	Time        : 10:58:39.26
	Exception   : System.InvalidOperationException: Dieser BackgroundWorker ist derzeit ausgelastet und kann nicht mehrere Aufgaben gleichzeitig ausführen.
   bei Gesim.GsMachine.Connect(String routeName, Boolean record, Boolean withoutActivation)
   bei GesimRobotics.ViewModels.Dialogs.DebugMenuDialog.connect()

30.07.2024 12:03:01 - 41617 - Sensor already switched
	Description : 
	Time        : 12:03:01.49
	Command     : EXECUTE_ACTION
	Object      : Gesim.GsStampSupport(StampSupport_Gen2)
	Action      : MeasureTool->Rack Stamp (3x)

30.07.2024 12:04:58 - 41617 - Sensor already switched
	Description : 
	Time        : 12:04:58.83
	Command     : EXECUTE_ACTION
	Object      : Gesim.GsStampSupport(StampSupport_Gen2)
	Action      : MeasureTool->Rack Stamp (3x)

30.07.2024 12:17:24 - 41473 - Invalid mode
	Description : Command cannot be executed in this mode.
	Time        : 12:17:24.51
	Command     : EXECUTE_ACTION
	Object      : Gesim.GsStampSupport(StampSupport_Gen2)
	Action      : MeasureTool->Rack Stamp (3x)

30.07.2024 12:19:53 - 41617 - Sensor already switched
	Description : 
	Time        : 12:19:53.63
	Command     : EXECUTE_ACTION
	Object      : Gesim.GsStampSupport(StampSupport_Gen2)
	Action      : MeasureTool->Rack Stamp (3x)

30.07.2024 12:20:01 - 41617 - Sensor already switched
	Description : 
	Time        : 12:20:01.65
	Command     : EXECUTE_ACTION
	Object      : Gesim.GsStampSupport(StampSupport_Gen2)
	Action      : MeasureTool->Rack Stamp (3x)

30.07.2024 13:05:58 - 41617 - Sensor already switched
	Description : 
	Time        : 13:05:58.99
	Command     : EXECUTE_ACTION
	Object      : Gesim.GsStampSupport(StampSupport_Gen2)
	Action      : MeasureTool->SRack Stamp (3x)

30.07.2024 13:06:11 - 41617 - Sensor already switched
	Description : 
	Time        : 13:06:11.41
	Command     : EXECUTE_ACTION
	Object      : Gesim.GsStampSupport(StampSupport_Gen2)
	Action      : MeasureTool->SRack Stamp (3x)

30.07.2024 13:11:53 - 41473 - Invalid mode
	Description : Command cannot be executed in this mode.
	Time        : 13:11:53.37
	Command     : EXECUTE_ACTION
	Object      : Gesim.GsStampSupport(StampSupport_Gen2)
	Action      : MeasureTool->SRack Stamp (3x)

30.07.2024 13:14:38 - 41536 - No piece on tool
	Description : 
	Time        : 13:14:38.26
	Command     : EXECUTE_ACTION
	Object      : Gesim.GsStampSupport(StampSupport_Gen2)
	Action      : MeasureTool->SRack Stamp (3x)

31.07.2024 11:38:36 - 50017 - Could not edit configuration
	Description : The configuration could not be edited.
	Time        : 11:38:36.21
	Exception   : Gesim.ConfigException: Object: Point-Invalid mode
   bei Gesim.GsMachine.createGsObject(GsObject gsObject)
   bei Gesim.GsObjectDirectory.pasteObject(GsObject gsObject, GsObject parent, GsSlot slot, Int32 index)
   bei GesimRobotics.ViewModels.Objects.DisplayObject.addChild(GsObject obj)

31.07.2024 11:39:04 - 41535 - Z-Sensor not calibrated
	Description : 
	Time        : 12:42:08.48
	ActionType  : Measure
	MachineMode : Manu
	MachineState: Active
	Object      : Gesim.GsZSensor(ZSensor)
	PLC Object  : FB_ComplexAction
	PLC Action  : A_MeasureTarget
	PLC AState  : 0

31.07.2024 11:46:41 - 41539 - Piece already in slot
	Description : 
	Time        : 12:49:45.29
	ActionType  : ExchangePiece
	MachineMode : Manu
	MachineState: Active
	Object      : Gesim.GsStampSupport(StampSupport_Gen2)
	PLC Object  : FB_ComplexAction
	PLC Action  : A_ExchangeStamp
	PLC AState  : 3

31.07.2024 11:47:01 - 41734 - Low position accuracy
	Description : Target not reached with required accuracy but motor has stopped - Internal error (7)
	Time        : 12:50:04.88
	ActionType  : MoveZ
	MachineMode : Manu
	MachineState: Active
	Object      : Gesim.GsStampSupport(StampSupport_Gen2)
	PLC Object  : FB_MzTool
	PLC Action  : A_MoveZ
	PLC AState  : 0

31.07.2024 11:47:01 - 41734 - Low position accuracy
	Description : Target not reached with required accuracy but motor has stopped - Internal error (7)
	Time        : 12:50:04.89
	ActionType  : ExchangePiece
	MachineMode : Manu
	MachineState: Active
	Object      : Gesim.GsStampSupport(StampSupport_Gen2)
	PLC Object  : FB_ComplexAction
	PLC Action  : A_ExchangeStamp
	PLC AState  : 3

31.07.2024 11:48:39 - 41539 - Piece already in slot
	Description : 
	Time        : 12:51:43.18
	ActionType  : ExchangePiece
	MachineMode : Manu
	MachineState: Active
	Object      : Gesim.GsStampSupport(StampSupport_Gen2)
	PLC Object  : FB_ComplexAction
	PLC Action  : A_ExchangeStamp
	PLC AState  : 3

31.07.2024 11:53:17 - 41539 - Piece already in slot
	Description : 
	Time        : 12:56:21.49
	ActionType  : ExchangePiece
	MachineMode : Manu
	MachineState: Active
	Object      : Gesim.GsStampSupport(StampSupport_Gen2)
	PLC Object  : FB_ComplexAction
	PLC Action  : A_ExchangeStamp
	PLC AState  : 3

31.07.2024 11:53:27 - 41539 - Piece already in slot
	Description : 
	Time        : 12:56:31.09
	ActionType  : ExchangePiece
	MachineMode : Manu
	MachineState: Active
	Object      : Gesim.GsStampSupport(StampSupport_Gen2)
	PLC Object  : FB_ComplexAction
	PLC Action  : A_ExchangeStamp
	PLC AState  : 3

31.07.2024 11:59:25 - 41539 - Piece already in slot
	Description : 
	Time        : 13:02:29.11
	ActionType  : ExchangePiece
	MachineMode : Manu
	MachineState: Active
	Object      : Gesim.GsStampSupport(StampSupport_Gen2)
	PLC Object  : FB_ComplexAction
	PLC Action  : A_ExchangeStamp
	PLC AState  : 3

01.08.2024 10:40:44 - 41473 - Invalid mode
	Description : Command cannot be executed in this mode.
	Time        : 10:40:44.64
	Command     : EXECUTE_ACTION
	Object      : Gesim.GsCartridgeDisp(Cartridge Dispenser (10ml))
	Action      : Set Pressure->600 kPa

01.08.2024 13:38:57 - 41500 - Target position out of range - X
	Description : Tool cannot move to target.
	Time        : 13:38:57.79
	Command     : EXECUTE_ACTION
	Object      : Gesim.GsPiezoPip(PiezoPipette Nano (Heatable))
	Action      : Move to Target->7Point->Center

01.08.2024 13:40:24 - 41540 - Invalid stamp assignment
	Description : 
	Time        : 13:40:24.39
	Command     : EXECUTE_ACTION
	Object      : Gesim.GsStampSupport(StampSupport_Gen2)
	Action      : MoveToTarget->Rack Stamp (3x)->Slot 3

01.08.2024 13:40:51 - 41540 - Invalid stamp assignment
	Description : 
	Time        : 13:40:51.76
	Command     : EXECUTE_ACTION
	Object      : Gesim.GsStampSupport(StampSupport_Gen2)
	Action      : MoveToTarget->Rack Stamp (3x)->Slot 3

01.08.2024 13:41:01 - 41540 - Invalid stamp assignment
	Description : 
	Time        : 13:41:01.70
	Command     : EXECUTE_ACTION
	Object      : Gesim.GsStampSupport(StampSupport_Gen2)
	Action      : MoveToTarget->Rack Stamp (3x)->Slot 2

01.08.2024 13:41:12 - 41500 - Target position out of range - X
	Description : Tool cannot move to target.
	Time        : 13:41:12.87
	Command     : EXECUTE_ACTION
	Object      : Gesim.GsPiezoPip(PiezoPipette Nano (Heatable))
	Action      : Move to Target->7Point->Center

01.08.2024 13:41:30 - 41570 - Risk of crash: Jog
	Description : Can not jog fast in this area.
	Time        : 13:41:30.98
	Command     : EXECUTE_ACTION
	Object      : Gesim.GsHead(Head)
	Action      : Jog

01.08.2024 13:50:54 - 41500 - Target position out of range - X
	Description : Tool cannot move to target.
	Time        : 13:50:54.21
	Command     : EXECUTE_ACTION
	Object      : Gesim.GsPiezoPip(PiezoPipette Nano (Heatable))
	Action      : Move to Target->8Point->Center

01.08.2024 13:58:14 - 41478 - Invalid state
	Description : Command can not be executed in this state.
	Time        : 13:58:14.05
	Command     : EXECUTE_ACTION
	Object      : Gesim.GsStampSupport(StampSupport_Gen2)
	Action      : Set Vacuum->0 kPa

01.08.2024 13:59:05 - 41500 - Target position out of range - X
	Description : Tool cannot move to target.
	Time        : 13:59:05.25
	Command     : EXECUTE_ACTION
	Object      : Gesim.GsHead(Collimator)
	Action      : Move to Target->1Point->Center

01.08.2024 14:19:59 - 41547 - NoPieceDetermined
	Description : 
	Time        : 15:23:03.54
	ActionType  : Undefined
	MachineMode : Auto
	MachineState: Running
	PLC Object  : FB_Sequence
	PLC Action  : UNDEFIEND
	PLC AState  : 2

01.08.2024 14:29:47 - 41500 - Target position out of range - X
	Description : Tool cannot move to target.
	Time        : 15:32:50.94
	ActionType  : ActionOnArray
	MachineMode : Manu
	MachineState: Active
	Object      : Gesim.GsPiezoPip(PiezoPipette Nano (Heatable))
	PLC Object  : FB_ComplexAction
	PLC Action  : A_ActionOnArray
	PLC AState  : 2

02.08.2024 08:40:13 - 41568 - Target position out of range - Z
	Description : Tool cannot move to target.
	Time        : 09:43:14.07
	ActionType  : MoveZ
	MachineMode : Manu
	MachineState: Active
	Object      : Gesim.GsCartridgeDisp(Cartridge Dispenser (10ml))
	PLC Object  : FB_MzTool
	PLC Action  : A_MoveZ
	PLC AState  : 0

02.08.2024 08:40:43 - 41556 - Head not in free Z-pos.
	Description : 
	Time        : 09:43:44.52
	ActionType  : InitDevices
	MachineMode : Init
	MachineState: Active
	Object      : Gesim.GsHead(Head)
	PLC Object  : FB_MzHead
	PLC Action  : A_Init
	PLC AState  : 3

02.08.2024 08:40:53 - 41556 - Head not in free Z-pos.
	Description : 
	Time        : 09:43:54.36
	ActionType  : InitDevices
	MachineMode : Init
	MachineState: Active
	Object      : Gesim.GsHead(Head)
	PLC Object  : FB_MzHead
	PLC Action  : A_Init
	PLC AState  : 3

02.08.2024 08:40:56 - 41556 - Head not in free Z-pos.
	Description : 
	Time        : 09:43:57.56
	ActionType  : InitDevices
	MachineMode : Init
	MachineState: Active
	Object      : Gesim.GsHead(Head)
	PLC Object  : FB_MzHead
	PLC Action  : A_Init
	PLC AState  : 3

02.08.2024 08:41:09 - 41556 - Head not in free Z-pos.
	Description : 
	Time        : 09:44:09.78
	ActionType  : InitDevices
	MachineMode : Init
	MachineState: Active
	Object      : Gesim.GsHead(Head)
	PLC Object  : FB_MzHead
	PLC Action  : A_Init
	PLC AState  : 3

02.08.2024 08:41:38 - 41556 - Head not in free Z-pos.
	Description : 
	Time        : 09:44:38.88
	ActionType  : InitDevices
	MachineMode : Init
	MachineState: Active
	Object      : Gesim.GsHead(Head)
	PLC Object  : FB_MzHead
	PLC Action  : A_Init
	PLC AState  : 3

02.08.2024 08:42:55 - 41985 - TimeoutWaitSetpointAck
	Description : Internal error
	Time        : 09:45:55.76
	ActionType  : MoveZ
	MachineMode : Manu
	MachineState: Active
	Object      : Gesim.GsZSensor(ZSensor)
	PLC Object  : FB_MzTool
	PLC Action  : A_MoveZ
	PLC AState  : 0

02.08.2024 08:42:55 - 41985 - TimeoutWaitSetpointAck
	Description : Internal error
	Time        : 09:45:55.77
	ActionType  : CalibrateZSensor
	MachineMode : Manu
	MachineState: Active
	Object      : Gesim.GsZSensor(ZSensor)
	PLC Object  : FB_ComplexAction
	PLC Action  : A_CalibrateZSensor
	PLC AState  : 2

02.08.2024 08:47:20 - 41568 - Target position out of range - Z
	Description : Tool cannot move to target.
	Time        : 09:50:25.02
	ActionType  : MoveZ
	MachineMode : Manu
	MachineState: Active
	Object      : Gesim.GsCartridgeDisp(Cartridge Dispenser (10ml))
	PLC Object  : FB_MzTool
	PLC Action  : A_MoveZ
	PLC AState  : 0

02.08.2024 08:48:23 - 41568 - Target position out of range - Z
	Description : Tool cannot move to target.
	Time        : 09:51:27.51
	ActionType  : MoveZ
	MachineMode : Manu
	MachineState: Active
	Object      : Gesim.GsCartridgeDisp(Cartridge Dispenser (10ml))
	PLC Object  : FB_MzTool
	PLC Action  : A_MoveZ
	PLC AState  : 0

02.08.2024 09:45:42 - 41568 - Target position out of range - Z
	Description : Tool cannot move to target.
	Time        : 10:48:46.42
	ActionType  : MoveZ
	MachineMode : Manu
	MachineState: Active
	Object      : Gesim.GsCartridgeDisp(Cartridge Dispenser (10ml))
	PLC Object  : FB_MzTool
	PLC Action  : A_MoveZ
	PLC AState  : 0

02.08.2024 09:46:20 - 41069 - No nozzle on tool
	Description : A printing tool was configured without a nozzle.
	Time        : 10:49:24.69
	ActionType  : Undefined
	MachineMode : Config
	MachineState: Active
	Object      : Gesim.GsCartridgeDisp(Cartridge Dispenser (10ml))
	PLC Object  : UNDEFIEND
	PLC Action  : UNDEFIEND
	PLC AState  : 0

02.08.2024 09:46:25 - 41069 - No nozzle on tool
	Description : A printing tool was configured without a nozzle.
	Time        : 10:49:29.75
	ActionType  : Undefined
	MachineMode : Config
	MachineState: Active
	Object      : Gesim.GsCartridgeDisp(Cartridge Dispenser (10ml))
	PLC Object  : UNDEFIEND
	PLC Action  : UNDEFIEND
	PLC AState  : 0

02.08.2024 09:46:28 - 41069 - No nozzle on tool
	Description : A printing tool was configured without a nozzle.
	Time        : 10:49:33.01
	ActionType  : Undefined
	MachineMode : Config
	MachineState: Active
	Object      : Gesim.GsCartridgeDisp(Cartridge Dispenser (10ml))
	PLC Object  : UNDEFIEND
	PLC Action  : UNDEFIEND
	PLC AState  : 0

02.08.2024 09:47:02 - 41069 - No nozzle on tool
	Description : A printing tool was configured without a nozzle.
	Time        : 10:49:33.01
	ActionType  : Undefined
	MachineMode : Config
	MachineState: Active
	Object      : Gesim.GsCartridgeDisp()
	PLC Object  : UNDEFIEND
	PLC Action  : UNDEFIEND
	PLC AState  : 0

02.08.2024 10:38:06 - 41568 - Target position out of range - Z
	Description : Tool cannot move to target.
	Time        : 11:41:10.14
	ActionType  : MoveZ
	MachineMode : Manu
	MachineState: Active
	Object      : Gesim.GsCartridgeDisp(Cartridge Dispenser (10ml))
	PLC Object  : FB_MzTool
	PLC Action  : A_MoveZ
	PLC AState  : 0

02.08.2024 11:50:35 - 41556 - Head not in free Z-pos.
	Description : 
	Time        : 12:53:40.30
	ActionType  : InitDevices
	MachineMode : Init
	MachineState: Active
	Object      : Gesim.GsHead(Head)
	PLC Object  : FB_MzHead
	PLC Action  : A_Init
	PLC AState  : 3

02.08.2024 12:06:51 - 41491 - Device not initialized
	Description : 
	Time        : 13:09:55.78
	ActionType  : MoveZ
	MachineMode : Auto
	MachineState: Running
	Object      : Gesim.GsHead(Head)
	PLC Object  : FB_MzHead
	PLC Action  : A_MoveZ
	PLC AState  : 80

02.08.2024 12:06:51 - 41491 - Device not initialized
	Description : 
	Time        : 13:09:55.78
	ActionType  : Undefined
	MachineMode : Auto
	MachineState: Running
	Object      : Gesim.GsHead(Head)
	PLC Object  : GCode
	PLC Action  : A_Start
	PLC AState  : 2

02.08.2024 12:07:01 - 42240 - InvalidToolNr
	Description : 
	Time        : 13:10:05.65
	ActionType  : Undefined
	MachineMode : Auto
	MachineState: Running
	PLC Object  : FB_HskMFunc
	PLC Action  : A_AssignRParamHeader
	PLC AState  : 1

02.08.2024 12:07:53 - 42247 - Scaffold Height Exceeded
	Description : Tool cannot move to all needed print positions (Z).
	Time        : 13:10:57.63
	ActionType  : Undefined
	MachineMode : Auto
	MachineState: Running
	Object      : Gesim.GsCartridgeDisp(Cartridge Dispenser (10ml))
	PLC Object  : FB_HskMFunc
	PLC Action  : A_AssignRParamHeader
	PLC AState  : 2

02.08.2024 12:08:22 - 42240 - InvalidToolNr
	Description : 
	Time        : 13:11:27.25
	ActionType  : Undefined
	MachineMode : Auto
	MachineState: Running
	Object      : Gesim.GsCartridgeDisp(Cartridge Dispenser (10ml))
	PLC Object  : FB_HskMFunc
	PLC Action  : A_SelectTool
	PLC AState  : 0

02.08.2024 12:08:37 - 42240 - InvalidToolNr
	Description : 
	Time        : 13:11:41.92
	ActionType  : Undefined
	MachineMode : Auto
	MachineState: Running
	Object      : Gesim.GsCartridgeDisp(Cartridge Dispenser (10ml))
	PLC Object  : FB_HskMFunc
	PLC Action  : A_SelectTool
	PLC AState  : 0

02.08.2024 12:09:57 - 17085 - Limit exceeded
	Description : NC-Block violates software limit switches of the group.
	Time        : 13:13:01.94
	ActionType  : Undefined
	MachineMode : Auto
	MachineState: Running
	Object      : Gesim.GsHead(Head)
	PLC Object  : GCode
	PLC Action  : A_Run
	PLC AState  : 20

02.08.2024 12:11:30 - 17085 - Limit exceeded
	Description : NC-Block violates software limit switches of the group.
	Time        : 13:14:35.53
	ActionType  : Undefined
	MachineMode : Auto
	MachineState: Running
	Object      : Gesim.GsHead(Head)
	PLC Object  : GCode
	PLC Action  : A_Run
	PLC AState  : 20

02.08.2024 13:05:59 - 41525 - System fluid bottle empty
	Description : 
	Time        : 13:05:59.43
	Command     : EXECUTE_ACTION
	Object      : Gesim.GsPiezoPip(PiezoPipette Nano)
	Action      : Dispense->10 µl->10 µl/s

02.08.2024 13:06:05 - 41525 - System fluid bottle empty
	Description : 
	Time        : 13:06:05.41
	Command     : EXECUTE_ACTION
	Object      : Gesim.GsPiezoPip(PiezoPipette Nano)
	Action      : Aspirate->10 µl->10 µl/s

02.08.2024 13:44:40 - 41568 - Target position out of range - Z
	Description : Tool cannot move to target.
	Time        : 14:47:44.63
	ActionType  : MoveZ
	MachineMode : Manu
	MachineState: Active
	Object      : Gesim.GsPassivePip(PassivePipette (LuerLock))
	PLC Object  : FB_MzTool
	PLC Action  : A_MoveZ
	PLC AState  : 0

02.08.2024 13:44:40 - 41568 - Target position out of range - Z
	Description : Tool cannot move to target.
	Time        : 14:47:44.64
	ActionType  : WashTool
	MachineMode : Manu
	MachineState: Active
	Object      : Gesim.GsPassivePip(PassivePipette (LuerLock))
	PLC Object  : FB_ComplexAction
	PLC Action  : A_WashTool
	PLC AState  : 1

02.08.2024 13:45:24 - 41568 - Target position out of range - Z
	Description : Tool cannot move to target.
	Time        : 14:48:28.29
	ActionType  : MoveZ
	MachineMode : Manu
	MachineState: Active
	Object      : Gesim.GsPassivePip(PassivePipette (LuerLock))
	PLC Object  : FB_MzTool
	PLC Action  : A_MoveZ
	PLC AState  : 0

02.08.2024 13:45:24 - 41568 - Target position out of range - Z
	Description : Tool cannot move to target.
	Time        : 14:48:28.30
	ActionType  : Measure
	MachineMode : Manu
	MachineState: Active
	Object      : Gesim.GsPassivePip(PassivePipette (LuerLock))
	PLC Object  : FB_ComplexAction
	PLC Action  : A_MeasureTool
	PLC AState  : 21

02.08.2024 13:46:04 - 41568 - Target position out of range - Z
	Description : Tool cannot move to target.
	Time        : 14:49:08.49
	ActionType  : MoveZ
	MachineMode : Manu
	MachineState: Active
	Object      : Gesim.GsPassivePip(PassivePipette (LuerLock))
	PLC Object  : FB_MzTool
	PLC Action  : A_MoveZ
	PLC AState  : 0

02.08.2024 13:46:04 - 41568 - Target position out of range - Z
	Description : Tool cannot move to target.
	Time        : 14:49:08.50
	ActionType  : Measure
	MachineMode : Manu
	MachineState: Active
	Object      : Gesim.GsPassivePip(PassivePipette (LuerLock))
	PLC Object  : FB_ComplexAction
	PLC Action  : A_MeasureTool
	PLC AState  : 21

02.08.2024 13:46:59 - 41568 - Target position out of range - Z
	Description : Tool cannot move to target.
	Time        : 14:50:03.62
	ActionType  : MoveZ
	MachineMode : Manu
	MachineState: Active
	Object      : Gesim.GsPassivePip(PassivePipette (LuerLock))
	PLC Object  : FB_MzTool
	PLC Action  : A_MoveZ
	PLC AState  : 0

02.08.2024 13:46:59 - 41568 - Target position out of range - Z
	Description : Tool cannot move to target.
	Time        : 14:50:03.63
	ActionType  : MoveToTarget
	MachineMode : Manu
	MachineState: Active
	Object      : Gesim.GsPassivePip(PassivePipette (LuerLock))
	PLC Object  : FB_ComplexAction
	PLC Action  : A_MoveToTarget
	PLC AState  : 0

02.08.2024 13:47:26 - 41568 - Target position out of range - Z
	Description : Tool cannot move to target.
	Time        : 14:50:30.28
	ActionType  : MoveZ
	MachineMode : Manu
	MachineState: Active
	Object      : Gesim.GsPassivePip(PassivePipette (LuerLock))
	PLC Object  : FB_MzTool
	PLC Action  : A_MoveZ
	PLC AState  : 0

02.08.2024 13:47:26 - 41568 - Target position out of range - Z
	Description : Tool cannot move to target.
	Time        : 14:50:30.29
	ActionType  : MoveToTarget
	MachineMode : Manu
	MachineState: Active
	Object      : Gesim.GsPassivePip(PassivePipette (LuerLock))
	PLC Object  : FB_ComplexAction
	PLC Action  : A_MoveToTarget
	PLC AState  : 0

02.08.2024 13:47:44 - 41568 - Target position out of range - Z
	Description : Tool cannot move to target.
	Time        : 14:50:48.85
	ActionType  : MoveZ
	MachineMode : Manu
	MachineState: Active
	Object      : Gesim.GsPassivePip(PassivePipette (LuerLock))
	PLC Object  : FB_MzTool
	PLC Action  : A_MoveZ
	PLC AState  : 0

02.08.2024 13:47:44 - 41568 - Target position out of range - Z
	Description : Tool cannot move to target.
	Time        : 14:50:48.86
	ActionType  : MoveToTarget
	MachineMode : Manu
	MachineState: Active
	Object      : Gesim.GsPassivePip(PassivePipette (LuerLock))
	PLC Object  : FB_ComplexAction
	PLC Action  : A_MoveToTarget
	PLC AState  : 0

02.08.2024 13:51:03 - 41526 - Waste bottle full
	Description : 
	Time        : 13:51:03.22
	Command     : EXECUTE_ACTION
	Object      : Gesim.GsPassivePip(PassivePipette)
	Action      : Wash->Washpoint 1->WashOutside->1 s

02.08.2024 13:51:16 - 41519 - Timeout
	Description : Internal error
	Time        : 14:54:20.77
	ActionType  : Rinse
	MachineMode : Manu
	MachineState: Active
	Object      : Gesim.GsTipCalibrator(TipCalibrator)
	PLC Object  : FB_WashStation
	PLC Action  : A_Rinse
	PLC AState  : 2

02.08.2024 13:51:28 - 41473 - Invalid mode
	Description : Command cannot be executed in this mode.
	Time        : 13:51:28.96
	Command     : EXECUTE_ACTION
	Object      : Gesim.GsPassivePip(PassivePipette)
	Action      : Wash->Washpoint 1->WashOutside->1 s

02.08.2024 13:51:59 - 41519 - Timeout
	Description : Internal error
	Time        : 14:55:03.52
	ActionType  : Rinse
	MachineMode : Manu
	MachineState: Active
	Object      : Gesim.GsTipCalibrator(TipCalibrator)
	PLC Object  : FB_WashStation
	PLC Action  : A_Rinse
	PLC AState  : 2

02.08.2024 13:54:11 - 41511 - Z-Sensor not mounted
	Description : A measurement was attempted without mounted Z-Sensor.
	Time        : 13:54:11.03
	Command     : EXECUTE_ACTION
	Object      : Gesim.GsZSensor(ZSensor)
	Action      : Calibrate Z-Sensor

02.08.2024 13:54:26 - 41623 - Calibration point has an offset
	Description : 
	Time        : 13:54:26.49
	Command     : EXECUTE_ACTION
	Object      : Gesim.GsZSensor(ZSensor)
	Action      : Calibrate Z-Sensor

02.08.2024 13:55:12 - 41568 - Target position out of range - Z
	Description : Tool cannot move to target.
	Time        : 14:58:16.30
	ActionType  : MoveZ
	MachineMode : Manu
	MachineState: Active
	Object      : Gesim.GsCartridgeDisp(Cartridge Dispenser (10ml))
	PLC Object  : FB_MzTool
	PLC Action  : A_MoveZ
	PLC AState  : 0

06.08.2024 09:41:34 - 41473 - Invalid mode
	Description : Command cannot be executed in this mode.
	Time        : 09:41:34.06
	Command     : EXECUTE_ACTION
	Object      : Gesim.GsSubstHolder(SingleSubstrateHolder)
	Action      : Heating->On->20°C

06.08.2024 11:30:31 - 41568 - Target position out of range - Z
	Description : Tool cannot move to target.
	Time        : 12:33:38.86
	ActionType  : MoveZ
	MachineMode : Manu
	MachineState: Active
	Object      : Gesim.GsCartridgeDisp(Cartridge Dispenser (10ml))
	PLC Object  : FB_MzTool
	PLC Action  : A_MoveZ
	PLC AState  : 0

06.08.2024 11:56:30 - 41473 - Invalid mode
	Description : Command cannot be executed in this mode.
	Time        : 11:56:30.04
	Command     : EXECUTE_ACTION
	Object      : Gesim.GsPassivePip(PassivePipette)
	Action      : Wash->Washpoint 2->WashOutside->5 s

06.08.2024 11:56:38 - 41473 - Invalid mode
	Description : Command cannot be executed in this mode.
	Time        : 11:56:38.92
	Command     : EXECUTE_ACTION
	Object      : Gesim.GsPassivePip(PassivePipette)
	Action      : Wash->Washpoint 1->WashOutside->5 s

06.08.2024 11:56:56 - 41473 - Invalid mode
	Description : Command cannot be executed in this mode.
	Time        : 11:56:56.14
	Command     : EXECUTE_ACTION
	Object      : Gesim.GsPassivePip(PassivePipette)
	Action      : Wash->Washpoint 1->WashInOutside->10 µl->10 µl/s->5 s

06.08.2024 11:59:37 - 41502 - Pipet move with Z-Sensor
	Description : The pipet cannot move with Z-Sensor mounted.
	Time        : 13:02:44.94
	ActionType  : WashTool
	MachineMode : Manu
	MachineState: Active
	PLC Object  : FB_ComplexAction
	PLC Action  : A_WashTool
	PLC AState  : 1

06.08.2024 12:00:06 - 41502 - Pipet move with Z-Sensor
	Description : The pipet cannot move with Z-Sensor mounted.
	Time        : 13:03:13.88
	ActionType  : WashTool
	MachineMode : Manu
	MachineState: Active
	PLC Object  : FB_ComplexAction
	PLC Action  : A_WashTool
	PLC AState  : 1

07.08.2024 11:37:06 - 41995 - InvalidToolConfig
	Description : 
	Time        : 12:40:13.75
	ActionType  : Undefined
	MachineMode : Config
	MachineState: Active
	PLC Object  : FB_MultiZRef
	PLC Action  : A_SetConfig
	PLC AState  : 0

07.08.2024 11:37:06 - 41995 - InvalidToolConfig
	Description : 
	Time        : 12:40:13.76
	ActionType  : Undefined
	MachineMode : Config
	MachineState: Active
	PLC Object  : FB_Configuration
	PLC Action  : A_Activate
	PLC AState  : 0

07.08.2024 11:37:11 - 41995 - InvalidToolConfig
	Description : 
	Time        : 12:40:18.16
	ActionType  : Undefined
	MachineMode : Config
	MachineState: Active
	PLC Object  : FB_MultiZRef
	PLC Action  : A_SetConfig
	PLC AState  : 0

07.08.2024 11:37:11 - 41995 - InvalidToolConfig
	Description : 
	Time        : 12:40:18.17
	ActionType  : Undefined
	MachineMode : Config
	MachineState: Active
	PLC Object  : FB_Configuration
	PLC Action  : A_Activate
	PLC AState  : 0

07.08.2024 11:37:18 - 41995 - InvalidToolConfig
	Description : 
	Time        : 12:40:18.17
	ActionType  : Undefined
	MachineMode : Config
	MachineState: Active
	PLC Object  : FB_Configuration
	PLC Action  : A_Activate
	PLC AState  : 0

08.08.2024 13:13:14 - 40996 - Not a device
	Description : 
	Time        : 13:13:14.04
	Command     : EXECUTE_ACTION
	Object      : Gesim.GsHead(Head)
	Action      : Jog

08.08.2024 13:13:14 - 40996 - Not a device
	Description : 
	Time        : 13:13:14.06
	Command     : EXECUTE_ACTION
	Object      : Gesim.GsHead(Head)
	Action      : Jog

08.08.2024 13:13:27 - 41473 - Invalid mode
	Description : Command cannot be executed in this mode.
	Time        : 13:13:27.21
	Command     : EXECUTE_ACTION
	Object      : Gesim.GsHead(Head)
	Action      : Jog

08.08.2024 13:13:27 - 41473 - Invalid mode
	Description : Command cannot be executed in this mode.
	Time        : 13:13:27.22
	Command     : EXECUTE_ACTION
	Object      : Gesim.GsHead(Head)
	Action      : Jog

15.08.2024 06:41:46 - 41539 - Piece already in slot
	Description : 
	Time        : 07:45:00.42
	ActionType  : ExchangePiece
	MachineMode : Manu
	MachineState: Active
	Object      : Gesim.GsStampSupport(StampSupport_Gen2)
	PLC Object  : FB_ComplexAction
	PLC Action  : A_ExchangeStamp
	PLC AState  : 3

15.08.2024 06:42:04 - 41539 - Piece already in slot
	Description : 
	Time        : 07:45:17.67
	ActionType  : ExchangePiece
	MachineMode : Manu
	MachineState: Active
	Object      : Gesim.GsStampSupport(StampSupport_Gen2)
	PLC Object  : FB_ComplexAction
	PLC Action  : A_ExchangeStamp
	PLC AState  : 3

25.10.2024 07:21:38 - 41532 - InvalidHWItem
	Description : 
	Time        : 07:21:38.42
	Command     : READ_HW_PROP

25.10.2024 07:21:53 - 41532 - InvalidHWItem
	Description : 
	Time        : 07:21:53.13
	Command     : READ_HW_PROP

25.10.2024 07:28:26 - 41575 - StopButtonNotReleased
	Description : 
	Time        : 07:28:26.72
	Command     : EXECUTE_ACTION

25.10.2024 07:29:44 - 41575 - StopButtonNotReleased
	Description : 
	Time        : 07:29:44.39
	Command     : EXECUTE_ACTION

25.10.2024 07:29:50 - 41575 - StopButtonNotReleased
	Description : 
	Time        : 07:29:50.19
	Command     : EXECUTE_ACTION

25.10.2024 07:32:28 - 41575 - StopButtonNotReleased
	Description : 
	Time        : 07:32:28.16
	Command     : EXECUTE_ACTION

25.10.2024 07:45:41 - 41503 - Configuration not activated
	Description : 
	Time        : 07:45:41.74
	Command     : CHANGE_MODE

25.10.2024 07:45:47 - 41575 - StopButtonNotReleased
	Description : 
	Time        : 07:45:47.08
	Command     : EXECUTE_ACTION

25.10.2024 07:47:30 - 41575 - StopButtonNotReleased
	Description : 
	Time        : 07:47:30.99
	Command     : EXECUTE_ACTION

25.10.2024 07:54:39 - 41575 - StopButtonNotReleased
	Description : 
	Time        : 07:54:39.52
	Command     : EXECUTE_ACTION

25.10.2024 08:21:19 - 50013 - Changed configuration
	Description : The current configuration has changed significantly. Some settings might have changed.
	Time        : 08:21:19.53

25.10.2024 08:21:20 - 50011 - Could not load page
	Description : The page could not be loaded.
	Time        : 08:21:20.90
	Exception   : System.NullReferenceException: Der Objektverweis wurde nicht auf eine Objektinstanz festgelegt.
   bei GesimRobotics.ViewModels.Scaffolder.PrintTools.PrintStrandTool.ReloadBrushes()
   bei GesimRobotics.ViewModels.Scaffolder.PrintOptions.CheckBrushesInTipCleaner()
   bei GesimRobotics.ViewModels.Pages.ScaffoldPage.checkPrintTools()
   bei GesimRobotics.ViewModels.Pages.ScaffoldPage.OnShow()
   bei GesimRobotics.ViewModels.MainWindow.setPage(PageType type)

25.10.2024 08:21:25 - 50011 - Could not load page
	Description : The page could not be loaded.
	Time        : 08:21:25.56
	Exception   : System.NullReferenceException: Der Objektverweis wurde nicht auf eine Objektinstanz festgelegt.
   bei GesimRobotics.ViewModels.Scaffolder.PrintTools.PrintStrandTool.ReloadBrushes()
   bei GesimRobotics.ViewModels.Scaffolder.PrintOptions.CheckBrushesInTipCleaner()
   bei GesimRobotics.ViewModels.Pages.ScaffoldPage.checkPrintTools()
   bei GesimRobotics.ViewModels.Pages.ScaffoldPage.OnShow()
   bei GesimRobotics.ViewModels.MainWindow.setPage(PageType type)

25.10.2024 08:21:40 - 50013 - Changed configuration
	Description : The current configuration has changed significantly. Some settings might have changed.
	Time        : 08:21:40.11

25.10.2024 08:21:55 - 50011 - Could not load page
	Description : The page could not be loaded.
	Time        : 08:21:55.04
	Exception   : System.NullReferenceException: Der Objektverweis wurde nicht auf eine Objektinstanz festgelegt.
   bei GesimRobotics.ViewModels.Scaffolder.PrintTools.PrintStrandTool.ReloadBrushes()
   bei GesimRobotics.ViewModels.Scaffolder.PrintOptions.CheckBrushesInTipCleaner()
   bei GesimRobotics.ViewModels.Pages.ScaffoldPage.checkPrintTools()
   bei GesimRobotics.ViewModels.Pages.ScaffoldPage.OnShow()
   bei GesimRobotics.ViewModels.MainWindow.setPage(PageType type)

25.10.2024 08:23:16 - 41491 - Device not initialized
	Description : 
	Time        : 09:25:44.19
	ActionType  : MoveZ
	MachineMode : Auto
	MachineState: Running
	Object      : Gesim.GsHead(Head)
	PLC Object  : FB_MzHead
	PLC Action  : A_MoveZ
	PLC AState  : 80

25.10.2024 08:23:16 - 41491 - Device not initialized
	Description : 
	Time        : 09:25:44.19
	ActionType  : Undefined
	MachineMode : Auto
	MachineState: Running
	Object      : Gesim.GsHead(Head)
	PLC Object  : GCode
	PLC Action  : A_Start
	PLC AState  : 2

25.10.2024 08:23:25 - 50011 - Could not load page
	Description : The page could not be loaded.
	Time        : 08:23:25.40
	Exception   : System.NullReferenceException: Der Objektverweis wurde nicht auf eine Objektinstanz festgelegt.
   bei GesimRobotics.ViewModels.Scaffolder.PrintTools.PrintStrandTool.ReloadBrushes()
   bei GesimRobotics.ViewModels.Scaffolder.PrintOptions.CheckBrushesInTipCleaner()
   bei GesimRobotics.ViewModels.Pages.ScaffoldPage.checkPrintTools()
   bei GesimRobotics.ViewModels.Pages.ScaffoldPage.OnShow()
   bei GesimRobotics.ViewModels.MainWindow.setPage(PageType type)

25.10.2024 08:23:30 - 50011 - Could not load page
	Description : The page could not be loaded.
	Time        : 08:23:30.10
	Exception   : System.NullReferenceException: Der Objektverweis wurde nicht auf eine Objektinstanz festgelegt.
   bei GesimRobotics.ViewModels.Scaffolder.PrintTools.PrintStrandTool.ReloadBrushes()
   bei GesimRobotics.ViewModels.Scaffolder.PrintOptions.CheckBrushesInTipCleaner()
   bei GesimRobotics.ViewModels.Pages.ScaffoldPage.checkPrintTools()
   bei GesimRobotics.ViewModels.Pages.ScaffoldPage.OnShow()
   bei GesimRobotics.ViewModels.MainWindow.setPage(PageType type)

25.10.2024 08:23:35 - 41473 - Invalid mode
	Description : Command cannot be executed in this mode.
	Time        : 08:23:35.36
	Command     : EXECUTE_ACTION
	Object      : Gesim.GsRoot(BioScaffolder 3.3 (HUGO-SN2478))
	Action      : Run Sequence: 

25.10.2024 08:34:09 - 50011 - Could not load page
	Description : The page could not be loaded.
	Time        : 08:34:09.24
	Exception   : System.NullReferenceException: Der Objektverweis wurde nicht auf eine Objektinstanz festgelegt.
   bei GesimRobotics.ViewModels.Scaffolder.PrintTools.PrintStrandTool.ReloadBrushes()
   bei GesimRobotics.ViewModels.Scaffolder.PrintOptions.CheckBrushesInTipCleaner()
   bei GesimRobotics.ViewModels.Pages.ScaffoldPage.checkPrintTools()
   bei GesimRobotics.ViewModels.Pages.ScaffoldPage.OnShow()
   bei GesimRobotics.ViewModels.MainWindow.setPage(PageType type)

25.10.2024 08:34:26 - 42240 - InvalidToolNr
	Description : 
	Time        : 09:36:53.81
	ActionType  : Undefined
	MachineMode : Auto
	MachineState: Running
	PLC Object  : FB_HskMFunc
	PLC Action  : A_AssignRParamHeader
	PLC AState  : 1

25.10.2024 08:37:00 - 50011 - Could not load page
	Description : The page could not be loaded.
	Time        : 08:37:00.59
	Exception   : System.NullReferenceException: Der Objektverweis wurde nicht auf eine Objektinstanz festgelegt.
   bei GesimRobotics.ViewModels.Scaffolder.PrintTools.PrintStrandTool.ReloadBrushes()
   bei GesimRobotics.ViewModels.Scaffolder.PrintOptions.CheckBrushesInTipCleaner()
   bei GesimRobotics.ViewModels.Pages.ScaffoldPage.checkPrintTools()
   bei GesimRobotics.ViewModels.Pages.ScaffoldPage.OnShow()
   bei GesimRobotics.ViewModels.MainWindow.setPage(PageType type)

25.10.2024 08:37:20 - 50013 - Changed configuration
	Description : The current configuration has changed significantly. Some settings might have changed.
	Time        : 08:37:20.69

25.10.2024 08:37:26 - 50011 - Could not load page
	Description : The page could not be loaded.
	Time        : 08:37:26.71
	Exception   : System.NullReferenceException: Der Objektverweis wurde nicht auf eine Objektinstanz festgelegt.
   bei GesimRobotics.ViewModels.Scaffolder.PrintTools.PrintStrandTool.ReloadBrushes()
   bei GesimRobotics.ViewModels.Scaffolder.PrintOptions.CheckBrushesInTipCleaner()
   bei GesimRobotics.ViewModels.Pages.ScaffoldPage.checkPrintTools()
   bei GesimRobotics.ViewModels.Pages.ScaffoldPage.OnShow()
   bei GesimRobotics.ViewModels.MainWindow.setPage(PageType type)

25.10.2024 08:38:02 - 50011 - Could not load page
	Description : The page could not be loaded.
	Time        : 08:38:02.76
	Exception   : System.NullReferenceException: Der Objektverweis wurde nicht auf eine Objektinstanz festgelegt.
   bei GesimRobotics.ViewModels.Scaffolder.PrintTools.PrintStrandTool.ReloadBrushes()
   bei GesimRobotics.ViewModels.Scaffolder.PrintOptions.CheckBrushesInTipCleaner()
   bei GesimRobotics.ViewModels.Pages.ScaffoldPage.checkPrintTools()
   bei GesimRobotics.ViewModels.Pages.ScaffoldPage.OnShow()
   bei GesimRobotics.ViewModels.MainWindow.setPage(PageType type)

25.10.2024 08:38:11 - 50011 - Could not load page
	Description : The page could not be loaded.
	Time        : 08:38:11.08
	Exception   : System.NullReferenceException: Der Objektverweis wurde nicht auf eine Objektinstanz festgelegt.
   bei GesimRobotics.ViewModels.Scaffolder.PrintTools.PrintStrandTool.ReloadBrushes()
   bei GesimRobotics.ViewModels.Scaffolder.PrintOptions.CheckBrushesInTipCleaner()
   bei GesimRobotics.ViewModels.Pages.ScaffoldPage.checkPrintTools()
   bei GesimRobotics.ViewModels.Pages.ScaffoldPage.OnShow()
   bei GesimRobotics.ViewModels.MainWindow.setPage(PageType type)

25.10.2024 08:38:25 - 17085 - Limit exceeded
	Description : NC-Block violates software limit switches of the group.
	Time        : 09:40:52.32
	ActionType  : Undefined
	MachineMode : Auto
	MachineState: Running
	PLC Object  : GCode
	PLC Action  : A_Run
	PLC AState  : 20

25.10.2024 08:52:08 - 50011 - Could not load page
	Description : The page could not be loaded.
	Time        : 08:52:08.12
	Exception   : System.NullReferenceException: Der Objektverweis wurde nicht auf eine Objektinstanz festgelegt.
   bei GesimRobotics.ViewModels.Scaffolder.PrintTools.PrintStrandTool.ReloadBrushes()
   bei GesimRobotics.ViewModels.Scaffolder.PrintOptions.CheckBrushesInTipCleaner()
   bei GesimRobotics.ViewModels.Pages.ScaffoldPage.checkPrintTools()
   bei GesimRobotics.ViewModels.Pages.ScaffoldPage.OnShow()
   bei GesimRobotics.ViewModels.MainWindow.setPage(PageType type)

25.10.2024 08:53:42 - 50011 - Could not load page
	Description : The page could not be loaded.
	Time        : 08:53:42.78
	Exception   : System.NullReferenceException: Der Objektverweis wurde nicht auf eine Objektinstanz festgelegt.
   bei GesimRobotics.ViewModels.Scaffolder.PrintTools.PrintStrandTool.ReloadBrushes()
   bei GesimRobotics.ViewModels.Scaffolder.PrintOptions.CheckBrushesInTipCleaner()
   bei GesimRobotics.ViewModels.Pages.ScaffoldPage.checkPrintTools()
   bei GesimRobotics.ViewModels.Pages.ScaffoldPage.OnShow()
   bei GesimRobotics.ViewModels.MainWindow.setPage(PageType type)

25.10.2024 08:56:54 - 50011 - Could not load page
	Description : The page could not be loaded.
	Time        : 08:56:54.60
	Exception   : System.NullReferenceException: Der Objektverweis wurde nicht auf eine Objektinstanz festgelegt.
   bei GesimRobotics.ViewModels.Scaffolder.PrintTools.PrintStrandTool.ReloadBrushes()
   bei GesimRobotics.ViewModels.Scaffolder.PrintOptions.CheckBrushesInTipCleaner()
   bei GesimRobotics.ViewModels.Pages.ScaffoldPage.checkPrintTools()
   bei GesimRobotics.ViewModels.Pages.ScaffoldPage.OnShow()
   bei GesimRobotics.ViewModels.MainWindow.setPage(PageType type)

25.10.2024 08:57:17 - 50011 - Could not load page
	Description : The page could not be loaded.
	Time        : 08:57:17.55
	Exception   : System.NullReferenceException: Der Objektverweis wurde nicht auf eine Objektinstanz festgelegt.
   bei GesimRobotics.ViewModels.Scaffolder.PrintTools.PrintStrandTool.ReloadBrushes()
   bei GesimRobotics.ViewModels.Scaffolder.PrintOptions.CheckBrushesInTipCleaner()
   bei GesimRobotics.ViewModels.Pages.ScaffoldPage.checkPrintTools()
   bei GesimRobotics.ViewModels.Pages.ScaffoldPage.OnShow()
   bei GesimRobotics.ViewModels.MainWindow.setPage(PageType type)

25.10.2024 08:57:32 - 50011 - Could not load page
	Description : The page could not be loaded.
	Time        : 08:57:32.81
	Exception   : System.NullReferenceException: Der Objektverweis wurde nicht auf eine Objektinstanz festgelegt.
   bei GesimRobotics.ViewModels.Scaffolder.PrintTools.PrintStrandTool.ReloadBrushes()
   bei GesimRobotics.ViewModels.Scaffolder.PrintOptions.CheckBrushesInTipCleaner()
   bei GesimRobotics.ViewModels.Pages.ScaffoldPage.checkPrintTools()
   bei GesimRobotics.ViewModels.Pages.ScaffoldPage.OnShow()
   bei GesimRobotics.ViewModels.MainWindow.setPage(PageType type)

25.10.2024 08:57:35 - 50011 - Could not load page
	Description : The page could not be loaded.
	Time        : 08:57:35.88
	Exception   : System.NullReferenceException: Der Objektverweis wurde nicht auf eine Objektinstanz festgelegt.
   bei GesimRobotics.ViewModels.Scaffolder.PrintTools.PrintStrandTool.ReloadBrushes()
   bei GesimRobotics.ViewModels.Scaffolder.PrintOptions.CheckBrushesInTipCleaner()
   bei GesimRobotics.ViewModels.Pages.ScaffoldPage.checkPrintTools()
   bei GesimRobotics.ViewModels.Pages.ScaffoldPage.OnShow()
   bei GesimRobotics.ViewModels.MainWindow.setPage(PageType type)

25.10.2024 09:00:12 - 50011 - Could not load page
	Description : The page could not be loaded.
	Time        : 09:00:12.25
	Exception   : System.NullReferenceException: Der Objektverweis wurde nicht auf eine Objektinstanz festgelegt.
   bei GesimRobotics.ViewModels.Scaffolder.PrintTools.PrintStrandTool.ReloadBrushes()
   bei GesimRobotics.ViewModels.Scaffolder.PrintOptions.CheckBrushesInTipCleaner()
   bei GesimRobotics.ViewModels.Pages.ScaffoldPage.checkPrintTools()
   bei GesimRobotics.ViewModels.Pages.ScaffoldPage.OnShow()
   bei GesimRobotics.ViewModels.MainWindow.setPage(PageType type)

05.11.2024 09:01:02 - 41575 - StopButtonNotReleased
	Description : 
	Time        : 09:01:02.70
	Command     : EXECUTE_ACTION

05.11.2024 09:01:08 - 41575 - StopButtonNotReleased
	Description : 
	Time        : 09:01:08.12
	Command     : EXECUTE_ACTION

05.11.2024 09:01:57 - 41575 - StopButtonNotReleased
	Description : 
	Time        : 09:01:57.28
	Command     : EXECUTE_ACTION

29.01.2025 14:28:52 - 50005 - Connection error
	Description : The connection to the device could not be established.
	Time        : 14:28:52.06
	Exception   : System.InvalidOperationException: Dieser BackgroundWorker ist derzeit ausgelastet und kann nicht mehrere Aufgaben gleichzeitig ausführen.
   bei Gesim.GsMachine.Connect(String routeName, Boolean record, Boolean withoutActivation)
   bei GesimRobotics.ViewModels.Dialogs.DebugMenuDialog.connect()

29.01.2025 14:29:32 - 17744 - Following error monitoring (position).
	Description : With active following error monitoring (position) a following error exceedance has occurred, whose magnitude is greater than the following error window, and whose duration is longer than the parameterised following error filter time.
	Time        : 14:29:31.95
	ActionType  : Undefined
	MachineMode : Init
	MachineState: Active
	PLC Object  : UNDEFIEND
	PLC Action  : UNDEFIEND
	PLC AState  : 0

29.01.2025 14:29:32 - 17744 - Following error monitoring (position).
	Description : With active following error monitoring (position) a following error exceedance has occurred, whose magnitude is greater than the following error window, and whose duration is longer than the parameterised following error filter time.
	Time        : 14:29:31.96
	ActionType  : InitDevices
	MachineMode : Init
	MachineState: Active
	Object      : Gesim.GsHead(Head)
	PLC Object  : FB_MzHead
	PLC Action  : A_Init
	PLC AState  : 40

29.01.2025 14:29:59 - 17744 - Following error monitoring (position).
	Description : With active following error monitoring (position) a following error exceedance has occurred, whose magnitude is greater than the following error window, and whose duration is longer than the parameterised following error filter time.
	Time        : 14:29:59.46
	ActionType  : Undefined
	MachineMode : Init
	MachineState: Active
	PLC Object  : UNDEFIEND
	PLC Action  : UNDEFIEND
	PLC AState  : 0

29.01.2025 14:30:00 - 17744 - Following error monitoring (position).
	Description : With active following error monitoring (position) a following error exceedance has occurred, whose magnitude is greater than the following error window, and whose duration is longer than the parameterised following error filter time.
	Time        : 14:29:59.47
	ActionType  : InitDevices
	MachineMode : Init
	MachineState: Active
	Object      : Gesim.GsHead(Head)
	PLC Object  : FB_MzHead
	PLC Action  : A_Init
	PLC AState  : 40

29.01.2025 14:31:25 - 17744 - Following error monitoring (position).
	Description : With active following error monitoring (position) a following error exceedance has occurred, whose magnitude is greater than the following error window, and whose duration is longer than the parameterised following error filter time.
	Time        : 14:31:24.64
	ActionType  : Undefined
	MachineMode : Init
	MachineState: Active
	PLC Object  : UNDEFIEND
	PLC Action  : UNDEFIEND
	PLC AState  : 0

29.01.2025 14:31:25 - 17744 - Following error monitoring (position).
	Description : With active following error monitoring (position) a following error exceedance has occurred, whose magnitude is greater than the following error window, and whose duration is longer than the parameterised following error filter time.
	Time        : 14:31:24.65
	ActionType  : InitDevices
	MachineMode : Init
	MachineState: Active
	Object      : Gesim.GsHead(Head)
	PLC Object  : FB_MzHead
	PLC Action  : A_Init
	PLC AState  : 40

29.01.2025 14:32:23 - 17744 - Following error monitoring (position).
	Description : With active following error monitoring (position) a following error exceedance has occurred, whose magnitude is greater than the following error window, and whose duration is longer than the parameterised following error filter time.
	Time        : 14:32:23.46
	ActionType  : Undefined
	MachineMode : Maintenance
	MachineState: Active
	PLC Object  : UNDEFIEND
	PLC Action  : UNDEFIEND
	PLC AState  : 0

29.01.2025 14:32:24 - 17744 - Following error monitoring (position).
	Description : With active following error monitoring (position) a following error exceedance has occurred, whose magnitude is greater than the following error window, and whose duration is longer than the parameterised following error filter time.
	Time        : 14:32:23.47
	ActionType  : Undefined
	MachineMode : Maintenance
	MachineState: Active
	PLC Object  : UNDEFIEND
	PLC Action  : UNDEFIEND
	PLC AState  : 0

29.01.2025 14:36:51 - 17744 - Following error monitoring (position).
	Description : With active following error monitoring (position) a following error exceedance has occurred, whose magnitude is greater than the following error window, and whose duration is longer than the parameterised following error filter time.
	Time        : 14:36:50.81
	ActionType  : Undefined
	MachineMode : Maintenance
	MachineState: Active
	PLC Object  : UNDEFIEND
	PLC Action  : UNDEFIEND
	PLC AState  : 0

29.01.2025 14:36:51 - 17744 - Following error monitoring (position).
	Description : With active following error monitoring (position) a following error exceedance has occurred, whose magnitude is greater than the following error window, and whose duration is longer than the parameterised following error filter time.
	Time        : 14:36:50.82
	ActionType  : Undefined
	MachineMode : Maintenance
	MachineState: Active
	PLC Object  : UNDEFIEND
	PLC Action  : UNDEFIEND
	PLC AState  : 0

29.01.2025 14:38:51 - 41575 - StopButtonNotReleased
	Description : 
	Time        : 14:38:51.84
	Command     : EXECUTE_ACTION

29.01.2025 14:42:13 - 17744 - Following error monitoring (position).
	Description : With active following error monitoring (position) a following error exceedance has occurred, whose magnitude is greater than the following error window, and whose duration is longer than the parameterised following error filter time.
	Time        : 14:42:13.08
	ActionType  : Undefined
	MachineMode : Manu
	MachineState: Active
	PLC Object  : UNDEFIEND
	PLC Action  : UNDEFIEND
	PLC AState  : 0

29.01.2025 14:42:13 - 41473 - Invalid mode
	Description : Command cannot be executed in this mode.
	Time        : 14:42:13.70
	Command     : EXECUTE_ACTION
	Object      : Gesim.GsHead(Head)
	Action      : Jog

29.01.2025 14:42:13 - 17744 - Following error monitoring (position).
	Description : With active following error monitoring (position) a following error exceedance has occurred, whose magnitude is greater than the following error window, and whose duration is longer than the parameterised following error filter time.
	Time        : 14:42:13.09
	ActionType  : Jog
	MachineMode : Manu
	MachineState: Active
	Object      : Gesim.GsHead(Head)
	PLC Object  : FB_MzBase
	PLC Action  : A_JogXY
	PLC AState  : 3

29.01.2025 15:00:00 - 41473 - Invalid mode
	Description : Command cannot be executed in this mode.
	Time        : 15:00:00.17
	Command     : EXECUTE_ACTION
	Object      : Gesim.GsHead(Head)
	Action      : Jog

29.01.2025 15:00:00 - 41473 - Invalid mode
	Description : Command cannot be executed in this mode.
	Time        : 15:00:00.18
	Command     : EXECUTE_ACTION
	Object      : Gesim.GsHead(Head)
	Action      : Jog

30.01.2025 08:13:24 -  1810 - server is in invalid state
	Description : 
	Time        : 08:12:34.07
	ActionType  : Undefined
	MachineMode : Config
	MachineState: Idle
	PLC Object  : ScanHwModules
	PLC Action  : UNDEFIEND
	PLC AState  : 8

30.01.2025 08:13:45 -  1810 - server is in invalid state
	Description : 
	Time        : 08:13:30.42
	ActionType  : Undefined
	MachineMode : Config
	MachineState: Idle
	PLC Object  : ScanHwModules
	PLC Action  : UNDEFIEND
	PLC AState  : 8

30.01.2025 10:45:50 - 50005 - Connection error
	Description : The connection to the device could not be established.
	Time        : 10:45:50.65
	Exception   : System.InvalidOperationException: Dieser BackgroundWorker ist derzeit ausgelastet und kann nicht mehrere Aufgaben gleichzeitig ausführen.
   bei Gesim.GsMachine.Connect(String routeName, Boolean record, Boolean withoutActivation)
   bei GesimRobotics.ViewModels.Dialogs.DebugMenuDialog.connect()

31.01.2025 12:15:51 - 41995 - InvalidToolConfig
	Description : 
	Time        : 12:15:51.04
	ActionType  : Undefined
	MachineMode : Config
	MachineState: Active
	PLC Object  : FB_MultiZRef
	PLC Action  : A_SetConfig
	PLC AState  : 0

31.01.2025 12:15:51 - 41995 - InvalidToolConfig
	Description : 
	Time        : 12:15:51.05
	ActionType  : Undefined
	MachineMode : Config
	MachineState: Active
	PLC Object  : FB_Configuration
	PLC Action  : A_Activate
	PLC AState  : 0

31.01.2025 13:07:59 - 41535 - Z-Sensor not calibrated
	Description : 
	Time        : 13:07:59.77
	ActionType  : Measure
	MachineMode : Manu
	MachineState: Active
	Object      : Gesim.GsZSensor(ZSensor)
	PLC Object  : FB_ComplexAction
	PLC Action  : A_MeasureTarget
	PLC AState  : 0

31.01.2025 13:08:09 - 41747 - Z-Sensor switch not found
	Description : Measurement: switching point not reached - Internal error (20)
	Time        : 13:08:09.27
	ActionType  : MoveZ
	MachineMode : Manu
	MachineState: Active
	Object      : Gesim.GsZSensor(ZSensor)
	PLC Object  : FB_MzTool
	PLC Action  : A_MoveZ
	PLC AState  : 0

31.01.2025 13:08:09 - 41747 - Z-Sensor switch not found
	Description : Measurement: switching point not reached - Internal error (20)
	Time        : 13:08:09.28
	ActionType  : CalibrateZSensor
	MachineMode : Manu
	MachineState: Active
	Object      : Gesim.GsZSensor(ZSensor)
	PLC Object  : FB_ComplexAction
	PLC Action  : A_CalibrateZSensor
	PLC AState  : 3

31.01.2025 13:16:03 - 41216 - Communication timeout
	Description : Communication timeout - diluter.
	Time        : 13:16:03.48
	ActionType  : InitDevices
	MachineMode : Init
	MachineState: Active
	PLC Object  : FB_Diluter
	PLC Action  : A_Init
	PLC AState  : 1

31.01.2025 13:18:14 - 41216 - Communication timeout
	Description : Communication timeout - diluter.
	Time        : 13:18:12.58
	ActionType  : InitDevices
	MachineMode : Init
	MachineState: Active
	PLC Object  : FB_Diluter
	PLC Action  : A_Init
	PLC AState  : 1

31.01.2025 14:27:09 - 41567 - Target position out of range - Y
	Description : Tool cannot move to target.
	Time        : 14:27:09.28
	ActionType  : CalibrateZSensor
	MachineMode : Manu
	MachineState: Active
	Object      : Gesim.GsZSensor(ZSensor)
	PLC Object  : FB_ComplexAction
	PLC Action  : A_CalibrateZSensor
	PLC AState  : 0

31.01.2025 14:34:07 - 41511 - Z-Sensor not mounted
	Description : A measurement was attempted without mounted Z-Sensor.
	Time        : 14:34:07.80
	Command     : EXECUTE_ACTION
	Object      : Gesim.GsZSensor(ZSensor)
	Action      : Calibrate Z-Sensor

31.01.2025 14:34:26 - 41511 - Z-Sensor not mounted
	Description : A measurement was attempted without mounted Z-Sensor.
	Time        : 14:34:26.36
	Command     : EXECUTE_ACTION
	Object      : Gesim.GsZSensor(ZSensor)
	Action      : Calibrate Z-Sensor

12.05.2025 08:58:15 - 41503 - Configuration not activated
	Description : 
	Time        : 08:58:15.19
	Command     : CHANGE_MODE

15.05.2025 10:49:11 - 41556 - Head not in free Z-pos.
	Description : 
	Time        : 10:49:12.94
	ActionType  : InitDevices
	MachineMode : Init
	MachineState: Active
	Object      : Gesim.GsHead(Head)
	PLC Object  : FB_MzHead
	PLC Action  : A_Init
	PLC AState  : 3

19.06.2025 13:32:41 - 41741 - I2C communication failure
	Description : Internal error (14)
	Time        : 13:33:24.51
	ActionType  : Undefined
	MachineMode : Manu
	MachineState: Active
	PLC Object  : FB_MultiZRef
	PLC Action  : A_Monitor
	PLC AState  : 0
	Error ID 2  : 202440921

19.06.2025 13:34:55 - 41741 - I2C communication failure
	Description : Internal error (14)
	Time        : 13:35:38.27
	ActionType  : Undefined
	MachineMode : Manu
	MachineState: Active
	PLC Object  : FB_MultiZRef
	PLC Action  : A_Monitor
	PLC AState  : 0
	Error ID 2  : 202440921

19.06.2025 13:35:08 -  1861 - Timeout elapsed
	Description : Internal error due to slow/missing communication.
	Time        : 13:35:51.22
	ActionType  : LockUnlock
	MachineMode : Maintenance
	MachineState: Active
	Object      : Gesim.GsExtruder(HT-Extruder)
	PLC Object  : FB_Extruder
	PLC Action  : A_Reload
	PLC AState  : 10

19.06.2025 13:35:19 - 41734 - Low position accuracy
	Description : Target not reached with required accuracy but motor has stopped - Internal error (7)
	Time        : 13:36:01.59
	ActionType  : InitDevices
	MachineMode : Init
	MachineState: Active
	Object      : Gesim.GsCartridgeHolder(CartridgeHolder (No Board))
	PLC Object  : FB_MzTool
	PLC Action  : A_Init
	PLC AState  : 1

19.06.2025 13:43:43 - 41727 - UnknownMzError
	Description : 
	Time        : 13:44:26.57
	ActionType  : Undefined
	MachineMode : Manu
	MachineState: Active
	PLC Object  : FB_MultiZRef
	PLC Action  : A_Monitor
	PLC AState  : 0
	Error ID 2  : 202440921

19.06.2025 13:43:56 -  1861 - Timeout elapsed
	Description : Internal error due to slow/missing communication.
	Time        : 13:44:39.22
	ActionType  : LockUnlock
	MachineMode : Maintenance
	MachineState: Active
	Object      : Gesim.GsExtruder(HT-Extruder)
	PLC Object  : FB_Extruder
	PLC Action  : A_Reload
	PLC AState  : 10

19.06.2025 13:44:41 - 41741 - I2C communication failure
	Description : Internal error (14)
	Time        : 13:45:23.80
	ActionType  : Undefined
	MachineMode : Manu
	MachineState: Active
	PLC Object  : FB_MultiZRef
	PLC Action  : A_Monitor
	PLC AState  : 0
	Error ID 2  : 202899671

19.06.2025 13:45:04 -  1861 - Timeout elapsed
	Description : Internal error due to slow/missing communication.
	Time        : 13:45:47.50
	ActionType  : LockUnlock
	MachineMode : Maintenance
	MachineState: Active
	Object      : Gesim.GsExtruder(HT-Extruder)
	PLC Object  : FB_Extruder
	PLC Action  : A_Reload
	PLC AState  : 10

19.06.2025 13:45:44 - 41741 - I2C communication failure
	Description : Internal error (14)
	Time        : 13:46:26.78
	ActionType  : Undefined
	MachineMode : Manu
	MachineState: Idle
	PLC Object  : FB_MultiZRef
	PLC Action  : A_Monitor
	PLC AState  : 0
	Error ID 2  : 202899675

19.06.2025 13:47:51 - 41741 - I2C communication failure
	Description : Internal error (14)
	Time        : 13:48:34.02
	ActionType  : Undefined
	MachineMode : Manu
	MachineState: Idle
	PLC Object  : FB_MultiZRef
	PLC Action  : A_Monitor
	PLC AState  : 0
	Error ID 2  : 202834139

20.06.2025 09:45:21 - 41741 - I2C communication failure
	Description : Internal error (14)
	Time        : 09:45:21.88
	ActionType  : Undefined
	MachineMode : Manu
	MachineState: Idle
	PLC Object  : FB_MultiZRef
	PLC Action  : A_Monitor
	PLC AState  : 0
	Error ID 2  : 202899675

23.06.2025 14:22:45 - 50005 - Connection error
	Description : The connection to the device could not be established.
	Time        : 14:22:45.40
	Exception   : System.Exception: Missing route: PETRA-4CORE-CP-4104D6
   bei Gesim.GsMachine.Connect(String routeName, Boolean record, Boolean withoutActivation)
   bei GesimRobotics.ViewModels.ConnectionManager.Connect(String routeName)

23.06.2025 14:22:48 - 50005 - Connection error
	Description : The connection to the device could not be established.
	Time        : 14:22:48.09
	Exception   : System.Exception: Missing route: PETRA-4CORE-CP-4104D6
   bei Gesim.GsMachine.Connect(String routeName, Boolean record, Boolean withoutActivation)
   bei GesimRobotics.ViewModels.ConnectionManager.Connect(String routeName)

16.07.2025 10:44:10 - 41998 - TimeoutLock
	Description : 
	Time        : 10:44:13.56
	ActionType  : LockUnlock
	MachineMode : Manu
	MachineState: Active
	Object      : Gesim.GsExtruder(HT-Extruder)
	PLC Object  : FB_Extruder
	PLC Action  : A_Reload
	PLC AState  : 80

16.07.2025 10:47:31 - 41998 - TimeoutLock
	Description : 
	Time        : 10:47:35.02
	ActionType  : LockUnlock
	MachineMode : Manu
	MachineState: Active
	Object      : Gesim.GsExtruder(HT-Extruder)
	PLC Object  : FB_Extruder
	PLC Action  : A_Reload
	PLC AState  : 80

16.07.2025 10:48:31 - 41741 - I2C communication failure
	Description : Internal error (14)
	Time        : 10:48:34.72
	ActionType  : Undefined
	MachineMode : Manu
	MachineState: Error
	PLC Object  : FB_MultiZRef
	PLC Action  : A_Monitor
	PLC AState  : 0
	Error ID 2  : 202440919

16.07.2025 10:48:47 - 41473 - Invalid mode
	Description : Command cannot be executed in this mode.
	Time        : 10:48:47.46
	Command     : EXECUTE_ACTION
	Object      : Gesim.GsExtruder(HT-Extruder)
	Action      : Lock

16.07.2025 10:49:08 -  1861 - Timeout elapsed
	Description : Internal error due to slow/missing communication.
	Time        : 10:49:11.48
	ActionType  : LockUnlock
	MachineMode : Maintenance
	MachineState: Active
	Object      : Gesim.GsExtruder(HT-Extruder)
	PLC Object  : FB_Extruder
	PLC Action  : A_Reload
	PLC AState  : 10

16.07.2025 10:55:54 - 41727 - UnknownMzError
	Description : 
	Time        : 10:55:57.46
	ActionType  : Undefined
	MachineMode : Manu
	MachineState: Active
	PLC Object  : FB_MultiZRef
	PLC Action  : A_Monitor
	PLC AState  : 0
	Error ID 2  : 202440921

31.07.2025 14:33:46 - 41216 - Communication timeout
	Description : Communication timeout - diluter.
	Time        : 14:33:46.84
	ActionType  : InitDevices
	MachineMode : Init
	MachineState: Active
	PLC Object  : FB_Diluter
	PLC Action  : A_Init
	PLC AState  : 1

06.08.2025 13:44:48 - 41216 - Communication timeout
	Description : Communication timeout - diluter.
	Time        : 13:44:47.44
	ActionType  : InitDevices
	MachineMode : Init
	MachineState: Active
	PLC Object  : FB_Diluter
	PLC Action  : A_Init
	PLC AState  : 1

06.08.2025 13:56:01 - 41216 - Communication timeout
	Description : Communication timeout - diluter.
	Time        : 13:55:59.55
	ActionType  : InitDevices
	MachineMode : Init
	MachineState: Active
	PLC Object  : FB_Diluter
	PLC Action  : A_Init
	PLC AState  : 1

06.08.2025 13:57:41 - 41216 - Communication timeout
	Description : Communication timeout - diluter.
	Time        : 13:57:39.44
	ActionType  : InitDevices
	MachineMode : Init
	MachineState: Active
	PLC Object  : FB_Diluter
	PLC Action  : A_Init
	PLC AState  : 1

11.08.2025 07:16:15 - 41216 - Communication timeout
	Description : Communication timeout - diluter.
	Time        : 07:16:18.99
	ActionType  : InitDevices
	MachineMode : Init
	MachineState: Active
	PLC Object  : FB_Diluter
	PLC Action  : A_Init
	PLC AState  : 1

11.08.2025 07:16:44 - 41216 - Communication timeout
	Description : Communication timeout - diluter.
	Time        : 07:16:47.76
	ActionType  : InitDevices
	MachineMode : Init
	MachineState: Active
	PLC Object  : FB_Diluter
	PLC Action  : A_Init
	PLC AState  : 1

11.08.2025 07:17:35 - 41216 - Communication timeout
	Description : Communication timeout - diluter.
	Time        : 07:17:39.10
	ActionType  : InitDevices
	MachineMode : Init
	MachineState: Active
	PLC Object  : FB_Diluter
	PLC Action  : A_Init
	PLC AState  : 1

11.08.2025 07:17:44 - 41216 - Communication timeout
	Description : Communication timeout - diluter.
	Time        : 07:17:47.90
	ActionType  : InitDevices
	MachineMode : Init
	MachineState: Active
	PLC Object  : FB_Diluter
	PLC Action  : A_Init
	PLC AState  : 1

11.08.2025 07:18:03 - 41216 - Communication timeout
	Description : Communication timeout - diluter.
	Time        : 07:18:07.03
	ActionType  : InitDevices
	MachineMode : Init
	MachineState: Active
	PLC Object  : FB_Diluter
	PLC Action  : A_Init
	PLC AState  : 1

11.08.2025 07:18:39 - 41216 - Communication timeout
	Description : Communication timeout - diluter.
	Time        : 07:18:42.55
	ActionType  : InitDevices
	MachineMode : Init
	MachineState: Active
	PLC Object  : FB_Diluter
	PLC Action  : A_Init
	PLC AState  : 1

11.08.2025 07:27:43 - 41216 - Communication timeout
	Description : Communication timeout - diluter.
	Time        : 07:27:43.19
	ActionType  : InitDevices
	MachineMode : Init
	MachineState: Active
	PLC Object  : FB_Diluter
	PLC Action  : A_Init
	PLC AState  : 1

12.08.2025 10:16:28 - 41995 - InvalidToolConfig
	Description : 
	Time        : 10:16:28.01
	ActionType  : Undefined
	MachineMode : Config
	MachineState: Active
	PLC Object  : FB_MultiZRef
	PLC Action  : A_SetConfig
	PLC AState  : 0

12.08.2025 10:16:28 - 41995 - InvalidToolConfig
	Description : 
	Time        : 10:16:28.02
	ActionType  : Undefined
	MachineMode : Config
	MachineState: Active
	PLC Object  : FB_Configuration
	PLC Action  : A_Activate
	PLC AState  : 0

12.08.2025 10:16:32 - 41995 - InvalidToolConfig
	Description : 
	Time        : 10:16:31.88
	ActionType  : Undefined
	MachineMode : Config
	MachineState: Active
	PLC Object  : FB_MultiZRef
	PLC Action  : A_SetConfig
	PLC AState  : 0

12.08.2025 10:16:32 - 41995 - InvalidToolConfig
	Description : 
	Time        : 10:16:31.89
	ActionType  : Undefined
	MachineMode : Config
	MachineState: Active
	PLC Object  : FB_Configuration
	PLC Action  : A_Activate
	PLC AState  : 0

12.08.2025 10:16:48 - 41995 - InvalidToolConfig
	Description : 
	Time        : 10:16:31.89
	ActionType  : Undefined
	MachineMode : Config
	MachineState: Active
	PLC Object  : FB_Configuration
	PLC Action  : A_Activate
	PLC AState  : 0

12.08.2025 11:06:39 - 41556 - Head not in free Z-pos.
	Description : 
	Time        : 11:06:38.11
	ActionType  : InitDevices
	MachineMode : Init
	MachineState: Active
	Object      : Gesim.GsHead(Head)
	PLC Object  : FB_MzHead
	PLC Action  : A_Init
	PLC AState  : 3

12.08.2025 11:11:00 - 41556 - Head not in free Z-pos.
	Description : 
	Time        : 11:10:59.30
	ActionType  : InitDevices
	MachineMode : Init
	MachineState: Active
	Object      : Gesim.GsHead(Head)
	PLC Object  : FB_MzHead
	PLC Action  : A_Init
	PLC AState  : 3

12.08.2025 11:11:07 - 41556 - Head not in free Z-pos.
	Description : 
	Time        : 11:11:06.32
	ActionType  : InitDevices
	MachineMode : Init
	MachineState: Active
	Object      : Gesim.GsHead(Head)
	PLC Object  : FB_MzHead
	PLC Action  : A_Init
	PLC AState  : 3

12.08.2025 11:12:34 - 41556 - Head not in free Z-pos.
	Description : 
	Time        : 11:12:33.35
	ActionType  : InitDevices
	MachineMode : Init
	MachineState: Active
	Object      : Gesim.GsHead(Head)
	PLC Object  : FB_MzHead
	PLC Action  : A_Init
	PLC AState  : 3

12.08.2025 11:12:59 - 41556 - Head not in free Z-pos.
	Description : 
	Time        : 11:12:58.81
	ActionType  : InitDevices
	MachineMode : Init
	MachineState: Active
	Object      : Gesim.GsHead(Head)
	PLC Object  : FB_MzHead
	PLC Action  : A_Init
	PLC AState  : 3

12.08.2025 11:13:03 - 41556 - Head not in free Z-pos.
	Description : 
	Time        : 11:13:02.61
	ActionType  : InitDevices
	MachineMode : Init
	MachineState: Active
	Object      : Gesim.GsHead(Head)
	PLC Object  : FB_MzHead
	PLC Action  : A_Init
	PLC AState  : 3

12.08.2025 11:13:07 - 41556 - Head not in free Z-pos.
	Description : 
	Time        : 11:13:06.38
	ActionType  : InitDevices
	MachineMode : Init
	MachineState: Active
	Object      : Gesim.GsHead(Head)
	PLC Object  : FB_MzHead
	PLC Action  : A_Init
	PLC AState  : 3

12.08.2025 11:13:10 - 41556 - Head not in free Z-pos.
	Description : 
	Time        : 11:13:09.51
	ActionType  : InitDevices
	MachineMode : Init
	MachineState: Active
	Object      : Gesim.GsHead(Head)
	PLC Object  : FB_MzHead
	PLC Action  : A_Init
	PLC AState  : 3

12.08.2025 11:16:15 - 41556 - Head not in free Z-pos.
	Description : 
	Time        : 11:16:14.55
	ActionType  : InitDevices
	MachineMode : Init
	MachineState: Active
	Object      : Gesim.GsHead(Head)
	PLC Object  : FB_MzHead
	PLC Action  : A_Init
	PLC AState  : 3

12.08.2025 11:25:00 - 41556 - Head not in free Z-pos.
	Description : 
	Time        : 11:24:59.94
	ActionType  : InitDevices
	MachineMode : Init
	MachineState: Active
	PLC Object  : FB_MzHead
	PLC Action  : A_Init
	PLC AState  : 3

12.08.2025 11:25:07 - 41556 - Head not in free Z-pos.
	Description : 
	Time        : 11:25:06.37
	ActionType  : InitDevices
	MachineMode : Init
	MachineState: Active
	PLC Object  : FB_MzHead
	PLC Action  : A_Init
	PLC AState  : 3

12.08.2025 11:25:14 - 41556 - Head not in free Z-pos.
	Description : 
	Time        : 11:25:13.09
	ActionType  : InitDevices
	MachineMode : Init
	MachineState: Active
	PLC Object  : FB_MzHead
	PLC Action  : A_Init
	PLC AState  : 3

12.08.2025 11:25:19 - 41556 - Head not in free Z-pos.
	Description : 
	Time        : 11:25:18.31
	ActionType  : InitDevices
	MachineMode : Init
	MachineState: Active
	PLC Object  : FB_MzHead
	PLC Action  : A_Init
	PLC AState  : 3

12.08.2025 11:25:22 - 41556 - Head not in free Z-pos.
	Description : 
	Time        : 11:25:21.71
	ActionType  : InitDevices
	MachineMode : Init
	MachineState: Active
	PLC Object  : FB_MzHead
	PLC Action  : A_Init
	PLC AState  : 3

12.08.2025 12:27:34 - 50007 - Invalid configuration
	Description : A valid configuration has to include at least a head and workplate.
	Time        : 12:27:34.50

13.08.2025 06:36:35 - 41556 - Head not in free Z-pos.
	Description : 
	Time        : 06:36:34.23
	ActionType  : InitDevices
	MachineMode : Init
	MachineState: Active
	Object      : Gesim.GsHead(Head)
	PLC Object  : FB_MzHead
	PLC Action  : A_Init
	PLC AState  : 3

13.08.2025 06:40:12 - 41473 - Invalid mode
	Description : Command cannot be executed in this mode.
	Time        : 06:40:12.54
	Command     : EXECUTE_ACTION
	Object      : Gesim.GsCartridgeDisp(Cartridge Dispenser (10ml))
	Action      : Set Vacuum->-90 kPa

13.08.2025 08:44:29 - 41995 - InvalidToolConfig
	Description : 
	Time        : 08:44:28.55
	ActionType  : Undefined
	MachineMode : Config
	MachineState: Active
	PLC Object  : FB_MultiZRef
	PLC Action  : A_SetConfig
	PLC AState  : 0

13.08.2025 08:44:29 - 41995 - InvalidToolConfig
	Description : 
	Time        : 08:44:28.56
	ActionType  : Undefined
	MachineMode : Config
	MachineState: Active
	PLC Object  : FB_Configuration
	PLC Action  : A_Activate
	PLC AState  : 0

13.08.2025 08:44:34 - 41995 - InvalidToolConfig
	Description : 
	Time        : 08:44:33.53
	ActionType  : Undefined
	MachineMode : Config
	MachineState: Active
	PLC Object  : FB_MultiZRef
	PLC Action  : A_SetConfig
	PLC AState  : 0

13.08.2025 08:44:34 - 41995 - InvalidToolConfig
	Description : 
	Time        : 08:44:33.54
	ActionType  : Undefined
	MachineMode : Config
	MachineState: Active
	PLC Object  : FB_Configuration
	PLC Action  : A_Activate
	PLC AState  : 0

13.08.2025 08:46:16 - 42497 - Node not found
	Description : The CANopen node could not be found.
	Time        : 08:46:16.84
	Command     : EXECUTE_ACTION

13.08.2025 08:46:19 - 41556 - Head not in free Z-pos.
	Description : 
	Time        : 08:46:18.74
	ActionType  : InitDevices
	MachineMode : Init
	MachineState: Idle
	Object      : Gesim.GsHead(Head)
	PLC Object  : FB_MzHead
	PLC Action  : A_Init
	PLC AState  : 3

13.08.2025 08:48:55 - 41478 - Invalid state
	Description : Command can not be executed in this state.
	Time        : 08:48:55.05
	Command     : EXECUTE_ACTION

13.08.2025 08:49:00 - 41478 - Invalid state
	Description : Command can not be executed in this state.
	Time        : 08:49:00.23
	Command     : EXECUTE_ACTION

13.08.2025 08:49:48 - 41478 - Invalid state
	Description : Command can not be executed in this state.
	Time        : 08:49:48.92
	Command     : EXECUTE_ACTION

13.08.2025 08:54:18 - 42497 - Node not found
	Description : The CANopen node could not be found.
	Time        : 08:54:18.36
	Command     : EXECUTE_ACTION

13.08.2025 08:54:19 - 41556 - Head not in free Z-pos.
	Description : 
	Time        : 08:54:18.90
	ActionType  : InitDevices
	MachineMode : Init
	MachineState: Idle
	Object      : Gesim.GsHead(Head)
	PLC Object  : FB_MzHead
	PLC Action  : A_Init
	PLC AState  : 3

13.08.2025 08:54:28 - 41478 - Invalid state
	Description : Command can not be executed in this state.
	Time        : 08:54:28.94
	Command     : EXECUTE_ACTION

13.08.2025 08:54:52 - 41478 - Invalid state
	Description : Command can not be executed in this state.
	Time        : 08:54:52.29
	Command     : EXECUTE_ACTION

13.08.2025 08:55:00 - 41478 - Invalid state
	Description : Command can not be executed in this state.
	Time        : 08:55:00.58
	Command     : EXECUTE_ACTION

13.08.2025 09:09:52 - 40996 - Not a device
	Description : 
	Time        : 09:09:52.71
	Command     : EXECUTE_ACTION
	Object      : Gesim.GsHead(Head)
	Action      : Jog

13.08.2025 09:09:52 - 40996 - Not a device
	Description : 
	Time        : 09:09:52.74
	Command     : EXECUTE_ACTION
	Object      : Gesim.GsHead(Head)
	Action      : Jog

13.08.2025 09:10:17 - 41473 - Invalid mode
	Description : Command cannot be executed in this mode.
	Time        : 09:10:17.62
	Command     : EXECUTE_ACTION
	Object      : Gesim.GsCartridgeHolder(CartridgeHolder (No Board))
	Action      : Jog

13.08.2025 09:10:17 - 41473 - Invalid mode
	Description : Command cannot be executed in this mode.
	Time        : 09:10:17.63
	Command     : EXECUTE_ACTION
	Object      : Gesim.GsCartridgeHolder(CartridgeHolder (No Board))
	Action      : Jog

13.08.2025 09:11:18 -  1861 - Timeout elapsed
	Description : Internal error due to slow/missing communication.
	Time        : 09:11:18.72
	Command     : DELETE_CONFIG_ON_PLC

13.08.2025 09:11:33 -  1864 - ADS port not opened
	Description : Internal error
	Time        : 09:11:33.46
	Command     : DELETE_CONFIG_ON_PLC

13.08.2025 13:50:49 - 41473 - Invalid mode
	Description : Command cannot be executed in this mode.
	Time        : 13:50:49.77
	Command     : EXECUTE_ACTION
	Object      : Gesim.GsHead(Head)
	Action      : Jog

13.08.2025 13:50:49 - 41473 - Invalid mode
	Description : Command cannot be executed in this mode.
	Time        : 13:50:49.79
	Command     : EXECUTE_ACTION
	Object      : Gesim.GsHead(Head)
	Action      : Jog

13.08.2025 13:55:43 - 41473 - Invalid mode
	Description : Command cannot be executed in this mode.
	Time        : 13:55:43.60
	Command     : SAVE_CONFIG_ON_PLC

13.08.2025 13:55:55 -  1864 - ADS port not opened
	Description : Internal error
	Time        : 13:55:55.93
	Command     : SAVE_CONFIG_ON_PLC

13.08.2025 13:56:03 - 41473 - Invalid mode
	Description : Command cannot be executed in this mode.
	Time        : 13:56:03.13
	Command     : SAVE_CONFIG_ON_PLC

13.08.2025 13:56:59 - 41503 - Configuration not activated
	Description : 
	Time        : 13:56:59.92
	Command     : CHANGE_MODE

13.08.2025 13:57:04 - 41503 - Configuration not activated
	Description : 
	Time        : 13:57:04.90
	Command     : CHANGE_MODE

13.08.2025 13:57:24 - 41503 - Configuration not activated
	Description : 
	Time        : 13:57:24.98
	Command     : CHANGE_MODE

13.08.2025 13:57:43 - 41478 - Invalid state
	Description : Command can not be executed in this state.
	Time        : 13:57:43.89
	Command     : SAVE_CONFIG_ON_PLC

13.08.2025 13:59:26 - 41054 - NoHeadCreated
	Description : 
	Time        : 13:59:11.35
	ActionType  : Undefined
	MachineMode : Config
	MachineState: Active
	PLC Object  : UNDEFIEND
	PLC Action  : UNDEFIEND
	PLC AState  : 0

13.08.2025 14:04:57 - 50005 - Connection error
	Description : The connection to the device could not be established.
	Time        : 14:04:57.91
	Exception   : System.InvalidOperationException: Dieser BackgroundWorker ist derzeit ausgelastet und kann nicht mehrere Aufgaben gleichzeitig ausführen.
   bei Gesim.GsMachine.Connect(String routeName, Boolean record, Boolean withoutActivation)
   bei GesimRobotics.ViewModels.Dialogs.DebugMenuDialog.connect()

14.08.2025 11:47:20 - 41473 - Invalid mode
	Description : Command cannot be executed in this mode.
	Time        : 11:47:20.32
	Command     : DELETE_CONFIG_ON_PLC

14.08.2025 11:47:32 - 41473 - Invalid mode
	Description : Command cannot be executed in this mode.
	Time        : 11:47:32.32
	Command     : DELETE_CONFIG_ON_PLC

14.08.2025 11:47:39 - 41473 - Invalid mode
	Description : Command cannot be executed in this mode.
	Time        : 11:47:39.85
	Command     : SAVE_CONFIG_ON_PLC

14.08.2025 11:47:50 - 41473 - Invalid mode
	Description : Command cannot be executed in this mode.
	Time        : 11:47:50.00
	Command     : DELETE_CONFIG_ON_PLC

14.08.2025 11:48:06 -  1864 - ADS port not opened
	Description : Internal error
	Time        : 11:48:06.05
	Command     : DELETE_CONFIG_ON_PLC

14.08.2025 14:41:02 - 41216 - Communication timeout
	Description : Communication timeout - diluter.
	Time        : 14:41:01.69
	ActionType  : InitDevices
	MachineMode : Init
	MachineState: Active
	PLC Object  : FB_Diluter
	PLC Action  : A_Init
	PLC AState  : 1

15.08.2025 11:03:59 -  1810 - server is in invalid state
	Description : 
	Time        : 10:43:01.12
	ActionType  : Undefined
	MachineMode : Config
	MachineState: Idle
	PLC Object  : ScanHwModules
	PLC Action  : UNDEFIEND
	PLC AState  : 8

15.08.2025 11:04:23 -  1810 - server is in invalid state
	Description : 
	Time        : 11:04:04.65
	ActionType  : Undefined
	MachineMode : Config
	MachineState: Idle
	PLC Object  : ScanHwModules
	PLC Action  : UNDEFIEND
	PLC AState  : 8

15.08.2025 11:04:35 -  1810 - server is in invalid state
	Description : 
	Time        : 11:04:04.65
	ActionType  : Undefined
	MachineMode : Config
	MachineState: Idle
	PLC Object  : ScanHwModules
	PLC Action  : UNDEFIEND
	PLC AState  : 8

15.08.2025 11:05:58 -  1810 - server is in invalid state
	Description : 
	Time        : 11:05:40.88
	ActionType  : Undefined
	MachineMode : Config
	MachineState: Idle
	PLC Object  : ScanHwModules
	PLC Action  : UNDEFIEND
	PLC AState  : 8

15.08.2025 11:07:45 -  1810 - server is in invalid state
	Description : 
	Time        : 11:06:03.53
	ActionType  : Undefined
	MachineMode : Config
	MachineState: Idle
	PLC Object  : ScanHwModules
	PLC Action  : UNDEFIEND
	PLC AState  : 8

15.08.2025 11:08:47 -  1810 - server is in invalid state
	Description : 
	Time        : 11:06:03.53
	ActionType  : Undefined
	MachineMode : Config
	MachineState: Idle
	PLC Object  : ScanHwModules
	PLC Action  : UNDEFIEND
	PLC AState  : 8

15.08.2025 11:08:58 -  1810 - server is in invalid state
	Description : 
	Time        : 11:06:03.53
	ActionType  : Undefined
	MachineMode : Config
	MachineState: Idle
	PLC Object  : ScanHwModules
	PLC Action  : UNDEFIEND
	PLC AState  : 8

15.08.2025 11:09:48 -  1810 - server is in invalid state
	Description : 
	Time        : 11:06:03.53
	ActionType  : Undefined
	MachineMode : Config
	MachineState: Idle
	PLC Object  : ScanHwModules
	PLC Action  : UNDEFIEND
	PLC AState  : 8

15.08.2025 11:10:02 -  1810 - server is in invalid state
	Description : 
	Time        : 11:09:54.39
	ActionType  : Undefined
	MachineMode : Config
	MachineState: Idle
	PLC Object  : ScanHwModules
	PLC Action  : UNDEFIEND
	PLC AState  : 8

15.08.2025 11:14:52 - 42497 - Node not found
	Description : The CANopen node could not be found.
	Time        : 11:14:52.40
	Command     : EXECUTE_ACTION

15.08.2025 11:14:54 - 41556 - Head not in free Z-pos.
	Description : 
	Time        : 11:14:54.11
	ActionType  : InitDevices
	MachineMode : Init
	MachineState: Idle
	Object      : Gesim.GsHead(Head)
	PLC Object  : FB_MzHead
	PLC Action  : A_Init
	PLC AState  : 3

15.08.2025 11:19:09 - 41556 - Head not in free Z-pos.
	Description : 
	Time        : 11:14:54.11
	ActionType  : InitDevices
	MachineMode : Init
	MachineState: Idle
	Object      : Gesim.GsHead(Head)
	PLC Object  : FB_MzHead
	PLC Action  : A_Init
	PLC AState  : 3

15.08.2025 11:46:23 - 41525 - System fluid bottle empty
	Description : 
	Time        : 11:46:21.78
	ActionType  : Undefined
	MachineMode : Manu
	MachineState: Idle
	PLC Object  : FB_DeviceBase
	PLC Action  : UNDEFIEND
	PLC AState  : 0

15.08.2025 11:46:25 - 41525 - System fluid bottle empty
	Description : 
	Time        : 11:46:24.43
	ActionType  : Undefined
	MachineMode : Manu
	MachineState: Idle
	PLC Object  : FB_DeviceBase
	PLC Action  : UNDEFIEND
	PLC AState  : 0

15.08.2025 11:46:26 - 41525 - System fluid bottle empty
	Description : 
	Time        : 11:46:25.36
	ActionType  : Undefined
	MachineMode : Manu
	MachineState: Idle
	PLC Object  : FB_DeviceBase
	PLC Action  : UNDEFIEND
	PLC AState  : 0

15.08.2025 11:46:27 - 41525 - System fluid bottle empty
	Description : 
	Time        : 11:46:26.31
	ActionType  : Undefined
	MachineMode : Manu
	MachineState: Idle
	PLC Object  : FB_DeviceBase
	PLC Action  : UNDEFIEND
	PLC AState  : 0

15.08.2025 11:46:58 - 41525 - System fluid bottle empty
	Description : 
	Time        : 11:46:57.84
	ActionType  : Undefined
	MachineMode : Manu
	MachineState: Idle
	PLC Object  : FB_DeviceBase
	PLC Action  : UNDEFIEND
	PLC AState  : 0

15.08.2025 11:58:50 - 42497 - Node not found
	Description : The CANopen node could not be found.
	Time        : 11:58:50.08
	Command     : EXECUTE_ACTION

15.08.2025 11:58:52 - 41556 - Head not in free Z-pos.
	Description : 
	Time        : 11:58:51.62
	ActionType  : InitDevices
	MachineMode : Init
	MachineState: Idle
	Object      : Gesim.GsHead(Head)
	PLC Object  : FB_MzHead
	PLC Action  : A_Init
	PLC AState  : 3

15.08.2025 11:59:00 - 41478 - Invalid state
	Description : Command can not be executed in this state.
	Time        : 11:59:00.32
	Command     : EXECUTE_ACTION

15.08.2025 12:00:05 - 42497 - Node not found
	Description : The CANopen node could not be found.
	Time        : 12:00:05.00
	Command     : EXECUTE_ACTION

15.08.2025 12:00:07 - 41556 - Head not in free Z-pos.
	Description : 
	Time        : 12:00:06.38
	ActionType  : InitDevices
	MachineMode : Init
	MachineState: Idle
	Object      : Gesim.GsHead(Head)
	PLC Object  : FB_MzHead
	PLC Action  : A_Init
	PLC AState  : 3

15.08.2025 12:00:30 - 41478 - Invalid state
	Description : Command can not be executed in this state.
	Time        : 12:00:30.72
	Command     : EXECUTE_ACTION

15.08.2025 12:00:35 - 41478 - Invalid state
	Description : Command can not be executed in this state.
	Time        : 12:00:35.35
	Command     : EXECUTE_ACTION

15.08.2025 12:00:37 - 41478 - Invalid state
	Description : Command can not be executed in this state.
	Time        : 12:00:37.63
	Command     : EXECUTE_ACTION

15.08.2025 12:02:02 - 42497 - Node not found
	Description : The CANopen node could not be found.
	Time        : 12:02:02.74
	Command     : EXECUTE_ACTION

15.08.2025 12:02:04 - 41556 - Head not in free Z-pos.
	Description : 
	Time        : 12:02:04.10
	ActionType  : InitDevices
	MachineMode : Init
	MachineState: Idle
	Object      : Gesim.GsHead(Head)
	PLC Object  : FB_MzHead
	PLC Action  : A_Init
	PLC AState  : 3

15.08.2025 12:02:24 - 41478 - Invalid state
	Description : Command can not be executed in this state.
	Time        : 12:02:24.59
	Command     : EXECUTE_ACTION

15.08.2025 12:02:29 - 41478 - Invalid state
	Description : Command can not be executed in this state.
	Time        : 12:02:29.08
	Command     : EXECUTE_ACTION

15.08.2025 12:02:38 - 41478 - Invalid state
	Description : Command can not be executed in this state.
	Time        : 12:02:38.63
	Command     : EXECUTE_ACTION

15.08.2025 12:03:07 - 41556 - Head not in free Z-pos.
	Description : 
	Time        : 12:03:07.00
	ActionType  : InitDevices
	MachineMode : Init
	MachineState: Active
	Object      : Gesim.GsHead(Head)
	PLC Object  : FB_MzHead
	PLC Action  : A_Init
	PLC AState  : 3

15.08.2025 12:03:55 - 41556 - Head not in free Z-pos.
	Description : 
	Time        : 12:03:54.92
	ActionType  : InitDevices
	MachineMode : Init
	MachineState: Active
	Object      : Gesim.GsHead(Head)
	PLC Object  : FB_MzHead
	PLC Action  : A_Init
	PLC AState  : 3

15.08.2025 12:03:59 - 41556 - Head not in free Z-pos.
	Description : 
	Time        : 12:03:58.99
	ActionType  : InitDevices
	MachineMode : Init
	MachineState: Active
	Object      : Gesim.GsHead(Head)
	PLC Object  : FB_MzHead
	PLC Action  : A_Init
	PLC AState  : 3

15.08.2025 12:04:27 - 41556 - Head not in free Z-pos.
	Description : 
	Time        : 12:04:26.45
	ActionType  : InitDevices
	MachineMode : Init
	MachineState: Active
	Object      : Gesim.GsHead(Head)
	PLC Object  : FB_MzHead
	PLC Action  : A_Init
	PLC AState  : 3

15.08.2025 12:05:12 - 41556 - Head not in free Z-pos.
	Description : 
	Time        : 12:05:11.63
	ActionType  : InitDevices
	MachineMode : Init
	MachineState: Active
	Object      : Gesim.GsHead(Head)
	PLC Object  : FB_MzHead
	PLC Action  : A_Init
	PLC AState  : 3

15.08.2025 12:05:37 - 41491 - Device not initialized
	Description : 
	Time        : 12:05:37.64
	Command     : EXECUTE_ACTION
	Object      : Gesim.GsPiezoPip(PiezoPipette Nano (Heatable))
	Action      : Jog

15.08.2025 12:05:37 - 41491 - Device not initialized
	Description : 
	Time        : 12:05:37.65
	Command     : EXECUTE_ACTION
	Object      : Gesim.GsPiezoPip(PiezoPipette Nano (Heatable))
	Action      : Jog

15.08.2025 12:05:42 - 41501 - Velocity out of range
	Description : 
	Time        : 12:05:41.61
	ActionType  : MoveZ
	MachineMode : Manu
	MachineState: Active
	Object      : Gesim.GsPiezoPip(PiezoPipette Nano (Heatable))
	PLC Object  : FB_MzTool
	PLC Action  : A_MoveZ
	PLC AState  : 0

15.08.2025 12:05:42 - 41501 - Velocity out of range
	Description : 
	Time        : 12:05:41.61
	ActionType  : MoveZ
	MachineMode : Manu
	MachineState: Active
	Object      : Gesim.GsCartridgeDisp(Cartridge Dispenser (10ml))
	PLC Object  : FB_MzTool
	PLC Action  : A_MoveZ
	PLC AState  : 0

15.08.2025 12:09:17 - 42497 - Node not found
	Description : The CANopen node could not be found.
	Time        : 12:09:17.25
	Command     : EXECUTE_ACTION

15.08.2025 12:13:49 - 18000 - Drive hardware not ready to operate
	Description : 
	Time        : 12:13:48.51
	ActionType  : Undefined
	MachineMode : Manu
	MachineState: Active
	PLC Object  : UNDEFIEND
	PLC Action  : UNDEFIEND
	PLC AState  : 0

15.08.2025 12:13:49 - 18000 - Drive hardware not ready to operate
	Description : 
	Time        : 12:13:48.52
	ActionType  : MoveXY
	MachineMode : Manu
	MachineState: Active
	Object      : Gesim.GsPiezoPip(PiezoPipette Nano (Heatable))
	PLC Object  : FB_MzBase
	PLC Action  : A_MoveXY
	PLC AState  : 3

15.08.2025 12:13:49 - 18000 - Drive hardware not ready to operate
	Description : 
	Time        : 12:13:48.53
	ActionType  : WashTool
	MachineMode : Manu
	MachineState: Active
	Object      : Gesim.GsPiezoPip(PiezoPipette Nano (Heatable))
	PLC Object  : FB_ComplexAction
	PLC Action  : A_WashTool
	PLC AState  : 1

21.08.2025 12:17:59 - 41503 - Configuration not activated
	Description : 
	Time        : 12:17:59.76
	Command     : CHANGE_MODE

21.08.2025 13:04:15 - 41525 - System fluid bottle empty
	Description : 
	Time        : 13:04:14.83
	ActionType  : Undefined
	MachineMode : Manu
	MachineState: Idle
	PLC Object  : FB_DeviceBase
	PLC Action  : UNDEFIEND
	PLC AState  : 0

21.08.2025 13:04:30 - 41525 - System fluid bottle empty
	Description : 
	Time        : 13:04:30.60
	ActionType  : Undefined
	MachineMode : Manu
	MachineState: Idle
	PLC Object  : FB_DeviceBase
	PLC Action  : UNDEFIEND
	PLC AState  : 0

21.08.2025 13:04:32 - 41525 - System fluid bottle empty
	Description : 
	Time        : 13:04:31.97
	ActionType  : Undefined
	MachineMode : Manu
	MachineState: Idle
	PLC Object  : FB_DeviceBase
	PLC Action  : UNDEFIEND
	PLC AState  : 0

21.08.2025 13:21:01 - 41525 - System fluid bottle empty
	Description : 
	Time        : 13:21:00.87
	ActionType  : Undefined
	MachineMode : Manu
	MachineState: Idle
	PLC Object  : FB_DeviceBase
	PLC Action  : UNDEFIEND
	PLC AState  : 0

21.08.2025 13:21:02 - 41525 - System fluid bottle empty
	Description : 
	Time        : 13:21:02.15
	ActionType  : Undefined
	MachineMode : Manu
	MachineState: Idle
	PLC Object  : FB_DeviceBase
	PLC Action  : UNDEFIEND
	PLC AState  : 0

21.08.2025 13:46:27 - 41473 - Invalid mode
	Description : Command cannot be executed in this mode.
	Time        : 13:46:27.55
	Command     : EXECUTE_ACTION
	Object      : Gesim.GsPiezoPip(PiezoPipette Nano (Heatable))
	Action      : Wash->Washpoint 1->WashInOutside->10000 µl->50 µl/s->30 s

22.08.2025 09:15:56 - 41525 - System fluid bottle empty
	Description : 
	Time        : 09:15:56.25
	ActionType  : Undefined
	MachineMode : Manu
	MachineState: Idle
	PLC Object  : FB_DeviceBase
	PLC Action  : UNDEFIEND
	PLC AState  : 0

22.08.2025 10:03:07 - 41473 - Invalid mode
	Description : Command cannot be executed in this mode.
	Time        : 10:03:07.41
	Command     : EXECUTE_ACTION
	Object      : Gesim.GsPiezoPip(PiezoPipette Nano (Heatable))
	Action      : Wash->Washpoint 1->WashInOutside->10 µl->10 µl/s->60 s

22.08.2025 10:04:21 - 41473 - Invalid mode
	Description : Command cannot be executed in this mode.
	Time        : 10:04:21.76
	Command     : EXECUTE_ACTION
	Object      : Gesim.GsPiezoPip(PiezoPipette Nano (Heatable))
	Action      : Wash->Washpoint 1->WashInOutside->10 µl->10 µl/s->60 s

22.08.2025 10:12:44 - 41473 - Invalid mode
	Description : Command cannot be executed in this mode.
	Time        : 10:12:44.41
	Command     : EXECUTE_ACTION
	Object      : Gesim.GsCartridgeDisp(Cartridge Dispenser (10ml))
	Action      : Set Vacuum->-90 kPa

26.08.2025 09:43:22 - 41995 - InvalidToolConfig
	Description : 
	Time        : 09:43:25.14
	ActionType  : Undefined
	MachineMode : Config
	MachineState: Active
	PLC Object  : FB_MultiZRef
	PLC Action  : A_SetConfig
	PLC AState  : 0

26.08.2025 09:43:23 - 41995 - InvalidToolConfig
	Description : 
	Time        : 09:43:25.15
	ActionType  : Undefined
	MachineMode : Config
	MachineState: Active
	PLC Object  : FB_Configuration
	PLC Action  : A_Activate
	PLC AState  : 0

26.08.2025 10:10:51 - 18000 - Drive hardware not ready to operate
	Description : 
	Time        : 10:10:50.97
	ActionType  : Undefined
	MachineMode : Init
	MachineState: Active
	PLC Object  : UNDEFIEND
	PLC Action  : UNDEFIEND
	PLC AState  : 0

26.08.2025 10:10:52 - 18000 - Drive hardware not ready to operate
	Description : 
	Time        : 10:10:51.12
	ActionType  : InitDevices
	MachineMode : Init
	MachineState: Active
	Object      : Gesim.GsHead(Head)
	PLC Object  : FB_MzHead
	PLC Action  : A_Init
	PLC AState  : 40

26.08.2025 11:29:22 - 41216 - Communication timeout
	Description : Communication timeout - diluter.
	Time        : 11:29:21.28
	ActionType  : InitDevices
	MachineMode : Init
	MachineState: Active
	PLC Object  : FB_Diluter
	PLC Action  : A_Init
	PLC AState  : 1

26.08.2025 11:29:56 - 41473 - Invalid mode
	Description : Command cannot be executed in this mode.
	Time        : 11:29:56.44
	Command     : EXECUTE_ACTION
	Object      : Gesim.GsCartridgeDisp(Cartridge Dispenser (10ml))
	Action      : Set Pressure->5 kPa

11.03.2026 11:08:41 - 42497 - Node not found
	Description : The CANopen node could not be found.
	Time        : 11:08:39.37
	ActionType  : Undefined
	MachineMode : Config
	MachineState: Idle
	PLC Object  : ScanHwModules
	PLC Action  : UNDEFIEND
	PLC AState  : 11

11.03.2026 11:18:16 - 41478 - Invalid state
	Description : Command can not be executed in this state.
	Time        : 11:18:16.22
	Command     : FIRMWARE_UPDATE_CAN

11.03.2026 12:02:58 -  1864 - ADS port not opened
	Description : Internal error
	Time        : 12:02:58.91
	Command     : CHANGE_MODE

11.03.2026 12:16:07 - 41478 - Invalid state
	Description : Command can not be executed in this state.
	Time        : 12:16:07.33
	Command     : SETUP_AXIS

11.03.2026 12:16:17 - 41728 - No Z-axis
	Description : Z-axis is not available - Internal error (1)
	Time        : 12:16:17.40
	Command     : SETUP_AXIS

11.03.2026 12:16:47 - 41478 - Invalid state
	Description : Command can not be executed in this state.
	Time        : 12:16:47.12
	Command     : SETUP_AXIS

11.03.2026 12:41:22 - 41478 - Invalid state
	Description : Command can not be executed in this state.
	Time        : 12:41:22.58
	Command     : SETUP_AXIS

11.03.2026 12:41:27 -  1864 - ADS port not opened
	Description : Internal error
	Time        : 12:41:27.11
	Command     : STOP

11.03.2026 12:46:58 - 41478 - Invalid state
	Description : Command can not be executed in this state.
	Time        : 12:46:58.03
	Command     : SETUP_AXIS

11.03.2026 12:47:09 - 41478 - Invalid state
	Description : Command can not be executed in this state.
	Time        : 12:47:09.64
	Command     : SETUP_AXIS

11.03.2026 12:47:17 - 41478 - Invalid state
	Description : Command can not be executed in this state.
	Time        : 12:47:17.91
	Command     : SETUP_AXIS

11.03.2026 12:49:21 - 41474 - Mode change impossible
	Description : Mode can only be changed in state "idle".
	Time        : 12:49:21.16
	Command     : CHANGE_MODE

11.03.2026 12:50:25 -  1864 - ADS port not opened
	Description : Internal error
	Time        : 12:50:25.38
	Command     : CHANGE_MODE

11.03.2026 12:50:27 -  1864 - ADS port not opened
	Description : Internal error
	Time        : 12:50:27.39
	Command     : WRITE_HW_PROP
	Comment     : ModulId: 65537 PropType: RefPos1 Value: 200000

11.03.2026 13:33:40 - 41216 - Communication timeout
	Description : Communication timeout - diluter.
	Time        : 13:33:40.30
	ActionType  : InitDevices
	MachineMode : Init
	MachineState: Active
	PLC Object  : FB_Diluter
	PLC Action  : A_Init
	PLC AState  : 1

11.03.2026 13:33:40 - 41730 - Limit switch failed
	Description : Limit switch defect - Internal error (3)
	Time        : 13:33:40.39
	ActionType  : Undefined
	MachineMode : Init
	MachineState: Error
	PLC Object  : FB_MultiZRef
	PLC Action  : A_Monitor
	PLC AState  : 0
	Error ID 2  : 251658840

11.03.2026 13:33:41 - 41216 - Communication timeout
	Description : Communication timeout - diluter.
	Time        : 13:33:40.53
	ActionType  : InitDevices
	MachineMode : Init
	MachineState: Error
	PLC Object  : FB_Diluter
	PLC Action  : A_Init
	PLC AState  : 1

11.03.2026 13:33:41 - 41216 - Communication timeout
	Description : Communication timeout - diluter.
	Time        : 13:33:40.76
	ActionType  : InitDevices
	MachineMode : Init
	MachineState: Error
	PLC Object  : FB_Diluter
	PLC Action  : A_Init
	PLC AState  : 1

11.03.2026 13:33:41 - 41216 - Communication timeout
	Description : Communication timeout - diluter.
	Time        : 13:33:40.99
	ActionType  : InitDevices
	MachineMode : Init
	MachineState: Error
	PLC Object  : FB_Diluter
	PLC Action  : A_Init
	PLC AState  : 1

11.03.2026 13:34:16 - 41730 - Limit switch failed
	Description : Limit switch defect - Internal error (3)
	Time        : 13:34:16.28
	ActionType  : InitDevices
	MachineMode : Init
	MachineState: Active
	Object      : Gesim.GsHead(Head)
	PLC Object  : FB_MzHead
	PLC Action  : A_Init
	PLC AState  : 2

11.03.2026 13:34:31 - 41730 - Limit switch failed
	Description : Limit switch defect - Internal error (3)
	Time        : 13:34:30.64
	ActionType  : InitDevices
	MachineMode : Init
	MachineState: Active
	Object      : Gesim.GsHead(Head)
	PLC Object  : FB_MzHead
	PLC Action  : A_Init
	PLC AState  : 2

11.03.2026 13:39:32 - 41730 - Limit switch failed
	Description : Limit switch defect - Internal error (3)
	Time        : 13:39:32.03
	ActionType  : InitDevices
	MachineMode : Init
	MachineState: Active
	Object      : Gesim.GsHead(Head)
	PLC Object  : FB_MzHead
	PLC Action  : A_Init
	PLC AState  : 2

11.03.2026 13:40:02 - 41730 - Limit switch failed
	Description : Limit switch defect - Internal error (3)
	Time        : 13:40:01.80
	ActionType  : InitDevices
	MachineMode : Init
	MachineState: Active
	Object      : Gesim.GsHead(Head)
	PLC Object  : FB_MzHead
	PLC Action  : A_Init
	PLC AState  : 2

11.03.2026 13:40:07 - 41730 - Limit switch failed
	Description : Limit switch defect - Internal error (3)
	Time        : 13:40:01.80
	ActionType  : InitDevices
	MachineMode : Init
	MachineState: Active
	Object      : Gesim.GsHead(Head)
	PLC Object  : FB_MzHead
	PLC Action  : A_Init
	PLC AState  : 2

11.03.2026 13:40:14 - 41730 - Limit switch failed
	Description : Limit switch defect - Internal error (3)
	Time        : 13:40:13.35
	ActionType  : InitDevices
	MachineMode : Init
	MachineState: Active
	Object      : Gesim.GsHead(Head)
	PLC Object  : FB_MzHead
	PLC Action  : A_Init
	PLC AState  : 2

11.03.2026 13:40:44 - 41730 - Limit switch failed
	Description : Limit switch defect - Internal error (3)
	Time        : 13:40:43.29
	ActionType  : InitDevices
	MachineMode : Init
	MachineState: Active
	Object      : Gesim.GsHead(Head)
	PLC Object  : FB_MzHead
	PLC Action  : A_Init
	PLC AState  : 2

11.03.2026 13:41:19 - 41730 - Limit switch failed
	Description : Limit switch defect - Internal error (3)
	Time        : 13:41:18.44
	ActionType  : InitDevices
	MachineMode : Init
	MachineState: Active
	Object      : Gesim.GsHead(Head)
	PLC Object  : FB_MzHead
	PLC Action  : A_Init
	PLC AState  : 2

11.03.2026 13:41:37 - 41730 - Limit switch failed
	Description : Limit switch defect - Internal error (3)
	Time        : 13:41:36.46
	ActionType  : InitDevices
	MachineMode : Init
	MachineState: Active
	Object      : Gesim.GsHead(Head)
	PLC Object  : FB_MzHead
	PLC Action  : A_Init
	PLC AState  : 2

11.03.2026 13:41:42 - 41730 - Limit switch failed
	Description : Limit switch defect - Internal error (3)
	Time        : 13:41:36.46
	ActionType  : InitDevices
	MachineMode : Init
	MachineState: Active
	Object      : Gesim.GsHead(Head)
	PLC Object  : FB_MzHead
	PLC Action  : A_Init
	PLC AState  : 2

11.03.2026 13:41:49 - 41730 - Limit switch failed
	Description : Limit switch defect - Internal error (3)
	Time        : 13:41:48.78
	ActionType  : InitDevices
	MachineMode : Init
	MachineState: Active
	Object      : Gesim.GsHead(Head)
	PLC Object  : FB_MzHead
	PLC Action  : A_Init
	PLC AState  : 2

12.03.2026 15:38:05 - 41568 - Target position out of range - Z
	Description : Tool cannot move to target.
	Time        : 15:38:05.73
	Command     : EXECUTE_ACTION
	Object      : Gesim.GsCamera(IC)
	Action      : Move to Target->Point->Center

12.03.2026 15:38:11 - 41568 - Target position out of range - Z
	Description : Tool cannot move to target.
	Time        : 15:38:11.24
	Command     : EXECUTE_ACTION
	Object      : Gesim.GsCamera(IC)
	Action      : Move to Target->Point->Center

12.03.2026 15:38:16 - 41568 - Target position out of range - Z
	Description : Tool cannot move to target.
	Time        : 15:38:16.14
	Command     : EXECUTE_ACTION
	Object      : Gesim.GsCamera(IC)
	Action      : Move to Target->Point->Center

12.03.2026 15:38:24 - 41568 - Target position out of range - Z
	Description : Tool cannot move to target.
	Time        : 15:38:24.43
	Command     : EXECUTE_ACTION
	Object      : Gesim.GsCamera(IC)
	Action      : Move to Target->Point->Center

12.03.2026 15:38:32 - 41568 - Target position out of range - Z
	Description : Tool cannot move to target.
	Time        : 15:38:32.18
	Command     : EXECUTE_ACTION
	Object      : Gesim.GsCamera(IC)
	Action      : Move to Target->Point->Center

12.03.2026 15:38:35 - 41568 - Target position out of range - Z
	Description : Tool cannot move to target.
	Time        : 15:38:35.35
	Command     : EXECUTE_ACTION
	Object      : Gesim.GsCamera(IC)
	Action      : Move to Target->Point->Center

12.03.2026 15:39:03 - 41568 - Target position out of range - Z
	Description : Tool cannot move to target.
	Time        : 15:39:03.08
	Command     : EXECUTE_ACTION
	Object      : Gesim.GsCamera(IC)
	Action      : Move to Target->Point->Center

12.03.2026 15:39:06 - 41568 - Target position out of range - Z
	Description : Tool cannot move to target.
	Time        : 15:39:06.06
	Command     : EXECUTE_ACTION
	Object      : Gesim.GsCamera(IC)
	Action      : Move to Target->Point->Center

12.03.2026 15:48:28 - 41986 - TimeoutWaitTargetReached
	Description : Internal error
	Time        : 15:48:27.66
	ActionType  : InitDevices
	MachineMode : Init
	MachineState: Active
	Object      : Gesim.GsCamera(Camera_Microscope_TSO)
	PLC Object  : FB_MzTool
	PLC Action  : A_Init
	PLC AState  : 1

12.03.2026 15:56:06 - 50013 - Changed configuration
	Description : The current configuration has changed significantly. Some settings might have changed.
	Time        : 15:56:06.57

12.03.2026 16:00:53 - 41503 - Configuration not activated
	Description : 
	Time        : 16:00:53.61
	Command     : CHANGE_MODE

12.03.2026 16:00:57 - 50005 - Connection error
	Description : The connection to the device could not be established.
	Time        : 16:00:57.64
	Exception   : System.InvalidOperationException: Dieser BackgroundWorker ist derzeit ausgelastet und kann nicht mehrere Aufgaben gleichzeitig ausführen.
   bei Gesim.GsMachine.Connect(String routeName, Boolean record, Boolean withoutActivation)
   bei GesimRobotics.ViewModels.Dialogs.DebugMenuDialog.connect()

12.03.2026 16:01:04 - 50005 - Connection error
	Description : The connection to the device could not be established.
	Time        : 16:01:04.51
	Exception   : System.InvalidOperationException: Dieser BackgroundWorker ist derzeit ausgelastet und kann nicht mehrere Aufgaben gleichzeitig ausführen.
   bei Gesim.GsMachine.Connect(String routeName, Boolean record, Boolean withoutActivation)
   bei GesimRobotics.ViewModels.Dialogs.DebugMenuDialog.connect()

17.03.2026 10:59:30 - 50013 - Changed configuration
	Description : The current configuration has changed significantly. Some settings might have changed.
	Time        : 10:59:30.50

17.03.2026 11:09:49 - 50013 - Changed configuration
	Description : The current configuration has changed significantly. Some settings might have changed.
	Time        : 11:09:49.21

17.03.2026 13:35:59 - 41568 - Target position out of range - Z
	Description : Tool cannot move to target.
	Time        : 13:35:59.65
	Command     : EXECUTE_ACTION
	Object      : Gesim.GsCamera(Camera_Microscope_TSO)
	Action      : Move to Target->Point->Center

17.03.2026 13:36:11 - 41568 - Target position out of range - Z
	Description : Tool cannot move to target.
	Time        : 13:36:11.87
	Command     : EXECUTE_ACTION
	Object      : Gesim.GsCamera(Camera_Microscope_TSO)
	Action      : Move to Target->Point->Center

17.03.2026 13:36:34 - 41568 - Target position out of range - Z
	Description : Tool cannot move to target.
	Time        : 13:36:34.62
	Command     : EXECUTE_ACTION
	Object      : Gesim.GsCamera(Camera_Microscope_TSO)
	Action      : Move to Target->Point->Center

17.03.2026 13:36:49 - 41568 - Target position out of range - Z
	Description : Tool cannot move to target.
	Time        : 13:36:49.30
	Command     : EXECUTE_ACTION
	Object      : Gesim.GsCamera(Camera_Microscope_TSO)
	Action      : Move to Target->Point->Center

17.03.2026 13:36:53 - 41568 - Target position out of range - Z
	Description : Tool cannot move to target.
	Time        : 13:36:53.69
	Command     : EXECUTE_ACTION
	Object      : Gesim.GsCamera(Camera_Microscope_TSO)
	Action      : Move to Target->Point->Center

17.03.2026 13:36:59 - 41568 - Target position out of range - Z
	Description : Tool cannot move to target.
	Time        : 13:36:59.19
	Command     : EXECUTE_ACTION
	Object      : Gesim.GsCamera(Camera_Microscope_TSO)
	Action      : Move to Target->Point->Center

17.03.2026 13:41:20 - 50013 - Changed configuration
	Description : The current configuration has changed significantly. Some settings might have changed.
	Time        : 13:41:20.47

17.03.2026 13:43:29 - 41568 - Target position out of range - Z
	Description : Tool cannot move to target.
	Time        : 13:43:29.80
	Command     : EXECUTE_ACTION
	Object      : Gesim.GsCamera(Camera_Microscope_ImaginSource)
	Action      : Move to Target->Point->Center

17.03.2026 13:43:40 - 41568 - Target position out of range - Z
	Description : Tool cannot move to target.
	Time        : 13:43:40.17
	Command     : EXECUTE_ACTION
	Object      : Gesim.GsCamera(Camera_Microscope_ImaginSource)
	Action      : Move to Target->Point->Center

17.03.2026 13:43:44 - 41568 - Target position out of range - Z
	Description : Tool cannot move to target.
	Time        : 13:43:44.78
	Command     : EXECUTE_ACTION
	Object      : Gesim.GsCamera(Camera_Microscope_ImaginSource)
	Action      : Move to Target->Point->Center

17.03.2026 13:45:57 - 50002 - Camera not responding
	Description : The camera is not responding to commands.
	Time        : 13:45:57.01
	Exception   : ic4.IC4Exception: Grabber.StreamSetup: start_live: Failed so start acquisition (Failed to execute AcquisitionStart: Generic Error)
   bei ic4.IC4Exception.ThrowLastError(Assembly wrappingAssembly, Boolean throwIfNoError, IEnumerable`1 ignoreErrors)
   bei ic4.Grabber.StreamSetup(Sink sink, StreamSetupOption setupOption)
   bei Gesim.Imaging.ISCameraImage.start()
   bei GesimRobotics.ViewModels.CameraControl.startCamera(Boolean continuous)

17.03.2026 13:46:03 - 50002 - Camera not responding
	Description : The camera is not responding to commands.
	Time        : 13:46:03.50
	Exception   : ic4.IC4Exception: Grabber.StreamSetup: start_live: Failed so start acquisition (Failed to execute AcquisitionStart: Generic Error)
   bei ic4.IC4Exception.ThrowLastError(Assembly wrappingAssembly, Boolean throwIfNoError, IEnumerable`1 ignoreErrors)
   bei ic4.Grabber.StreamSetup(Sink sink, StreamSetupOption setupOption)
   bei Gesim.Imaging.ISCameraImage.start()
   bei GesimRobotics.ViewModels.CameraControl.startCamera(Boolean continuous)

17.03.2026 13:46:49 - 50001 - Camera not found
	Description : The specified camera could not be found.
	Time        : 13:46:49.01
	Exception   : System.InvalidOperationException: Die Sequenz enthält kein übereinstimmendes Element.
   bei System.Linq.Enumerable.First[TSource](IEnumerable`1 source, Func`2 predicate)
   bei GesimRobotics.CameraOptions.GetCamera(String id)
   bei GesimRobotics.ViewModels.CameraControl..ctor(String id, CameraType type)

17.03.2026 14:23:39 - 50003 - Camera connection lost
	Description : The connection to the camera has been lost.
	Time        : 14:23:39.97

18.03.2026 10:20:16 - 50013 - Changed configuration
	Description : The current configuration has changed significantly. Some settings might have changed.
	Time        : 10:20:16.92

18.03.2026 10:22:22 - 50013 - Changed configuration
	Description : The current configuration has changed significantly. Some settings might have changed.
	Time        : 10:22:22.03

18.03.2026 10:29:55 - 41568 - Target position out of range - Z
	Description : Tool cannot move to target.
	Time        : 10:29:55.37
	Command     : EXECUTE_ACTION
	Object      : Gesim.GsCamera(Camera_Microscope_ImaginSource)
	Action      : Move to Target->Point->Center

19.03.2026 08:06:32 - 41734 - Low position accuracy
	Description : Target not reached with required accuracy but motor has stopped - Internal error (7)
	Time        : 08:06:32.43
	ActionType  : MoveZ
	MachineMode : Manu
	MachineState: Active
	Object      : Gesim.GsCamera(Camera_Condensor_TSO)
	PLC Object  : FB_MzTool
	PLC Action  : A_MoveZ
	PLC AState  : 0

19.03.2026 08:06:33 - 41734 - Low position accuracy
	Description : Target not reached with required accuracy but motor has stopped - Internal error (7)
	Time        : 08:06:32.44
	ActionType  : MoveToTarget
	MachineMode : Manu
	MachineState: Active
	PLC Object  : FB_ComplexAction
	PLC Action  : A_MoveToTarget
	PLC AState  : 0

19.03.2026 08:06:35 - 41473 - Invalid mode
	Description : Command cannot be executed in this mode.
	Time        : 08:06:35.53
	Command     : EXECUTE_ACTION
	Object      : Gesim.GsHead(Head)
	Action      : MoveZ->Home

19.03.2026 08:07:12 - 41568 - Target position out of range - Z
	Description : Tool cannot move to target.
	Time        : 08:07:12.81
	Command     : EXECUTE_ACTION
	Object      : Gesim.GsCamera(Camera_Condensor_TSO)
	Action      : Move to Target->TipCalibrator->LeftBottom

19.03.2026 08:07:17 - 41568 - Target position out of range - Z
	Description : Tool cannot move to target.
	Time        : 08:07:17.57
	Command     : EXECUTE_ACTION
	Object      : Gesim.GsCamera(Camera_Condensor_TSO)
	Action      : Move to Target->TipCalibrator->LeftBottom

19.03.2026 09:44:36 - 41568 - Target position out of range - Z
	Description : Tool cannot move to target.
	Time        : 09:44:36.43
	Command     : EXECUTE_ACTION
	Object      : Gesim.GsCamera(Camera_Microscope_ImaginSource)
	Action      : Move to Target->Point->Center

19.03.2026 09:44:41 - 41568 - Target position out of range - Z
	Description : Tool cannot move to target.
	Time        : 09:44:41.36
	Command     : EXECUTE_ACTION
	Object      : Gesim.GsCamera(Camera_Microscope_ImaginSource)
	Action      : Move to Target->Point->Center

19.03.2026 09:44:59 - 41568 - Target position out of range - Z
	Description : Tool cannot move to target.
	Time        : 09:44:59.82
	Command     : EXECUTE_ACTION
	Object      : Gesim.GsCamera(Camera_Microscope_ImaginSource)
	Action      : Move to Target->Point->Center

19.03.2026 11:38:06 - 50002 - Camera not responding
	Description : The camera is not responding to commands.
	Time        : 11:38:05.71
	Exception   : ic4.IC4Exception: Grabber.StreamSetup: start_live: Failed so start acquisition (Failed to execute AcquisitionStart: Generic Error)
   bei ic4.IC4Exception.ThrowLastError(Assembly wrappingAssembly, Boolean throwIfNoError, IEnumerable`1 ignoreErrors)
   bei ic4.Grabber.StreamSetup(Sink sink, StreamSetupOption setupOption)
   bei Gesim.Imaging.ISCameraImage.start()
   bei GesimRobotics.ViewModels.CameraControl.startCamera(Boolean continuous)

19.03.2026 11:45:32 - 50003 - Camera connection lost
	Description : The connection to the camera has been lost.
	Time        : 11:45:32.99

19.03.2026 11:47:26 - 50013 - Changed configuration
	Description : The current configuration has changed significantly. Some settings might have changed.
	Time        : 11:47:26.41

19.03.2026 14:49:08 - 18000 - Drive hardware not ready to operate
	Description : 
	Time        : 14:49:08.24
	ActionType  : Undefined
	MachineMode : Manu
	MachineState: Active
	PLC Object  : UNDEFIEND
	PLC Action  : UNDEFIEND
	PLC AState  : 0

19.03.2026 14:49:08 - 18000 - Drive hardware not ready to operate
	Description : 
	Time        : 14:49:08.25
	ActionType  : MoveXY
	MachineMode : Manu
	MachineState: Active
	Object      : Gesim.GsCamera(Camera_Condensor_TSO)
	PLC Object  : FB_MzBase
	PLC Action  : A_MoveXY
	PLC AState  : 3

19.03.2026 14:49:08 - 18000 - Drive hardware not ready to operate
	Description : 
	Time        : 14:49:08.26
	ActionType  : MoveToTarget
	MachineMode : Manu
	MachineState: Active
	PLC Object  : FB_ComplexAction
	PLC Action  : A_MoveToTarget
	PLC AState  : 0

19.03.2026 14:53:13 - 41568 - Target position out of range - Z
	Description : Tool cannot move to target.
	Time        : 14:53:13.37
	Command     : EXECUTE_ACTION
	Object      : Gesim.GsCamera(Camera_Microscope_ImaginSource)
	Action      : Move to Target->KameraJustierPoint->Center

19.03.2026 15:07:59 - 50013 - Changed configuration
	Description : The current configuration has changed significantly. Some settings might have changed.
	Time        : 15:07:59.58

19.03.2026 15:41:27 - 41568 - Target position out of range - Z
	Description : Tool cannot move to target.
	Time        : 15:41:27.23
	Command     : EXECUTE_ACTION
	Object      : Gesim.GsCamera(Camera_Microscope_ImaginSource)
	Action      : Move to Target->SpotArray->Array->Col: 1 Row: 1

19.03.2026 15:44:56 - 41568 - Target position out of range - Z
	Description : Tool cannot move to target.
	Time        : 15:44:56.88
	Command     : EXECUTE_ACTION
	Object      : Gesim.GsCamera(Camera_Microscope_ImaginSource)
	Action      : Move to Target->SpotArray->Array->Col: 58 Row: 1

19.03.2026 16:29:55 - 41482 - Complex action active
	Description : Device tried to execute several complex actions at once, the most likely cause is missing conditions.
	Time        : 16:29:55.81
	Command     : EXECUTE_ACTION
	Object      : Gesim.GsCamera(Camera_Condensor_TSO)
	Action      : Move to Target->SpotArray->Array->Col: 58 Row: 1

20.03.2026 08:29:55 - 41568 - Target position out of range - Z
	Description : Tool cannot move to target.
	Time        : 08:29:55.66
	Command     : EXECUTE_ACTION
	Object      : Gesim.GsCamera(Camera_Microscope_ImaginSource)
	Action      : Move to Target->SpotArray->Array->Col: 58 Row: 1

20.03.2026 08:30:06 - 41568 - Target position out of range - Z
	Description : Tool cannot move to target.
	Time        : 08:30:06.29
	Command     : EXECUTE_ACTION
	Object      : Gesim.GsCamera(Camera_Microscope_ImaginSource)
	Action      : Move to Target->SpotArray->Array->Col: 58 Row: 1

20.03.2026 10:35:55 - 41749 - FollowingErrorZAxis
	Description : 
	Time        : 10:35:55.34
	ActionType  : MoveZ
	MachineMode : Manu
	MachineState: Active
	Object      : Gesim.GsCamera(IC)
	PLC Object  : FB_MzTool
	PLC Action  : A_MoveZ
	PLC AState  : 0

20.03.2026 10:35:55 - 41749 - FollowingErrorZAxis
	Description : 
	Time        : 10:35:55.55
	ActionType  : MoveZ
	MachineMode : Manu
	MachineState: Error
	Object      : Gesim.GsCamera(Camera_Condensor_TSO)
	PLC Object  : FB_MzTool
	PLC Action  : A_MoveZ
	PLC AState  : 0

20.03.2026 10:36:08 - 42497 - Node not found
	Description : The CANopen node could not be found.
	Time        : 10:36:08.40
	ActionType  : Undefined
	MachineMode : Manu
	MachineState: Reset
	PLC Object  : FB_MultiZRef
	PLC Action  : A_Reset
	PLC AState  : 22

20.03.2026 10:36:08 - 42497 - Node not found
	Description : The CANopen node could not be found.
	Time        : 10:36:08.41
	ActionType  : Undefined
	MachineMode : Manu
	MachineState: Reset
	PLC Object  : FB_MultiZRef
	PLC Action  : A_Reset
	PLC AState  : 0

20.03.2026 10:36:08 - 42497 - Node not found
	Description : The CANopen node could not be found.
	Time        : 10:36:08.42
	ActionType  : Undefined
	MachineMode : Manu
	MachineState: Reset
	PLC Object  : FB_MultiZRef
	PLC Action  : A_Reset
	PLC AState  : 0

20.03.2026 10:36:08 - 42497 - Node not found
	Description : The CANopen node could not be found.
	Time        : 10:36:08.43
	ActionType  : Undefined
	MachineMode : Manu
	MachineState: Reset
	PLC Object  : FB_MultiZRef
	PLC Action  : A_Reset
	PLC AState  : 0

20.03.2026 10:36:09 - 42497 - Node not found
	Description : The CANopen node could not be found.
	Time        : 10:36:08.44
	ActionType  : Undefined
	MachineMode : Manu
	MachineState: Reset
	PLC Object  : FB_MultiZRef
	PLC Action  : A_Reset
	PLC AState  : 0

20.03.2026 10:36:09 - 42497 - Node not found
	Description : The CANopen node could not be found.
	Time        : 10:36:08.45
	ActionType  : Undefined
	MachineMode : Manu
	MachineState: Reset
	PLC Object  : FB_MultiZRef
	PLC Action  : A_Reset
	PLC AState  : 0

20.03.2026 10:36:09 - 42497 - Node not found
	Description : The CANopen node could not be found.
	Time        : 10:36:08.46
	ActionType  : Undefined
	MachineMode : Manu
	MachineState: Reset
	PLC Object  : FB_MultiZRef
	PLC Action  : A_Reset
	PLC AState  : 0

20.03.2026 10:36:09 - 42497 - Node not found
	Description : The CANopen node could not be found.
	Time        : 10:36:08.47
	ActionType  : Undefined
	MachineMode : Manu
	MachineState: Reset
	PLC Object  : FB_MultiZRef
	PLC Action  : A_Reset
	PLC AState  : 0

20.03.2026 10:36:09 - 42497 - Node not found
	Description : The CANopen node could not be found.
	Time        : 10:36:08.48
	ActionType  : Undefined
	MachineMode : Manu
	MachineState: Reset
	PLC Object  : FB_MultiZRef
	PLC Action  : A_Reset
	PLC AState  : 0

20.03.2026 10:36:09 - 42497 - Node not found
	Description : The CANopen node could not be found.
	Time        : 10:36:08.49
	ActionType  : Undefined
	MachineMode : Manu
	MachineState: Reset
	PLC Object  : FB_MultiZRef
	PLC Action  : A_Reset
	PLC AState  : 0

20.03.2026 10:36:09 - 42497 - Node not found
	Description : The CANopen node could not be found.
	Time        : 10:36:08.50
	ActionType  : Undefined
	MachineMode : Manu
	MachineState: Reset
	PLC Object  : FB_MultiZRef
	PLC Action  : A_Reset
	PLC AState  : 0

20.03.2026 10:36:09 - 42497 - Node not found
	Description : The CANopen node could not be found.
	Time        : 10:36:08.51
	ActionType  : Undefined
	MachineMode : Manu
	MachineState: Reset
	PLC Object  : FB_MultiZRef
	PLC Action  : A_Reset
	PLC AState  : 0

20.03.2026 10:36:09 - 42497 - Node not found
	Description : The CANopen node could not be found.
	Time        : 10:36:08.52
	ActionType  : Undefined
	MachineMode : Manu
	MachineState: Reset
	PLC Object  : FB_MultiZRef
	PLC Action  : A_Reset
	PLC AState  : 0

20.03.2026 10:36:09 - 42497 - Node not found
	Description : The CANopen node could not be found.
	Time        : 10:36:08.61
	ActionType  : Undefined
	MachineMode : Manu
	MachineState: Reset
	PLC Object  : FB_MultiZRef
	PLC Action  : A_Reset
	PLC AState  : 0

20.03.2026 10:36:09 - 42497 - Node not found
	Description : The CANopen node could not be found.
	Time        : 10:36:08.71
	ActionType  : Undefined
	MachineMode : Manu
	MachineState: Reset
	PLC Object  : FB_MultiZRef
	PLC Action  : A_Reset
	PLC AState  : 0

20.03.2026 10:36:10 - 42497 - Node not found
	Description : The CANopen node could not be found.
	Time        : 10:36:08.81
	ActionType  : Undefined
	MachineMode : Manu
	MachineState: Reset
	PLC Object  : FB_MultiZRef
	PLC Action  : A_Reset
	PLC AState  : 0

20.03.2026 10:36:10 - 42497 - Node not found
	Description : The CANopen node could not be found.
	Time        : 10:36:08.91
	ActionType  : Undefined
	MachineMode : Manu
	MachineState: Reset
	PLC Object  : FB_MultiZRef
	PLC Action  : A_Reset
	PLC AState  : 0

20.03.2026 10:36:10 - 42497 - Node not found
	Description : The CANopen node could not be found.
	Time        : 10:36:09.01
	ActionType  : Undefined
	MachineMode : Manu
	MachineState: Reset
	PLC Object  : FB_MultiZRef
	PLC Action  : A_Reset
	PLC AState  : 0

20.03.2026 10:36:10 - 42497 - Node not found
	Description : The CANopen node could not be found.
	Time        : 10:36:09.11
	ActionType  : Undefined
	MachineMode : Manu
	MachineState: Reset
	PLC Object  : FB_MultiZRef
	PLC Action  : A_Reset
	PLC AState  : 0

20.03.2026 10:36:10 - 42497 - Node not found
	Description : The CANopen node could not be found.
	Time        : 10:36:09.21
	ActionType  : Undefined
	MachineMode : Manu
	MachineState: Reset
	PLC Object  : FB_MultiZRef
	PLC Action  : A_Reset
	PLC AState  : 0

20.03.2026 10:36:10 - 42497 - Node not found
	Description : The CANopen node could not be found.
	Time        : 10:36:09.31
	ActionType  : Undefined
	MachineMode : Manu
	MachineState: Reset
	PLC Object  : FB_MultiZRef
	PLC Action  : A_Reset
	PLC AState  : 0

20.03.2026 10:36:10 - 42497 - Node not found
	Description : The CANopen node could not be found.
	Time        : 10:36:09.41
	ActionType  : Undefined
	MachineMode : Manu
	MachineState: Reset
	PLC Object  : FB_MultiZRef
	PLC Action  : A_Reset
	PLC AState  : 0

20.03.2026 10:36:10 - 42497 - Node not found
	Description : The CANopen node could not be found.
	Time        : 10:36:09.51
	ActionType  : Undefined
	MachineMode : Manu
	MachineState: Reset
	PLC Object  : FB_MultiZRef
	PLC Action  : A_Reset
	PLC AState  : 0

20.03.2026 10:36:10 - 42497 - Node not found
	Description : The CANopen node could not be found.
	Time        : 10:36:09.61
	ActionType  : Undefined
	MachineMode : Manu
	MachineState: Reset
	PLC Object  : FB_MultiZRef
	PLC Action  : A_Reset
	PLC AState  : 0

20.03.2026 10:36:10 - 42497 - Node not found
	Description : The CANopen node could not be found.
	Time        : 10:36:09.71
	ActionType  : Undefined
	MachineMode : Manu
	MachineState: Reset
	PLC Object  : FB_MultiZRef
	PLC Action  : A_Reset
	PLC AState  : 0

20.03.2026 10:36:11 - 42497 - Node not found
	Description : The CANopen node could not be found.
	Time        : 10:36:09.81
	ActionType  : Undefined
	MachineMode : Manu
	MachineState: Reset
	PLC Object  : FB_MultiZRef
	PLC Action  : A_Reset
	PLC AState  : 0

20.03.2026 10:36:11 - 42497 - Node not found
	Description : The CANopen node could not be found.
	Time        : 10:36:09.91
	ActionType  : Undefined
	MachineMode : Manu
	MachineState: Reset
	PLC Object  : FB_MultiZRef
	PLC Action  : A_Reset
	PLC AState  : 0

20.03.2026 10:36:11 - 42497 - Node not found
	Description : The CANopen node could not be found.
	Time        : 10:36:10.01
	ActionType  : Undefined
	MachineMode : Manu
	MachineState: Reset
	PLC Object  : FB_MultiZRef
	PLC Action  : A_Reset
	PLC AState  : 0

20.03.2026 10:36:11 - 42497 - Node not found
	Description : The CANopen node could not be found.
	Time        : 10:36:10.11
	ActionType  : Undefined
	MachineMode : Manu
	MachineState: Reset
	PLC Object  : FB_MultiZRef
	PLC Action  : A_Reset
	PLC AState  : 0

20.03.2026 10:36:11 - 42497 - Node not found
	Description : The CANopen node could not be found.
	Time        : 10:36:10.21
	ActionType  : Undefined
	MachineMode : Manu
	MachineState: Reset
	PLC Object  : FB_MultiZRef
	PLC Action  : A_Reset
	PLC AState  : 0

20.03.2026 10:36:11 - 42497 - Node not found
	Description : The CANopen node could not be found.
	Time        : 10:36:10.31
	ActionType  : Undefined
	MachineMode : Manu
	MachineState: Reset
	PLC Object  : FB_MultiZRef
	PLC Action  : A_Reset
	PLC AState  : 0

20.03.2026 10:36:11 - 42497 - Node not found
	Description : The CANopen node could not be found.
	Time        : 10:36:10.41
	ActionType  : Undefined
	MachineMode : Manu
	MachineState: Reset
	PLC Object  : FB_MultiZRef
	PLC Action  : A_Reset
	PLC AState  : 0

20.03.2026 10:36:11 - 42497 - Node not found
	Description : The CANopen node could not be found.
	Time        : 10:36:10.51
	ActionType  : Undefined
	MachineMode : Manu
	MachineState: Reset
	PLC Object  : FB_MultiZRef
	PLC Action  : A_Reset
	PLC AState  : 0

20.03.2026 10:36:11 - 42497 - Node not found
	Description : The CANopen node could not be found.
	Time        : 10:36:10.61
	ActionType  : Undefined
	MachineMode : Manu
	MachineState: Reset
	PLC Object  : FB_MultiZRef
	PLC Action  : A_Reset
	PLC AState  : 0

20.03.2026 10:36:12 - 42497 - Node not found
	Description : The CANopen node could not be found.
	Time        : 10:36:10.71
	ActionType  : Undefined
	MachineMode : Manu
	MachineState: Reset
	PLC Object  : FB_MultiZRef
	PLC Action  : A_Reset
	PLC AState  : 0

20.03.2026 10:36:12 - 42497 - Node not found
	Description : The CANopen node could not be found.
	Time        : 10:36:10.81
	ActionType  : Undefined
	MachineMode : Manu
	MachineState: Reset
	PLC Object  : FB_MultiZRef
	PLC Action  : A_Reset
	PLC AState  : 0

20.03.2026 10:36:12 - 42497 - Node not found
	Description : The CANopen node could not be found.
	Time        : 10:36:10.91
	ActionType  : Undefined
	MachineMode : Manu
	MachineState: Reset
	PLC Object  : FB_MultiZRef
	PLC Action  : A_Reset
	PLC AState  : 0

20.03.2026 10:36:12 - 42497 - Node not found
	Description : The CANopen node could not be found.
	Time        : 10:36:11.01
	ActionType  : Undefined
	MachineMode : Manu
	MachineState: Reset
	PLC Object  : FB_MultiZRef
	PLC Action  : A_Reset
	PLC AState  : 0

20.03.2026 10:36:12 - 42497 - Node not found
	Description : The CANopen node could not be found.
	Time        : 10:36:11.11
	ActionType  : Undefined
	MachineMode : Manu
	MachineState: Reset
	PLC Object  : FB_MultiZRef
	PLC Action  : A_Reset
	PLC AState  : 0

20.03.2026 10:36:12 - 42497 - Node not found
	Description : The CANopen node could not be found.
	Time        : 10:36:11.21
	ActionType  : Undefined
	MachineMode : Manu
	MachineState: Reset
	PLC Object  : FB_MultiZRef
	PLC Action  : A_Reset
	PLC AState  : 0

20.03.2026 10:36:12 - 42497 - Node not found
	Description : The CANopen node could not be found.
	Time        : 10:36:11.31
	ActionType  : Undefined
	MachineMode : Manu
	MachineState: Reset
	PLC Object  : FB_MultiZRef
	PLC Action  : A_Reset
	PLC AState  : 0

20.03.2026 10:36:12 - 42497 - Node not found
	Description : The CANopen node could not be found.
	Time        : 10:36:11.41
	ActionType  : Undefined
	MachineMode : Manu
	MachineState: Reset
	PLC Object  : FB_MultiZRef
	PLC Action  : A_Reset
	PLC AState  : 0

20.03.2026 10:36:12 - 42497 - Node not found
	Description : The CANopen node could not be found.
	Time        : 10:36:11.51
	ActionType  : Undefined
	MachineMode : Manu
	MachineState: Reset
	PLC Object  : FB_MultiZRef
	PLC Action  : A_Reset
	PLC AState  : 0

20.03.2026 10:36:12 - 42497 - Node not found
	Description : The CANopen node could not be found.
	Time        : 10:36:11.61
	ActionType  : Undefined
	MachineMode : Manu
	MachineState: Reset
	PLC Object  : FB_MultiZRef
	PLC Action  : A_Reset
	PLC AState  : 0

20.03.2026 10:36:13 - 42497 - Node not found
	Description : The CANopen node could not be found.
	Time        : 10:36:11.71
	ActionType  : Undefined
	MachineMode : Manu
	MachineState: Reset
	PLC Object  : FB_MultiZRef
	PLC Action  : A_Reset
	PLC AState  : 0

20.03.2026 10:36:13 - 42497 - Node not found
	Description : The CANopen node could not be found.
	Time        : 10:36:11.81
	ActionType  : Undefined
	MachineMode : Manu
	MachineState: Reset
	PLC Object  : FB_MultiZRef
	PLC Action  : A_Reset
	PLC AState  : 0

20.03.2026 10:36:13 - 42497 - Node not found
	Description : The CANopen node could not be found.
	Time        : 10:36:11.91
	ActionType  : Undefined
	MachineMode : Manu
	MachineState: Reset
	PLC Object  : FB_MultiZRef
	PLC Action  : A_Reset
	PLC AState  : 0

20.03.2026 10:36:13 - 42497 - Node not found
	Description : The CANopen node could not be found.
	Time        : 10:36:12.01
	ActionType  : Undefined
	MachineMode : Manu
	MachineState: Reset
	PLC Object  : FB_MultiZRef
	PLC Action  : A_Reset
	PLC AState  : 0

20.03.2026 10:36:13 - 42497 - Node not found
	Description : The CANopen node could not be found.
	Time        : 10:36:12.11
	ActionType  : Undefined
	MachineMode : Manu
	MachineState: Reset
	PLC Object  : FB_MultiZRef
	PLC Action  : A_Reset
	PLC AState  : 0

20.03.2026 10:36:13 - 42497 - Node not found
	Description : The CANopen node could not be found.
	Time        : 10:36:12.21
	ActionType  : Undefined
	MachineMode : Manu
	MachineState: Reset
	PLC Object  : FB_MultiZRef
	PLC Action  : A_Reset
	PLC AState  : 0

20.03.2026 10:36:13 - 42497 - Node not found
	Description : The CANopen node could not be found.
	Time        : 10:36:12.31
	ActionType  : Undefined
	MachineMode : Manu
	MachineState: Reset
	PLC Object  : FB_MultiZRef
	PLC Action  : A_Reset
	PLC AState  : 0

20.03.2026 10:36:13 - 42497 - Node not found
	Description : The CANopen node could not be found.
	Time        : 10:36:12.41
	ActionType  : Undefined
	MachineMode : Manu
	MachineState: Reset
	PLC Object  : FB_MultiZRef
	PLC Action  : A_Reset
	PLC AState  : 0

20.03.2026 10:36:13 - 42497 - Node not found
	Description : The CANopen node could not be found.
	Time        : 10:36:12.51
	ActionType  : Undefined
	MachineMode : Manu
	MachineState: Reset
	PLC Object  : FB_MultiZRef
	PLC Action  : A_Reset
	PLC AState  : 0

20.03.2026 10:36:13 - 42497 - Node not found
	Description : The CANopen node could not be found.
	Time        : 10:36:12.61
	ActionType  : Undefined
	MachineMode : Manu
	MachineState: Reset
	PLC Object  : FB_MultiZRef
	PLC Action  : A_Reset
	PLC AState  : 0

20.03.2026 10:36:13 - 42497 - Node not found
	Description : The CANopen node could not be found.
	Time        : 10:36:12.71
	ActionType  : Undefined
	MachineMode : Manu
	MachineState: Reset
	PLC Object  : FB_MultiZRef
	PLC Action  : A_Reset
	PLC AState  : 0

20.03.2026 10:36:14 - 42497 - Node not found
	Description : The CANopen node could not be found.
	Time        : 10:36:12.81
	ActionType  : Undefined
	MachineMode : Manu
	MachineState: Reset
	PLC Object  : FB_MultiZRef
	PLC Action  : A_Reset
	PLC AState  : 0

20.03.2026 10:36:14 - 42497 - Node not found
	Description : The CANopen node could not be found.
	Time        : 10:36:12.91
	ActionType  : Undefined
	MachineMode : Manu
	MachineState: Reset
	PLC Object  : FB_MultiZRef
	PLC Action  : A_Reset
	PLC AState  : 0

20.03.2026 10:36:14 - 42497 - Node not found
	Description : The CANopen node could not be found.
	Time        : 10:36:13.01
	ActionType  : Undefined
	MachineMode : Manu
	MachineState: Reset
	PLC Object  : FB_MultiZRef
	PLC Action  : A_Reset
	PLC AState  : 0

20.03.2026 10:36:14 - 42497 - Node not found
	Description : The CANopen node could not be found.
	Time        : 10:36:13.11
	ActionType  : Undefined
	MachineMode : Manu
	MachineState: Reset
	PLC Object  : FB_MultiZRef
	PLC Action  : A_Reset
	PLC AState  : 0

20.03.2026 10:36:14 - 42497 - Node not found
	Description : The CANopen node could not be found.
	Time        : 10:36:13.21
	ActionType  : Undefined
	MachineMode : Manu
	MachineState: Reset
	PLC Object  : FB_MultiZRef
	PLC Action  : A_Reset
	PLC AState  : 0

20.03.2026 10:36:14 - 42497 - Node not found
	Description : The CANopen node could not be found.
	Time        : 10:36:13.31
	ActionType  : Undefined
	MachineMode : Manu
	MachineState: Reset
	PLC Object  : FB_MultiZRef
	PLC Action  : A_Reset
	PLC AState  : 0

20.03.2026 10:36:14 - 42497 - Node not found
	Description : The CANopen node could not be found.
	Time        : 10:36:13.41
	ActionType  : Undefined
	MachineMode : Manu
	MachineState: Reset
	PLC Object  : FB_MultiZRef
	PLC Action  : A_Reset
	PLC AState  : 0

20.03.2026 10:36:14 - 42497 - Node not found
	Description : The CANopen node could not be found.
	Time        : 10:36:13.51
	ActionType  : Undefined
	MachineMode : Manu
	MachineState: Reset
	PLC Object  : FB_MultiZRef
	PLC Action  : A_Reset
	PLC AState  : 0

20.03.2026 10:36:14 - 42497 - Node not found
	Description : The CANopen node could not be found.
	Time        : 10:36:13.61
	ActionType  : Undefined
	MachineMode : Manu
	MachineState: Reset
	PLC Object  : FB_MultiZRef
	PLC Action  : A_Reset
	PLC AState  : 0

20.03.2026 10:36:14 - 42497 - Node not found
	Description : The CANopen node could not be found.
	Time        : 10:36:13.71
	ActionType  : Undefined
	MachineMode : Manu
	MachineState: Reset
	PLC Object  : FB_MultiZRef
	PLC Action  : A_Reset
	PLC AState  : 0

20.03.2026 10:36:15 - 42497 - Node not found
	Description : The CANopen node could not be found.
	Time        : 10:36:13.81
	ActionType  : Undefined
	MachineMode : Manu
	MachineState: Reset
	PLC Object  : FB_MultiZRef
	PLC Action  : A_Reset
	PLC AState  : 0

20.03.2026 10:36:15 - 42497 - Node not found
	Description : The CANopen node could not be found.
	Time        : 10:36:13.91
	ActionType  : Undefined
	MachineMode : Manu
	MachineState: Reset
	PLC Object  : FB_MultiZRef
	PLC Action  : A_Reset
	PLC AState  : 0

20.03.2026 10:36:15 - 42497 - Node not found
	Description : The CANopen node could not be found.
	Time        : 10:36:14.01
	ActionType  : Undefined
	MachineMode : Manu
	MachineState: Reset
	PLC Object  : FB_MultiZRef
	PLC Action  : A_Reset
	PLC AState  : 0

20.03.2026 10:36:15 - 42497 - Node not found
	Description : The CANopen node could not be found.
	Time        : 10:36:14.11
	ActionType  : Undefined
	MachineMode : Manu
	MachineState: Reset
	PLC Object  : FB_MultiZRef
	PLC Action  : A_Reset
	PLC AState  : 0

20.03.2026 10:36:15 - 42497 - Node not found
	Description : The CANopen node could not be found.
	Time        : 10:36:14.21
	ActionType  : Undefined
	MachineMode : Manu
	MachineState: Reset
	PLC Object  : FB_MultiZRef
	PLC Action  : A_Reset
	PLC AState  : 0

20.03.2026 10:36:15 - 42497 - Node not found
	Description : The CANopen node could not be found.
	Time        : 10:36:14.31
	ActionType  : Undefined
	MachineMode : Manu
	MachineState: Reset
	PLC Object  : FB_MultiZRef
	PLC Action  : A_Reset
	PLC AState  : 0

20.03.2026 10:36:15 - 42497 - Node not found
	Description : The CANopen node could not be found.
	Time        : 10:36:14.41
	ActionType  : Undefined
	MachineMode : Manu
	MachineState: Reset
	PLC Object  : FB_MultiZRef
	PLC Action  : A_Reset
	PLC AState  : 0

20.03.2026 10:36:15 - 42497 - Node not found
	Description : The CANopen node could not be found.
	Time        : 10:36:14.51
	ActionType  : Undefined
	MachineMode : Manu
	MachineState: Reset
	PLC Object  : FB_MultiZRef
	PLC Action  : A_Reset
	PLC AState  : 0

20.03.2026 10:36:15 - 42497 - Node not found
	Description : The CANopen node could not be found.
	Time        : 10:36:14.61
	ActionType  : Undefined
	MachineMode : Manu
	MachineState: Reset
	PLC Object  : FB_MultiZRef
	PLC Action  : A_Reset
	PLC AState  : 0

20.03.2026 10:36:16 - 42497 - Node not found
	Description : The CANopen node could not be found.
	Time        : 10:36:14.71
	ActionType  : Undefined
	MachineMode : Manu
	MachineState: Reset
	PLC Object  : FB_MultiZRef
	PLC Action  : A_Reset
	PLC AState  : 0

20.03.2026 10:36:16 - 42497 - Node not found
	Description : The CANopen node could not be found.
	Time        : 10:36:14.81
	ActionType  : Undefined
	MachineMode : Manu
	MachineState: Reset
	PLC Object  : FB_MultiZRef
	PLC Action  : A_Reset
	PLC AState  : 0

20.03.2026 10:36:16 - 42497 - Node not found
	Description : The CANopen node could not be found.
	Time        : 10:36:14.91
	ActionType  : Undefined
	MachineMode : Manu
	MachineState: Reset
	PLC Object  : FB_MultiZRef
	PLC Action  : A_Reset
	PLC AState  : 0

20.03.2026 10:36:16 - 42497 - Node not found
	Description : The CANopen node could not be found.
	Time        : 10:36:15.01
	ActionType  : Undefined
	MachineMode : Manu
	MachineState: Reset
	PLC Object  : FB_MultiZRef
	PLC Action  : A_Reset
	PLC AState  : 0

20.03.2026 10:36:16 - 42497 - Node not found
	Description : The CANopen node could not be found.
	Time        : 10:36:15.11
	ActionType  : Undefined
	MachineMode : Manu
	MachineState: Reset
	PLC Object  : FB_MultiZRef
	PLC Action  : A_Reset
	PLC AState  : 0

20.03.2026 10:36:16 - 42497 - Node not found
	Description : The CANopen node could not be found.
	Time        : 10:36:15.21
	ActionType  : Undefined
	MachineMode : Manu
	MachineState: Reset
	PLC Object  : FB_MultiZRef
	PLC Action  : A_Reset
	PLC AState  : 0

20.03.2026 10:36:16 - 42497 - Node not found
	Description : The CANopen node could not be found.
	Time        : 10:36:15.31
	ActionType  : Undefined
	MachineMode : Manu
	MachineState: Reset
	PLC Object  : FB_MultiZRef
	PLC Action  : A_Reset
	PLC AState  : 0

20.03.2026 10:36:16 - 42497 - Node not found
	Description : The CANopen node could not be found.
	Time        : 10:36:15.41
	ActionType  : Undefined
	MachineMode : Manu
	MachineState: Reset
	PLC Object  : FB_MultiZRef
	PLC Action  : A_Reset
	PLC AState  : 0

20.03.2026 10:36:16 - 42497 - Node not found
	Description : The CANopen node could not be found.
	Time        : 10:36:15.51
	ActionType  : Undefined
	MachineMode : Manu
	MachineState: Reset
	PLC Object  : FB_MultiZRef
	PLC Action  : A_Reset
	PLC AState  : 0

20.03.2026 10:36:16 - 42497 - Node not found
	Description : The CANopen node could not be found.
	Time        : 10:36:15.61
	ActionType  : Undefined
	MachineMode : Manu
	MachineState: Reset
	PLC Object  : FB_MultiZRef
	PLC Action  : A_Reset
	PLC AState  : 0

20.03.2026 10:36:18 - 42497 - Node not found
	Description : The CANopen node could not be found.
	Time        : 10:36:17.21
	ActionType  : Undefined
	MachineMode : Manu
	MachineState: Reset
	PLC Object  : FB_MultiZRef
	PLC Action  : A_Reset
	PLC AState  : 0

20.03.2026 10:36:18 - 42497 - Node not found
	Description : The CANopen node could not be found.
	Time        : 10:36:17.31
	ActionType  : Undefined
	MachineMode : Manu
	MachineState: Reset
	PLC Object  : FB_MultiZRef
	PLC Action  : A_Reset
	PLC AState  : 0

20.03.2026 10:36:18 - 42497 - Node not found
	Description : The CANopen node could not be found.
	Time        : 10:36:17.41
	ActionType  : Undefined
	MachineMode : Manu
	MachineState: Reset
	PLC Object  : FB_MultiZRef
	PLC Action  : A_Reset
	PLC AState  : 0

20.03.2026 10:36:18 - 42497 - Node not found
	Description : The CANopen node could not be found.
	Time        : 10:36:17.51
	ActionType  : Undefined
	MachineMode : Manu
	MachineState: Reset
	PLC Object  : FB_MultiZRef
	PLC Action  : A_Reset
	PLC AState  : 0

20.03.2026 10:36:18 - 42497 - Node not found
	Description : The CANopen node could not be found.
	Time        : 10:36:17.61
	ActionType  : Undefined
	MachineMode : Manu
	MachineState: Reset
	PLC Object  : FB_MultiZRef
	PLC Action  : A_Reset
	PLC AState  : 0

20.03.2026 10:36:19 - 42497 - Node not found
	Description : The CANopen node could not be found.
	Time        : 10:36:17.71
	ActionType  : Undefined
	MachineMode : Manu
	MachineState: Reset
	PLC Object  : FB_MultiZRef
	PLC Action  : A_Reset
	PLC AState  : 0

20.03.2026 10:36:19 - 42497 - Node not found
	Description : The CANopen node could not be found.
	Time        : 10:36:17.81
	ActionType  : Undefined
	MachineMode : Manu
	MachineState: Reset
	PLC Object  : FB_MultiZRef
	PLC Action  : A_Reset
	PLC AState  : 0

20.03.2026 10:36:23 - 42497 - Node not found
	Description : The CANopen node could not be found.
	Time        : 10:36:22.85
	ActionType  : Undefined
	MachineMode : Manu
	MachineState: Reset
	PLC Object  : FB_MultiZRef
	PLC Action  : A_Reset
	PLC AState  : 0

20.03.2026 10:36:23 - 42497 - Node not found
	Description : The CANopen node could not be found.
	Time        : 10:36:22.86
	ActionType  : Undefined
	MachineMode : Manu
	MachineState: Reset
	PLC Object  : FB_MultiZRef
	PLC Action  : A_Reset
	PLC AState  : 0

20.03.2026 10:36:23 - 42497 - Node not found
	Description : The CANopen node could not be found.
	Time        : 10:36:22.87
	ActionType  : Undefined
	MachineMode : Manu
	MachineState: Reset
	PLC Object  : FB_MultiZRef
	PLC Action  : A_Reset
	PLC AState  : 0

20.03.2026 10:36:23 - 42497 - Node not found
	Description : The CANopen node could not be found.
	Time        : 10:36:22.88
	ActionType  : Undefined
	MachineMode : Manu
	MachineState: Reset
	PLC Object  : FB_MultiZRef
	PLC Action  : A_Reset
	PLC AState  : 0

20.03.2026 10:36:23 - 42497 - Node not found
	Description : The CANopen node could not be found.
	Time        : 10:36:22.89
	ActionType  : Undefined
	MachineMode : Manu
	MachineState: Reset
	PLC Object  : FB_MultiZRef
	PLC Action  : A_Reset
	PLC AState  : 0

20.03.2026 10:36:23 - 42497 - Node not found
	Description : The CANopen node could not be found.
	Time        : 10:36:22.90
	ActionType  : Undefined
	MachineMode : Manu
	MachineState: Reset
	PLC Object  : FB_MultiZRef
	PLC Action  : A_Reset
	PLC AState  : 0

20.03.2026 10:36:23 - 42497 - Node not found
	Description : The CANopen node could not be found.
	Time        : 10:36:22.91
	ActionType  : Undefined
	MachineMode : Manu
	MachineState: Reset
	PLC Object  : FB_MultiZRef
	PLC Action  : A_Reset
	PLC AState  : 0

20.03.2026 10:36:23 - 42497 - Node not found
	Description : The CANopen node could not be found.
	Time        : 10:36:22.92
	ActionType  : Undefined
	MachineMode : Manu
	MachineState: Reset
	PLC Object  : FB_MultiZRef
	PLC Action  : A_Reset
	PLC AState  : 0

20.03.2026 10:36:23 - 42497 - Node not found
	Description : The CANopen node could not be found.
	Time        : 10:36:22.93
	ActionType  : Undefined
	MachineMode : Manu
	MachineState: Reset
	PLC Object  : FB_MultiZRef
	PLC Action  : A_Reset
	PLC AState  : 0

20.03.2026 10:36:23 - 42497 - Node not found
	Description : The CANopen node could not be found.
	Time        : 10:36:22.94
	ActionType  : Undefined
	MachineMode : Manu
	MachineState: Reset
	PLC Object  : FB_MultiZRef
	PLC Action  : A_Reset
	PLC AState  : 0

20.03.2026 10:36:24 - 42497 - Node not found
	Description : The CANopen node could not be found.
	Time        : 10:36:22.95
	ActionType  : Undefined
	MachineMode : Manu
	MachineState: Reset
	PLC Object  : FB_MultiZRef
	PLC Action  : A_Reset
	PLC AState  : 0

20.03.2026 10:36:24 - 42497 - Node not found
	Description : The CANopen node could not be found.
	Time        : 10:36:22.96
	ActionType  : Undefined
	MachineMode : Manu
	MachineState: Reset
	PLC Object  : FB_MultiZRef
	PLC Action  : A_Reset
	PLC AState  : 0

20.03.2026 10:36:24 - 42497 - Node not found
	Description : The CANopen node could not be found.
	Time        : 10:36:22.97
	ActionType  : Undefined
	MachineMode : Manu
	MachineState: Reset
	PLC Object  : FB_MultiZRef
	PLC Action  : A_Reset
	PLC AState  : 0

20.03.2026 10:36:24 - 42497 - Node not found
	Description : The CANopen node could not be found.
	Time        : 10:36:23.06
	ActionType  : Undefined
	MachineMode : Manu
	MachineState: Reset
	PLC Object  : FB_MultiZRef
	PLC Action  : A_Reset
	PLC AState  : 0

20.03.2026 10:36:24 - 42497 - Node not found
	Description : The CANopen node could not be found.
	Time        : 10:36:23.16
	ActionType  : Undefined
	MachineMode : Manu
	MachineState: Reset
	PLC Object  : FB_MultiZRef
	PLC Action  : A_Reset
	PLC AState  : 0

20.03.2026 10:36:24 - 42497 - Node not found
	Description : The CANopen node could not be found.
	Time        : 10:36:23.26
	ActionType  : Undefined
	MachineMode : Manu
	MachineState: Reset
	PLC Object  : FB_MultiZRef
	PLC Action  : A_Reset
	PLC AState  : 0

20.03.2026 10:36:24 - 42497 - Node not found
	Description : The CANopen node could not be found.
	Time        : 10:36:23.36
	ActionType  : Undefined
	MachineMode : Manu
	MachineState: Reset
	PLC Object  : FB_MultiZRef
	PLC Action  : A_Reset
	PLC AState  : 0

20.03.2026 10:36:24 - 42497 - Node not found
	Description : The CANopen node could not be found.
	Time        : 10:36:23.46
	ActionType  : Undefined
	MachineMode : Manu
	MachineState: Reset
	PLC Object  : FB_MultiZRef
	PLC Action  : A_Reset
	PLC AState  : 0

20.03.2026 10:36:24 - 42497 - Node not found
	Description : The CANopen node could not be found.
	Time        : 10:36:23.56
	ActionType  : Undefined
	MachineMode : Manu
	MachineState: Reset
	PLC Object  : FB_MultiZRef
	PLC Action  : A_Reset
	PLC AState  : 0

20.03.2026 10:36:24 - 42497 - Node not found
	Description : The CANopen node could not be found.
	Time        : 10:36:23.66
	ActionType  : Undefined
	MachineMode : Manu
	MachineState: Reset
	PLC Object  : FB_MultiZRef
	PLC Action  : A_Reset
	PLC AState  : 0

20.03.2026 10:36:25 - 42497 - Node not found
	Description : The CANopen node could not be found.
	Time        : 10:36:23.76
	ActionType  : Undefined
	MachineMode : Manu
	MachineState: Reset
	PLC Object  : FB_MultiZRef
	PLC Action  : A_Reset
	PLC AState  : 0

20.03.2026 10:36:25 - 42497 - Node not found
	Description : The CANopen node could not be found.
	Time        : 10:36:23.86
	ActionType  : Undefined
	MachineMode : Manu
	MachineState: Reset
	PLC Object  : FB_MultiZRef
	PLC Action  : A_Reset
	PLC AState  : 0

20.03.2026 10:36:25 - 42497 - Node not found
	Description : The CANopen node could not be found.
	Time        : 10:36:23.96
	ActionType  : Undefined
	MachineMode : Manu
	MachineState: Reset
	PLC Object  : FB_MultiZRef
	PLC Action  : A_Reset
	PLC AState  : 0

20.03.2026 10:36:25 - 42497 - Node not found
	Description : The CANopen node could not be found.
	Time        : 10:36:24.06
	ActionType  : Undefined
	MachineMode : Manu
	MachineState: Reset
	PLC Object  : FB_MultiZRef
	PLC Action  : A_Reset
	PLC AState  : 0

20.03.2026 10:36:25 - 42497 - Node not found
	Description : The CANopen node could not be found.
	Time        : 10:36:24.16
	ActionType  : Undefined
	MachineMode : Manu
	MachineState: Reset
	PLC Object  : FB_MultiZRef
	PLC Action  : A_Reset
	PLC AState  : 0

20.03.2026 10:36:25 - 42497 - Node not found
	Description : The CANopen node could not be found.
	Time        : 10:36:24.26
	ActionType  : Undefined
	MachineMode : Manu
	MachineState: Reset
	PLC Object  : FB_MultiZRef
	PLC Action  : A_Reset
	PLC AState  : 0

20.03.2026 10:36:25 - 42497 - Node not found
	Description : The CANopen node could not be found.
	Time        : 10:36:24.36
	ActionType  : Undefined
	MachineMode : Manu
	MachineState: Reset
	PLC Object  : FB_MultiZRef
	PLC Action  : A_Reset
	PLC AState  : 0

20.03.2026 10:36:25 - 42497 - Node not found
	Description : The CANopen node could not be found.
	Time        : 10:36:24.46
	ActionType  : Undefined
	MachineMode : Manu
	MachineState: Reset
	PLC Object  : FB_MultiZRef
	PLC Action  : A_Reset
	PLC AState  : 0

20.03.2026 10:36:25 - 42497 - Node not found
	Description : The CANopen node could not be found.
	Time        : 10:36:24.56
	ActionType  : Undefined
	MachineMode : Manu
	MachineState: Reset
	PLC Object  : FB_MultiZRef
	PLC Action  : A_Reset
	PLC AState  : 0

20.03.2026 10:36:25 - 42497 - Node not found
	Description : The CANopen node could not be found.
	Time        : 10:36:24.66
	ActionType  : Undefined
	MachineMode : Manu
	MachineState: Reset
	PLC Object  : FB_MultiZRef
	PLC Action  : A_Reset
	PLC AState  : 0

20.03.2026 10:36:26 - 42497 - Node not found
	Description : The CANopen node could not be found.
	Time        : 10:36:24.76
	ActionType  : Undefined
	MachineMode : Manu
	MachineState: Reset
	PLC Object  : FB_MultiZRef
	PLC Action  : A_Reset
	PLC AState  : 0

20.03.2026 10:36:26 - 42497 - Node not found
	Description : The CANopen node could not be found.
	Time        : 10:36:24.86
	ActionType  : Undefined
	MachineMode : Manu
	MachineState: Reset
	PLC Object  : FB_MultiZRef
	PLC Action  : A_Reset
	PLC AState  : 0

20.03.2026 10:36:26 - 42497 - Node not found
	Description : The CANopen node could not be found.
	Time        : 10:36:24.96
	ActionType  : Undefined
	MachineMode : Manu
	MachineState: Reset
	PLC Object  : FB_MultiZRef
	PLC Action  : A_Reset
	PLC AState  : 0

20.03.2026 10:36:26 - 42497 - Node not found
	Description : The CANopen node could not be found.
	Time        : 10:36:25.06
	ActionType  : Undefined
	MachineMode : Manu
	MachineState: Reset
	PLC Object  : FB_MultiZRef
	PLC Action  : A_Reset
	PLC AState  : 0

20.03.2026 10:36:26 - 42497 - Node not found
	Description : The CANopen node could not be found.
	Time        : 10:36:25.16
	ActionType  : Undefined
	MachineMode : Manu
	MachineState: Reset
	PLC Object  : FB_MultiZRef
	PLC Action  : A_Reset
	PLC AState  : 0

20.03.2026 10:36:26 - 42497 - Node not found
	Description : The CANopen node could not be found.
	Time        : 10:36:25.26
	ActionType  : Undefined
	MachineMode : Manu
	MachineState: Reset
	PLC Object  : FB_MultiZRef
	PLC Action  : A_Reset
	PLC AState  : 0

20.03.2026 10:36:26 - 42497 - Node not found
	Description : The CANopen node could not be found.
	Time        : 10:36:25.36
	ActionType  : Undefined
	MachineMode : Manu
	MachineState: Reset
	PLC Object  : FB_MultiZRef
	PLC Action  : A_Reset
	PLC AState  : 0

20.03.2026 10:36:26 - 42497 - Node not found
	Description : The CANopen node could not be found.
	Time        : 10:36:25.46
	ActionType  : Undefined
	MachineMode : Manu
	MachineState: Reset
	PLC Object  : FB_MultiZRef
	PLC Action  : A_Reset
	PLC AState  : 0

20.03.2026 10:36:27 - 42497 - Node not found
	Description : The CANopen node could not be found.
	Time        : 10:36:25.56
	ActionType  : Undefined
	MachineMode : Manu
	MachineState: Reset
	PLC Object  : FB_MultiZRef
	PLC Action  : A_Reset
	PLC AState  : 0

20.03.2026 10:36:27 - 42497 - Node not found
	Description : The CANopen node could not be found.
	Time        : 10:36:25.66
	ActionType  : Undefined
	MachineMode : Manu
	MachineState: Reset
	PLC Object  : FB_MultiZRef
	PLC Action  : A_Reset
	PLC AState  : 0

20.03.2026 10:36:27 - 42497 - Node not found
	Description : The CANopen node could not be found.
	Time        : 10:36:25.76
	ActionType  : Undefined
	MachineMode : Manu
	MachineState: Reset
	PLC Object  : FB_MultiZRef
	PLC Action  : A_Reset
	PLC AState  : 0

20.03.2026 10:36:27 - 42497 - Node not found
	Description : The CANopen node could not be found.
	Time        : 10:36:25.86
	ActionType  : Undefined
	MachineMode : Manu
	MachineState: Reset
	PLC Object  : FB_MultiZRef
	PLC Action  : A_Reset
	PLC AState  : 0

20.03.2026 10:36:27 - 42497 - Node not found
	Description : The CANopen node could not be found.
	Time        : 10:36:25.96
	ActionType  : Undefined
	MachineMode : Manu
	MachineState: Reset
	PLC Object  : FB_MultiZRef
	PLC Action  : A_Reset
	PLC AState  : 0

20.03.2026 10:36:27 - 42497 - Node not found
	Description : The CANopen node could not be found.
	Time        : 10:36:26.06
	ActionType  : Undefined
	MachineMode : Manu
	MachineState: Reset
	PLC Object  : FB_MultiZRef
	PLC Action  : A_Reset
	PLC AState  : 0

20.03.2026 10:36:27 - 42497 - Node not found
	Description : The CANopen node could not be found.
	Time        : 10:36:26.16
	ActionType  : Undefined
	MachineMode : Manu
	MachineState: Reset
	PLC Object  : FB_MultiZRef
	PLC Action  : A_Reset
	PLC AState  : 0

20.03.2026 10:36:27 - 42497 - Node not found
	Description : The CANopen node could not be found.
	Time        : 10:36:26.26
	ActionType  : Undefined
	MachineMode : Manu
	MachineState: Reset
	PLC Object  : FB_MultiZRef
	PLC Action  : A_Reset
	PLC AState  : 0

20.03.2026 10:36:27 - 42497 - Node not found
	Description : The CANopen node could not be found.
	Time        : 10:36:26.36
	ActionType  : Undefined
	MachineMode : Manu
	MachineState: Reset
	PLC Object  : FB_MultiZRef
	PLC Action  : A_Reset
	PLC AState  : 0

20.03.2026 10:36:27 - 42497 - Node not found
	Description : The CANopen node could not be found.
	Time        : 10:36:26.46
	ActionType  : Undefined
	MachineMode : Manu
	MachineState: Reset
	PLC Object  : FB_MultiZRef
	PLC Action  : A_Reset
	PLC AState  : 0

20.03.2026 10:36:28 - 42497 - Node not found
	Description : The CANopen node could not be found.
	Time        : 10:36:26.56
	ActionType  : Undefined
	MachineMode : Manu
	MachineState: Reset
	PLC Object  : FB_MultiZRef
	PLC Action  : A_Reset
	PLC AState  : 0

20.03.2026 10:36:28 - 42497 - Node not found
	Description : The CANopen node could not be found.
	Time        : 10:36:26.66
	ActionType  : Undefined
	MachineMode : Manu
	MachineState: Reset
	PLC Object  : FB_MultiZRef
	PLC Action  : A_Reset
	PLC AState  : 0

20.03.2026 10:36:28 - 42497 - Node not found
	Description : The CANopen node could not be found.
	Time        : 10:36:26.76
	ActionType  : Undefined
	MachineMode : Manu
	MachineState: Reset
	PLC Object  : FB_MultiZRef
	PLC Action  : A_Reset
	PLC AState  : 0

20.03.2026 10:36:28 - 42497 - Node not found
	Description : The CANopen node could not be found.
	Time        : 10:36:26.86
	ActionType  : Undefined
	MachineMode : Manu
	MachineState: Reset
	PLC Object  : FB_MultiZRef
	PLC Action  : A_Reset
	PLC AState  : 0

20.03.2026 10:36:28 - 42497 - Node not found
	Description : The CANopen node could not be found.
	Time        : 10:36:26.96
	ActionType  : Undefined
	MachineMode : Manu
	MachineState: Reset
	PLC Object  : FB_MultiZRef
	PLC Action  : A_Reset
	PLC AState  : 0

20.03.2026 10:36:28 - 42497 - Node not found
	Description : The CANopen node could not be found.
	Time        : 10:36:27.06
	ActionType  : Undefined
	MachineMode : Manu
	MachineState: Reset
	PLC Object  : FB_MultiZRef
	PLC Action  : A_Reset
	PLC AState  : 0

20.03.2026 10:36:28 - 42497 - Node not found
	Description : The CANopen node could not be found.
	Time        : 10:36:27.16
	ActionType  : Undefined
	MachineMode : Manu
	MachineState: Reset
	PLC Object  : FB_MultiZRef
	PLC Action  : A_Reset
	PLC AState  : 0

20.03.2026 10:36:28 - 42497 - Node not found
	Description : The CANopen node could not be found.
	Time        : 10:36:27.26
	ActionType  : Undefined
	MachineMode : Manu
	MachineState: Reset
	PLC Object  : FB_MultiZRef
	PLC Action  : A_Reset
	PLC AState  : 0

20.03.2026 10:36:28 - 42497 - Node not found
	Description : The CANopen node could not be found.
	Time        : 10:36:27.36
	ActionType  : Undefined
	MachineMode : Manu
	MachineState: Reset
	PLC Object  : FB_MultiZRef
	PLC Action  : A_Reset
	PLC AState  : 0

20.03.2026 10:36:29 - 42497 - Node not found
	Description : The CANopen node could not be found.
	Time        : 10:36:27.46
	ActionType  : Undefined
	MachineMode : Manu
	MachineState: Reset
	PLC Object  : FB_MultiZRef
	PLC Action  : A_Reset
	PLC AState  : 0

20.03.2026 10:36:29 - 42497 - Node not found
	Description : The CANopen node could not be found.
	Time        : 10:36:27.56
	ActionType  : Undefined
	MachineMode : Manu
	MachineState: Reset
	PLC Object  : FB_MultiZRef
	PLC Action  : A_Reset
	PLC AState  : 0

20.03.2026 10:36:29 - 42497 - Node not found
	Description : The CANopen node could not be found.
	Time        : 10:36:27.66
	ActionType  : Undefined
	MachineMode : Manu
	MachineState: Reset
	PLC Object  : FB_MultiZRef
	PLC Action  : A_Reset
	PLC AState  : 0

20.03.2026 10:36:29 - 42497 - Node not found
	Description : The CANopen node could not be found.
	Time        : 10:36:27.76
	ActionType  : Undefined
	MachineMode : Manu
	MachineState: Reset
	PLC Object  : FB_MultiZRef
	PLC Action  : A_Reset
	PLC AState  : 0

20.03.2026 10:36:29 - 42497 - Node not found
	Description : The CANopen node could not be found.
	Time        : 10:36:27.86
	ActionType  : Undefined
	MachineMode : Manu
	MachineState: Reset
	PLC Object  : FB_MultiZRef
	PLC Action  : A_Reset
	PLC AState  : 0

20.03.2026 10:36:29 - 42497 - Node not found
	Description : The CANopen node could not be found.
	Time        : 10:36:27.96
	ActionType  : Undefined
	MachineMode : Manu
	MachineState: Reset
	PLC Object  : FB_MultiZRef
	PLC Action  : A_Reset
	PLC AState  : 0

20.03.2026 10:36:29 - 42497 - Node not found
	Description : The CANopen node could not be found.
	Time        : 10:36:28.06
	ActionType  : Undefined
	MachineMode : Manu
	MachineState: Reset
	PLC Object  : FB_MultiZRef
	PLC Action  : A_Reset
	PLC AState  : 0

20.03.2026 10:36:30 - 42497 - Node not found
	Description : The CANopen node could not be found.
	Time        : 10:36:28.16
	ActionType  : Undefined
	MachineMode : Manu
	MachineState: Reset
	PLC Object  : FB_MultiZRef
	PLC Action  : A_Reset
	PLC AState  : 0

20.03.2026 10:36:30 - 42497 - Node not found
	Description : The CANopen node could not be found.
	Time        : 10:36:28.26
	ActionType  : Undefined
	MachineMode : Manu
	MachineState: Reset
	PLC Object  : FB_MultiZRef
	PLC Action  : A_Reset
	PLC AState  : 0

20.03.2026 10:36:30 - 42497 - Node not found
	Description : The CANopen node could not be found.
	Time        : 10:36:28.36
	ActionType  : Undefined
	MachineMode : Manu
	MachineState: Reset
	PLC Object  : FB_MultiZRef
	PLC Action  : A_Reset
	PLC AState  : 0

20.03.2026 10:36:30 - 42497 - Node not found
	Description : The CANopen node could not be found.
	Time        : 10:36:28.46
	ActionType  : Undefined
	MachineMode : Manu
	MachineState: Reset
	PLC Object  : FB_MultiZRef
	PLC Action  : A_Reset
	PLC AState  : 0

20.03.2026 10:36:30 - 42497 - Node not found
	Description : The CANopen node could not be found.
	Time        : 10:36:28.56
	ActionType  : Undefined
	MachineMode : Manu
	MachineState: Reset
	PLC Object  : FB_MultiZRef
	PLC Action  : A_Reset
	PLC AState  : 0

20.03.2026 10:36:30 - 42497 - Node not found
	Description : The CANopen node could not be found.
	Time        : 10:36:28.66
	ActionType  : Undefined
	MachineMode : Manu
	MachineState: Reset
	PLC Object  : FB_MultiZRef
	PLC Action  : A_Reset
	PLC AState  : 0

20.03.2026 10:36:30 - 42497 - Node not found
	Description : The CANopen node could not be found.
	Time        : 10:36:28.76
	ActionType  : Undefined
	MachineMode : Manu
	MachineState: Reset
	PLC Object  : FB_MultiZRef
	PLC Action  : A_Reset
	PLC AState  : 0

20.03.2026 10:36:30 - 42497 - Node not found
	Description : The CANopen node could not be found.
	Time        : 10:36:28.86
	ActionType  : Undefined
	MachineMode : Manu
	MachineState: Reset
	PLC Object  : FB_MultiZRef
	PLC Action  : A_Reset
	PLC AState  : 0

20.03.2026 10:36:31 - 42497 - Node not found
	Description : The CANopen node could not be found.
	Time        : 10:36:28.96
	ActionType  : Undefined
	MachineMode : Manu
	MachineState: Reset
	PLC Object  : FB_MultiZRef
	PLC Action  : A_Reset
	PLC AState  : 0

20.03.2026 10:36:31 - 42497 - Node not found
	Description : The CANopen node could not be found.
	Time        : 10:36:29.06
	ActionType  : Undefined
	MachineMode : Manu
	MachineState: Reset
	PLC Object  : FB_MultiZRef
	PLC Action  : A_Reset
	PLC AState  : 0

20.03.2026 10:36:31 - 42497 - Node not found
	Description : The CANopen node could not be found.
	Time        : 10:36:29.16
	ActionType  : Undefined
	MachineMode : Manu
	MachineState: Reset
	PLC Object  : FB_MultiZRef
	PLC Action  : A_Reset
	PLC AState  : 0

20.03.2026 10:36:31 - 42497 - Node not found
	Description : The CANopen node could not be found.
	Time        : 10:36:29.26
	ActionType  : Undefined
	MachineMode : Manu
	MachineState: Reset
	PLC Object  : FB_MultiZRef
	PLC Action  : A_Reset
	PLC AState  : 0

20.03.2026 10:36:31 - 42497 - Node not found
	Description : The CANopen node could not be found.
	Time        : 10:36:29.36
	ActionType  : Undefined
	MachineMode : Manu
	MachineState: Reset
	PLC Object  : FB_MultiZRef
	PLC Action  : A_Reset
	PLC AState  : 0

20.03.2026 10:36:31 - 42497 - Node not found
	Description : The CANopen node could not be found.
	Time        : 10:36:29.46
	ActionType  : Undefined
	MachineMode : Manu
	MachineState: Reset
	PLC Object  : FB_MultiZRef
	PLC Action  : A_Reset
	PLC AState  : 0

20.03.2026 10:36:31 - 42497 - Node not found
	Description : The CANopen node could not be found.
	Time        : 10:36:29.56
	ActionType  : Undefined
	MachineMode : Manu
	MachineState: Reset
	PLC Object  : FB_MultiZRef
	PLC Action  : A_Reset
	PLC AState  : 0

20.03.2026 10:36:31 - 42497 - Node not found
	Description : The CANopen node could not be found.
	Time        : 10:36:29.66
	ActionType  : Undefined
	MachineMode : Manu
	MachineState: Reset
	PLC Object  : FB_MultiZRef
	PLC Action  : A_Reset
	PLC AState  : 0

20.03.2026 10:36:31 - 42497 - Node not found
	Description : The CANopen node could not be found.
	Time        : 10:36:29.76
	ActionType  : Undefined
	MachineMode : Manu
	MachineState: Reset
	PLC Object  : FB_MultiZRef
	PLC Action  : A_Reset
	PLC AState  : 0

20.03.2026 10:36:31 - 42497 - Node not found
	Description : The CANopen node could not be found.
	Time        : 10:36:29.86
	ActionType  : Undefined
	MachineMode : Manu
	MachineState: Reset
	PLC Object  : FB_MultiZRef
	PLC Action  : A_Reset
	PLC AState  : 0

20.03.2026 10:36:31 - 42497 - Node not found
	Description : The CANopen node could not be found.
	Time        : 10:36:29.96
	ActionType  : Undefined
	MachineMode : Manu
	MachineState: Reset
	PLC Object  : FB_MultiZRef
	PLC Action  : A_Reset
	PLC AState  : 0

20.03.2026 10:36:32 - 42497 - Node not found
	Description : The CANopen node could not be found.
	Time        : 10:36:30.06
	ActionType  : Undefined
	MachineMode : Manu
	MachineState: Reset
	PLC Object  : FB_MultiZRef
	PLC Action  : A_Reset
	PLC AState  : 0

20.03.2026 10:36:32 - 42497 - Node not found
	Description : The CANopen node could not be found.
	Time        : 10:36:30.16
	ActionType  : Undefined
	MachineMode : Manu
	MachineState: Reset
	PLC Object  : FB_MultiZRef
	PLC Action  : A_Reset
	PLC AState  : 0

20.03.2026 10:36:32 - 42497 - Node not found
	Description : The CANopen node could not be found.
	Time        : 10:36:30.26
	ActionType  : Undefined
	MachineMode : Manu
	MachineState: Reset
	PLC Object  : FB_MultiZRef
	PLC Action  : A_Reset
	PLC AState  : 0

20.03.2026 10:36:32 - 42497 - Node not found
	Description : The CANopen node could not be found.
	Time        : 10:36:30.36
	ActionType  : Undefined
	MachineMode : Manu
	MachineState: Reset
	PLC Object  : FB_MultiZRef
	PLC Action  : A_Reset
	PLC AState  : 0

20.03.2026 10:36:32 - 42497 - Node not found
	Description : The CANopen node could not be found.
	Time        : 10:36:30.46
	ActionType  : Undefined
	MachineMode : Manu
	MachineState: Reset
	PLC Object  : FB_MultiZRef
	PLC Action  : A_Reset
	PLC AState  : 0

20.03.2026 10:36:32 - 42497 - Node not found
	Description : The CANopen node could not be found.
	Time        : 10:36:30.56
	ActionType  : Undefined
	MachineMode : Manu
	MachineState: Reset
	PLC Object  : FB_MultiZRef
	PLC Action  : A_Reset
	PLC AState  : 0

20.03.2026 10:36:32 - 42497 - Node not found
	Description : The CANopen node could not be found.
	Time        : 10:36:30.66
	ActionType  : Undefined
	MachineMode : Manu
	MachineState: Reset
	PLC Object  : FB_MultiZRef
	PLC Action  : A_Reset
	PLC AState  : 0

20.03.2026 10:36:32 - 42497 - Node not found
	Description : The CANopen node could not be found.
	Time        : 10:36:30.76
	ActionType  : Undefined
	MachineMode : Manu
	MachineState: Reset
	PLC Object  : FB_MultiZRef
	PLC Action  : A_Reset
	PLC AState  : 0

20.03.2026 10:36:32 - 42497 - Node not found
	Description : The CANopen node could not be found.
	Time        : 10:36:30.86
	ActionType  : Undefined
	MachineMode : Manu
	MachineState: Reset
	PLC Object  : FB_MultiZRef
	PLC Action  : A_Reset
	PLC AState  : 0

20.03.2026 10:36:32 - 42497 - Node not found
	Description : The CANopen node could not be found.
	Time        : 10:36:30.96
	ActionType  : Undefined
	MachineMode : Manu
	MachineState: Reset
	PLC Object  : FB_MultiZRef
	PLC Action  : A_Reset
	PLC AState  : 0

20.03.2026 10:36:32 - 42497 - Node not found
	Description : The CANopen node could not be found.
	Time        : 10:36:31.06
	ActionType  : Undefined
	MachineMode : Manu
	MachineState: Reset
	PLC Object  : FB_MultiZRef
	PLC Action  : A_Reset
	PLC AState  : 0

20.03.2026 10:36:32 - 42497 - Node not found
	Description : The CANopen node could not be found.
	Time        : 10:36:31.16
	ActionType  : Undefined
	MachineMode : Manu
	MachineState: Reset
	PLC Object  : FB_MultiZRef
	PLC Action  : A_Reset
	PLC AState  : 0

20.03.2026 10:36:32 - 42497 - Node not found
	Description : The CANopen node could not be found.
	Time        : 10:36:31.26
	ActionType  : Undefined
	MachineMode : Manu
	MachineState: Reset
	PLC Object  : FB_MultiZRef
	PLC Action  : A_Reset
	PLC AState  : 0

20.03.2026 10:36:32 - 42497 - Node not found
	Description : The CANopen node could not be found.
	Time        : 10:36:31.36
	ActionType  : Undefined
	MachineMode : Manu
	MachineState: Reset
	PLC Object  : FB_MultiZRef
	PLC Action  : A_Reset
	PLC AState  : 0

20.03.2026 10:36:32 - 42497 - Node not found
	Description : The CANopen node could not be found.
	Time        : 10:36:31.46
	ActionType  : Undefined
	MachineMode : Manu
	MachineState: Reset
	PLC Object  : FB_MultiZRef
	PLC Action  : A_Reset
	PLC AState  : 0

20.03.2026 10:36:33 - 42497 - Node not found
	Description : The CANopen node could not be found.
	Time        : 10:36:31.56
	ActionType  : Undefined
	MachineMode : Manu
	MachineState: Reset
	PLC Object  : FB_MultiZRef
	PLC Action  : A_Reset
	PLC AState  : 0

20.03.2026 10:36:33 - 42497 - Node not found
	Description : The CANopen node could not be found.
	Time        : 10:36:31.66
	ActionType  : Undefined
	MachineMode : Manu
	MachineState: Reset
	PLC Object  : FB_MultiZRef
	PLC Action  : A_Reset
	PLC AState  : 0

20.03.2026 10:36:33 - 42497 - Node not found
	Description : The CANopen node could not be found.
	Time        : 10:36:31.76
	ActionType  : Undefined
	MachineMode : Manu
	MachineState: Reset
	PLC Object  : FB_MultiZRef
	PLC Action  : A_Reset
	PLC AState  : 0

20.03.2026 10:36:33 - 42497 - Node not found
	Description : The CANopen node could not be found.
	Time        : 10:36:31.86
	ActionType  : Undefined
	MachineMode : Manu
	MachineState: Reset
	PLC Object  : FB_MultiZRef
	PLC Action  : A_Reset
	PLC AState  : 0

20.03.2026 10:36:33 - 42497 - Node not found
	Description : The CANopen node could not be found.
	Time        : 10:36:31.96
	ActionType  : Undefined
	MachineMode : Manu
	MachineState: Reset
	PLC Object  : FB_MultiZRef
	PLC Action  : A_Reset
	PLC AState  : 0

20.03.2026 10:36:33 - 42497 - Node not found
	Description : The CANopen node could not be found.
	Time        : 10:36:32.06
	ActionType  : Undefined
	MachineMode : Manu
	MachineState: Reset
	PLC Object  : FB_MultiZRef
	PLC Action  : A_Reset
	PLC AState  : 0

20.03.2026 10:36:33 - 42497 - Node not found
	Description : The CANopen node could not be found.
	Time        : 10:36:32.16
	ActionType  : Undefined
	MachineMode : Manu
	MachineState: Reset
	PLC Object  : FB_MultiZRef
	PLC Action  : A_Reset
	PLC AState  : 0

20.03.2026 10:36:33 - 42497 - Node not found
	Description : The CANopen node could not be found.
	Time        : 10:36:32.26
	ActionType  : Undefined
	MachineMode : Manu
	MachineState: Reset
	PLC Object  : FB_MultiZRef
	PLC Action  : A_Reset
	PLC AState  : 0

20.03.2026 10:36:33 - 42497 - Node not found
	Description : The CANopen node could not be found.
	Time        : 10:36:32.36
	ActionType  : Undefined
	MachineMode : Manu
	MachineState: Reset
	PLC Object  : FB_MultiZRef
	PLC Action  : A_Reset
	PLC AState  : 0

20.03.2026 10:36:33 - 42497 - Node not found
	Description : The CANopen node could not be found.
	Time        : 10:36:32.46
	ActionType  : Undefined
	MachineMode : Manu
	MachineState: Reset
	PLC Object  : FB_MultiZRef
	PLC Action  : A_Reset
	PLC AState  : 0

20.03.2026 10:36:33 - 42497 - Node not found
	Description : The CANopen node could not be found.
	Time        : 10:36:32.56
	ActionType  : Undefined
	MachineMode : Manu
	MachineState: Reset
	PLC Object  : FB_MultiZRef
	PLC Action  : A_Reset
	PLC AState  : 0

20.03.2026 10:36:34 - 42497 - Node not found
	Description : The CANopen node could not be found.
	Time        : 10:36:32.66
	ActionType  : Undefined
	MachineMode : Manu
	MachineState: Reset
	PLC Object  : FB_MultiZRef
	PLC Action  : A_Reset
	PLC AState  : 0

20.03.2026 10:36:34 - 42497 - Node not found
	Description : The CANopen node could not be found.
	Time        : 10:36:32.76
	ActionType  : Undefined
	MachineMode : Manu
	MachineState: Reset
	PLC Object  : FB_MultiZRef
	PLC Action  : A_Reset
	PLC AState  : 0

20.03.2026 10:36:34 - 42497 - Node not found
	Description : The CANopen node could not be found.
	Time        : 10:36:32.86
	ActionType  : Undefined
	MachineMode : Manu
	MachineState: Reset
	PLC Object  : FB_MultiZRef
	PLC Action  : A_Reset
	PLC AState  : 0

20.03.2026 10:36:34 - 42497 - Node not found
	Description : The CANopen node could not be found.
	Time        : 10:36:32.96
	ActionType  : Undefined
	MachineMode : Manu
	MachineState: Reset
	PLC Object  : FB_MultiZRef
	PLC Action  : A_Reset
	PLC AState  : 0

20.03.2026 10:36:34 - 42497 - Node not found
	Description : The CANopen node could not be found.
	Time        : 10:36:33.06
	ActionType  : Undefined
	MachineMode : Manu
	MachineState: Reset
	PLC Object  : FB_MultiZRef
	PLC Action  : A_Reset
	PLC AState  : 0

20.03.2026 10:36:34 - 42497 - Node not found
	Description : The CANopen node could not be found.
	Time        : 10:36:33.16
	ActionType  : Undefined
	MachineMode : Manu
	MachineState: Reset
	PLC Object  : FB_MultiZRef
	PLC Action  : A_Reset
	PLC AState  : 0

20.03.2026 10:36:35 - 42497 - Node not found
	Description : The CANopen node could not be found.
	Time        : 10:36:33.26
	ActionType  : Undefined
	MachineMode : Manu
	MachineState: Reset
	PLC Object  : FB_MultiZRef
	PLC Action  : A_Reset
	PLC AState  : 0

20.03.2026 10:36:35 - 42497 - Node not found
	Description : The CANopen node could not be found.
	Time        : 10:36:33.36
	ActionType  : Undefined
	MachineMode : Manu
	MachineState: Reset
	PLC Object  : FB_MultiZRef
	PLC Action  : A_Reset
	PLC AState  : 0

20.03.2026 10:36:35 - 42497 - Node not found
	Description : The CANopen node could not be found.
	Time        : 10:36:33.46
	ActionType  : Undefined
	MachineMode : Manu
	MachineState: Reset
	PLC Object  : FB_MultiZRef
	PLC Action  : A_Reset
	PLC AState  : 0

20.03.2026 10:36:35 - 42497 - Node not found
	Description : The CANopen node could not be found.
	Time        : 10:36:33.56
	ActionType  : Undefined
	MachineMode : Manu
	MachineState: Reset
	PLC Object  : FB_MultiZRef
	PLC Action  : A_Reset
	PLC AState  : 0

20.03.2026 10:36:35 - 42497 - Node not found
	Description : The CANopen node could not be found.
	Time        : 10:36:33.66
	ActionType  : Undefined
	MachineMode : Manu
	MachineState: Reset
	PLC Object  : FB_MultiZRef
	PLC Action  : A_Reset
	PLC AState  : 0

20.03.2026 10:36:35 - 42497 - Node not found
	Description : The CANopen node could not be found.
	Time        : 10:36:33.76
	ActionType  : Undefined
	MachineMode : Manu
	MachineState: Reset
	PLC Object  : FB_MultiZRef
	PLC Action  : A_Reset
	PLC AState  : 0

20.03.2026 10:36:36 - 42497 - Node not found
	Description : The CANopen node could not be found.
	Time        : 10:36:33.86
	ActionType  : Undefined
	MachineMode : Manu
	MachineState: Reset
	PLC Object  : FB_MultiZRef
	PLC Action  : A_Reset
	PLC AState  : 0

20.03.2026 10:36:36 - 42497 - Node not found
	Description : The CANopen node could not be found.
	Time        : 10:36:33.96
	ActionType  : Undefined
	MachineMode : Manu
	MachineState: Reset
	PLC Object  : FB_MultiZRef
	PLC Action  : A_Reset
	PLC AState  : 0

20.03.2026 10:36:36 - 42497 - Node not found
	Description : The CANopen node could not be found.
	Time        : 10:36:34.06
	ActionType  : Undefined
	MachineMode : Manu
	MachineState: Reset
	PLC Object  : FB_MultiZRef
	PLC Action  : A_Reset
	PLC AState  : 0

20.03.2026 10:36:36 - 42497 - Node not found
	Description : The CANopen node could not be found.
	Time        : 10:36:34.16
	ActionType  : Undefined
	MachineMode : Manu
	MachineState: Reset
	PLC Object  : FB_MultiZRef
	PLC Action  : A_Reset
	PLC AState  : 0

20.03.2026 10:36:36 - 42497 - Node not found
	Description : The CANopen node could not be found.
	Time        : 10:36:34.26
	ActionType  : Undefined
	MachineMode : Manu
	MachineState: Reset
	PLC Object  : FB_MultiZRef
	PLC Action  : A_Reset
	PLC AState  : 0

20.03.2026 10:36:36 - 42497 - Node not found
	Description : The CANopen node could not be found.
	Time        : 10:36:34.36
	ActionType  : Undefined
	MachineMode : Manu
	MachineState: Reset
	PLC Object  : FB_MultiZRef
	PLC Action  : A_Reset
	PLC AState  : 0

20.03.2026 10:36:36 - 42497 - Node not found
	Description : The CANopen node could not be found.
	Time        : 10:36:34.46
	ActionType  : Undefined
	MachineMode : Manu
	MachineState: Reset
	PLC Object  : FB_MultiZRef
	PLC Action  : A_Reset
	PLC AState  : 0

20.03.2026 10:36:36 - 42497 - Node not found
	Description : The CANopen node could not be found.
	Time        : 10:36:34.56
	ActionType  : Undefined
	MachineMode : Manu
	MachineState: Reset
	PLC Object  : FB_MultiZRef
	PLC Action  : A_Reset
	PLC AState  : 0

20.03.2026 10:36:36 - 42497 - Node not found
	Description : The CANopen node could not be found.
	Time        : 10:36:34.66
	ActionType  : Undefined
	MachineMode : Manu
	MachineState: Reset
	PLC Object  : FB_MultiZRef
	PLC Action  : A_Reset
	PLC AState  : 0

20.03.2026 10:36:36 - 42497 - Node not found
	Description : The CANopen node could not be found.
	Time        : 10:36:34.76
	ActionType  : Undefined
	MachineMode : Manu
	MachineState: Reset
	PLC Object  : FB_MultiZRef
	PLC Action  : A_Reset
	PLC AState  : 0

20.03.2026 10:36:37 - 42497 - Node not found
	Description : The CANopen node could not be found.
	Time        : 10:36:34.86
	ActionType  : Undefined
	MachineMode : Manu
	MachineState: Reset
	PLC Object  : FB_MultiZRef
	PLC Action  : A_Reset
	PLC AState  : 0

20.03.2026 10:36:37 - 42497 - Node not found
	Description : The CANopen node could not be found.
	Time        : 10:36:34.96
	ActionType  : Undefined
	MachineMode : Manu
	MachineState: Reset
	PLC Object  : FB_MultiZRef
	PLC Action  : A_Reset
	PLC AState  : 0

20.03.2026 10:36:37 - 42497 - Node not found
	Description : The CANopen node could not be found.
	Time        : 10:36:35.06
	ActionType  : Undefined
	MachineMode : Manu
	MachineState: Reset
	PLC Object  : FB_MultiZRef
	PLC Action  : A_Reset
	PLC AState  : 0

20.03.2026 10:36:37 - 42497 - Node not found
	Description : The CANopen node could not be found.
	Time        : 10:36:35.16
	ActionType  : Undefined
	MachineMode : Manu
	MachineState: Reset
	PLC Object  : FB_MultiZRef
	PLC Action  : A_Reset
	PLC AState  : 0

20.03.2026 10:36:37 - 42497 - Node not found
	Description : The CANopen node could not be found.
	Time        : 10:36:35.26
	ActionType  : Undefined
	MachineMode : Manu
	MachineState: Reset
	PLC Object  : FB_MultiZRef
	PLC Action  : A_Reset
	PLC AState  : 0

20.03.2026 10:36:37 - 42497 - Node not found
	Description : The CANopen node could not be found.
	Time        : 10:36:35.36
	ActionType  : Undefined
	MachineMode : Manu
	MachineState: Reset
	PLC Object  : FB_MultiZRef
	PLC Action  : A_Reset
	PLC AState  : 0

20.03.2026 10:36:38 - 42497 - Node not found
	Description : The CANopen node could not be found.
	Time        : 10:36:35.46
	ActionType  : Undefined
	MachineMode : Manu
	MachineState: Reset
	PLC Object  : FB_MultiZRef
	PLC Action  : A_Reset
	PLC AState  : 0

20.03.2026 10:36:38 - 42497 - Node not found
	Description : The CANopen node could not be found.
	Time        : 10:36:35.56
	ActionType  : Undefined
	MachineMode : Manu
	MachineState: Reset
	PLC Object  : FB_MultiZRef
	PLC Action  : A_Reset
	PLC AState  : 0

20.03.2026 10:36:38 - 42497 - Node not found
	Description : The CANopen node could not be found.
	Time        : 10:36:35.66
	ActionType  : Undefined
	MachineMode : Manu
	MachineState: Reset
	PLC Object  : FB_MultiZRef
	PLC Action  : A_Reset
	PLC AState  : 0

20.03.2026 10:36:38 - 42497 - Node not found
	Description : The CANopen node could not be found.
	Time        : 10:36:35.76
	ActionType  : Undefined
	MachineMode : Manu
	MachineState: Reset
	PLC Object  : FB_MultiZRef
	PLC Action  : A_Reset
	PLC AState  : 0

20.03.2026 10:36:38 - 42497 - Node not found
	Description : The CANopen node could not be found.
	Time        : 10:36:35.86
	ActionType  : Undefined
	MachineMode : Manu
	MachineState: Reset
	PLC Object  : FB_MultiZRef
	PLC Action  : A_Reset
	PLC AState  : 0

20.03.2026 10:36:38 - 42497 - Node not found
	Description : The CANopen node could not be found.
	Time        : 10:36:35.96
	ActionType  : Undefined
	MachineMode : Manu
	MachineState: Reset
	PLC Object  : FB_MultiZRef
	PLC Action  : A_Reset
	PLC AState  : 0

20.03.2026 10:36:39 - 42497 - Node not found
	Description : The CANopen node could not be found.
	Time        : 10:36:36.06
	ActionType  : Undefined
	MachineMode : Manu
	MachineState: Reset
	PLC Object  : FB_MultiZRef
	PLC Action  : A_Reset
	PLC AState  : 0

20.03.2026 10:36:39 - 42497 - Node not found
	Description : The CANopen node could not be found.
	Time        : 10:36:36.16
	ActionType  : Undefined
	MachineMode : Manu
	MachineState: Reset
	PLC Object  : FB_MultiZRef
	PLC Action  : A_Reset
	PLC AState  : 0

20.03.2026 10:36:39 - 42497 - Node not found
	Description : The CANopen node could not be found.
	Time        : 10:36:36.26
	ActionType  : Undefined
	MachineMode : Manu
	MachineState: Reset
	PLC Object  : FB_MultiZRef
	PLC Action  : A_Reset
	PLC AState  : 0

20.03.2026 10:36:39 - 42497 - Node not found
	Description : The CANopen node could not be found.
	Time        : 10:36:36.36
	ActionType  : Undefined
	MachineMode : Manu
	MachineState: Reset
	PLC Object  : FB_MultiZRef
	PLC Action  : A_Reset
	PLC AState  : 0

20.03.2026 10:36:39 - 42497 - Node not found
	Description : The CANopen node could not be found.
	Time        : 10:36:36.46
	ActionType  : Undefined
	MachineMode : Manu
	MachineState: Reset
	PLC Object  : FB_MultiZRef
	PLC Action  : A_Reset
	PLC AState  : 0

20.03.2026 10:36:39 - 42497 - Node not found
	Description : The CANopen node could not be found.
	Time        : 10:36:36.56
	ActionType  : Undefined
	MachineMode : Manu
	MachineState: Reset
	PLC Object  : FB_MultiZRef
	PLC Action  : A_Reset
	PLC AState  : 0

20.03.2026 10:36:40 - 42497 - Node not found
	Description : The CANopen node could not be found.
	Time        : 10:36:36.66
	ActionType  : Undefined
	MachineMode : Manu
	MachineState: Reset
	PLC Object  : FB_MultiZRef
	PLC Action  : A_Reset
	PLC AState  : 0

20.03.2026 10:36:40 - 42497 - Node not found
	Description : The CANopen node could not be found.
	Time        : 10:36:36.76
	ActionType  : Undefined
	MachineMode : Manu
	MachineState: Reset
	PLC Object  : FB_MultiZRef
	PLC Action  : A_Reset
	PLC AState  : 0

20.03.2026 10:36:40 - 42497 - Node not found
	Description : The CANopen node could not be found.
	Time        : 10:36:36.86
	ActionType  : Undefined
	MachineMode : Manu
	MachineState: Reset
	PLC Object  : FB_MultiZRef
	PLC Action  : A_Reset
	PLC AState  : 0

20.03.2026 10:36:40 - 42497 - Node not found
	Description : The CANopen node could not be found.
	Time        : 10:36:36.96
	ActionType  : Undefined
	MachineMode : Manu
	MachineState: Reset
	PLC Object  : FB_MultiZRef
	PLC Action  : A_Reset
	PLC AState  : 0

20.03.2026 10:36:40 - 42497 - Node not found
	Description : The CANopen node could not be found.
	Time        : 10:36:37.06
	ActionType  : Undefined
	MachineMode : Manu
	MachineState: Reset
	PLC Object  : FB_MultiZRef
	PLC Action  : A_Reset
	PLC AState  : 0

20.03.2026 10:36:40 - 42497 - Node not found
	Description : The CANopen node could not be found.
	Time        : 10:36:37.16
	ActionType  : Undefined
	MachineMode : Manu
	MachineState: Reset
	PLC Object  : FB_MultiZRef
	PLC Action  : A_Reset
	PLC AState  : 0

20.03.2026 10:36:41 - 42497 - Node not found
	Description : The CANopen node could not be found.
	Time        : 10:36:37.26
	ActionType  : Undefined
	MachineMode : Manu
	MachineState: Reset
	PLC Object  : FB_MultiZRef
	PLC Action  : A_Reset
	PLC AState  : 0

20.03.2026 10:36:41 - 42497 - Node not found
	Description : The CANopen node could not be found.
	Time        : 10:36:37.36
	ActionType  : Undefined
	MachineMode : Manu
	MachineState: Reset
	PLC Object  : FB_MultiZRef
	PLC Action  : A_Reset
	PLC AState  : 0

20.03.2026 10:36:41 - 42497 - Node not found
	Description : The CANopen node could not be found.
	Time        : 10:36:37.46
	ActionType  : Undefined
	MachineMode : Manu
	MachineState: Reset
	PLC Object  : FB_MultiZRef
	PLC Action  : A_Reset
	PLC AState  : 0

20.03.2026 10:36:41 - 42497 - Node not found
	Description : The CANopen node could not be found.
	Time        : 10:36:37.56
	ActionType  : Undefined
	MachineMode : Manu
	MachineState: Reset
	PLC Object  : FB_MultiZRef
	PLC Action  : A_Reset
	PLC AState  : 0

20.03.2026 10:36:41 - 42497 - Node not found
	Description : The CANopen node could not be found.
	Time        : 10:36:37.66
	ActionType  : Undefined
	MachineMode : Manu
	MachineState: Reset
	PLC Object  : FB_MultiZRef
	PLC Action  : A_Reset
	PLC AState  : 0

20.03.2026 10:36:41 - 42497 - Node not found
	Description : The CANopen node could not be found.
	Time        : 10:36:37.76
	ActionType  : Undefined
	MachineMode : Manu
	MachineState: Reset
	PLC Object  : FB_MultiZRef
	PLC Action  : A_Reset
	PLC AState  : 0

20.03.2026 10:36:41 - 42497 - Node not found
	Description : The CANopen node could not be found.
	Time        : 10:36:37.86
	ActionType  : Undefined
	MachineMode : Manu
	MachineState: Reset
	PLC Object  : FB_MultiZRef
	PLC Action  : A_Reset
	PLC AState  : 0

20.03.2026 10:36:42 - 42497 - Node not found
	Description : The CANopen node could not be found.
	Time        : 10:36:37.96
	ActionType  : Undefined
	MachineMode : Manu
	MachineState: Reset
	PLC Object  : FB_MultiZRef
	PLC Action  : A_Reset
	PLC AState  : 0

20.03.2026 10:36:42 - 42497 - Node not found
	Description : The CANopen node could not be found.
	Time        : 10:36:38.06
	ActionType  : Undefined
	MachineMode : Manu
	MachineState: Reset
	PLC Object  : FB_MultiZRef
	PLC Action  : A_Reset
	PLC AState  : 0

20.03.2026 10:36:42 - 42497 - Node not found
	Description : The CANopen node could not be found.
	Time        : 10:36:38.16
	ActionType  : Undefined
	MachineMode : Manu
	MachineState: Reset
	PLC Object  : FB_MultiZRef
	PLC Action  : A_Reset
	PLC AState  : 0

20.03.2026 10:36:42 - 42497 - Node not found
	Description : The CANopen node could not be found.
	Time        : 10:36:38.26
	ActionType  : Undefined
	MachineMode : Manu
	MachineState: Reset
	PLC Object  : FB_MultiZRef
	PLC Action  : A_Reset
	PLC AState  : 0

20.03.2026 10:36:42 - 42497 - Node not found
	Description : The CANopen node could not be found.
	Time        : 10:36:38.36
	ActionType  : Undefined
	MachineMode : Manu
	MachineState: Reset
	PLC Object  : FB_MultiZRef
	PLC Action  : A_Reset
	PLC AState  : 0

20.03.2026 10:36:42 - 42497 - Node not found
	Description : The CANopen node could not be found.
	Time        : 10:36:38.46
	ActionType  : Undefined
	MachineMode : Manu
	MachineState: Reset
	PLC Object  : FB_MultiZRef
	PLC Action  : A_Reset
	PLC AState  : 0

20.03.2026 10:36:42 - 42497 - Node not found
	Description : The CANopen node could not be found.
	Time        : 10:36:38.56
	ActionType  : Undefined
	MachineMode : Manu
	MachineState: Reset
	PLC Object  : FB_MultiZRef
	PLC Action  : A_Reset
	PLC AState  : 0

20.03.2026 10:36:43 - 42497 - Node not found
	Description : The CANopen node could not be found.
	Time        : 10:36:38.66
	ActionType  : Undefined
	MachineMode : Manu
	MachineState: Reset
	PLC Object  : FB_MultiZRef
	PLC Action  : A_Reset
	PLC AState  : 0

20.03.2026 10:36:43 - 42497 - Node not found
	Description : The CANopen node could not be found.
	Time        : 10:36:38.76
	ActionType  : Undefined
	MachineMode : Manu
	MachineState: Reset
	PLC Object  : FB_MultiZRef
	PLC Action  : A_Reset
	PLC AState  : 0

20.03.2026 10:36:43 - 42497 - Node not found
	Description : The CANopen node could not be found.
	Time        : 10:36:38.86
	ActionType  : Undefined
	MachineMode : Manu
	MachineState: Reset
	PLC Object  : FB_MultiZRef
	PLC Action  : A_Reset
	PLC AState  : 0

20.03.2026 10:36:43 - 42497 - Node not found
	Description : The CANopen node could not be found.
	Time        : 10:36:38.96
	ActionType  : Undefined
	MachineMode : Manu
	MachineState: Reset
	PLC Object  : FB_MultiZRef
	PLC Action  : A_Reset
	PLC AState  : 0

20.03.2026 10:36:43 - 42497 - Node not found
	Description : The CANopen node could not be found.
	Time        : 10:36:39.06
	ActionType  : Undefined
	MachineMode : Manu
	MachineState: Reset
	PLC Object  : FB_MultiZRef
	PLC Action  : A_Reset
	PLC AState  : 0

20.03.2026 10:36:43 - 42497 - Node not found
	Description : The CANopen node could not be found.
	Time        : 10:36:39.16
	ActionType  : Undefined
	MachineMode : Manu
	MachineState: Reset
	PLC Object  : FB_MultiZRef
	PLC Action  : A_Reset
	PLC AState  : 0

20.03.2026 10:36:43 - 42497 - Node not found
	Description : The CANopen node could not be found.
	Time        : 10:36:39.26
	ActionType  : Undefined
	MachineMode : Manu
	MachineState: Reset
	PLC Object  : FB_MultiZRef
	PLC Action  : A_Reset
	PLC AState  : 0

20.03.2026 10:36:43 - 42497 - Node not found
	Description : The CANopen node could not be found.
	Time        : 10:36:39.36
	ActionType  : Undefined
	MachineMode : Manu
	MachineState: Reset
	PLC Object  : FB_MultiZRef
	PLC Action  : A_Reset
	PLC AState  : 0

20.03.2026 10:36:43 - 42497 - Node not found
	Description : The CANopen node could not be found.
	Time        : 10:36:39.46
	ActionType  : Undefined
	MachineMode : Manu
	MachineState: Reset
	PLC Object  : FB_MultiZRef
	PLC Action  : A_Reset
	PLC AState  : 0

20.03.2026 10:36:43 - 42497 - Node not found
	Description : The CANopen node could not be found.
	Time        : 10:36:39.56
	ActionType  : Undefined
	MachineMode : Manu
	MachineState: Reset
	PLC Object  : FB_MultiZRef
	PLC Action  : A_Reset
	PLC AState  : 0

20.03.2026 10:36:43 - 42497 - Node not found
	Description : The CANopen node could not be found.
	Time        : 10:36:39.66
	ActionType  : Undefined
	MachineMode : Manu
	MachineState: Reset
	PLC Object  : FB_MultiZRef
	PLC Action  : A_Reset
	PLC AState  : 0

20.03.2026 10:36:44 - 42497 - Node not found
	Description : The CANopen node could not be found.
	Time        : 10:36:39.76
	ActionType  : Undefined
	MachineMode : Manu
	MachineState: Reset
	PLC Object  : FB_MultiZRef
	PLC Action  : A_Reset
	PLC AState  : 0

20.03.2026 10:36:44 - 42497 - Node not found
	Description : The CANopen node could not be found.
	Time        : 10:36:39.86
	ActionType  : Undefined
	MachineMode : Manu
	MachineState: Reset
	PLC Object  : FB_MultiZRef
	PLC Action  : A_Reset
	PLC AState  : 0

20.03.2026 10:36:44 - 42497 - Node not found
	Description : The CANopen node could not be found.
	Time        : 10:36:39.96
	ActionType  : Undefined
	MachineMode : Manu
	MachineState: Reset
	PLC Object  : FB_MultiZRef
	PLC Action  : A_Reset
	PLC AState  : 0

20.03.2026 10:36:44 - 42497 - Node not found
	Description : The CANopen node could not be found.
	Time        : 10:36:40.06
	ActionType  : Undefined
	MachineMode : Manu
	MachineState: Reset
	PLC Object  : FB_MultiZRef
	PLC Action  : A_Reset
	PLC AState  : 0

20.03.2026 10:36:44 - 42497 - Node not found
	Description : The CANopen node could not be found.
	Time        : 10:36:40.16
	ActionType  : Undefined
	MachineMode : Manu
	MachineState: Reset
	PLC Object  : FB_MultiZRef
	PLC Action  : A_Reset
	PLC AState  : 0

20.03.2026 10:36:44 - 42497 - Node not found
	Description : The CANopen node could not be found.
	Time        : 10:36:40.26
	ActionType  : Undefined
	MachineMode : Manu
	MachineState: Reset
	PLC Object  : FB_MultiZRef
	PLC Action  : A_Reset
	PLC AState  : 0

20.03.2026 10:36:44 - 42497 - Node not found
	Description : The CANopen node could not be found.
	Time        : 10:36:40.36
	ActionType  : Undefined
	MachineMode : Manu
	MachineState: Reset
	PLC Object  : FB_MultiZRef
	PLC Action  : A_Reset
	PLC AState  : 0

20.03.2026 10:36:44 - 42497 - Node not found
	Description : The CANopen node could not be found.
	Time        : 10:36:40.46
	ActionType  : Undefined
	MachineMode : Manu
	MachineState: Reset
	PLC Object  : FB_MultiZRef
	PLC Action  : A_Reset
	PLC AState  : 0

20.03.2026 10:36:44 - 42497 - Node not found
	Description : The CANopen node could not be found.
	Time        : 10:36:40.56
	ActionType  : Undefined
	MachineMode : Manu
	MachineState: Reset
	PLC Object  : FB_MultiZRef
	PLC Action  : A_Reset
	PLC AState  : 0

20.03.2026 10:36:44 - 42497 - Node not found
	Description : The CANopen node could not be found.
	Time        : 10:36:40.66
	ActionType  : Undefined
	MachineMode : Manu
	MachineState: Reset
	PLC Object  : FB_MultiZRef
	PLC Action  : A_Reset
	PLC AState  : 0

20.03.2026 10:36:45 - 42497 - Node not found
	Description : The CANopen node could not be found.
	Time        : 10:36:40.76
	ActionType  : Undefined
	MachineMode : Manu
	MachineState: Reset
	PLC Object  : FB_MultiZRef
	PLC Action  : A_Reset
	PLC AState  : 0

20.03.2026 10:36:45 - 42497 - Node not found
	Description : The CANopen node could not be found.
	Time        : 10:36:40.86
	ActionType  : Undefined
	MachineMode : Manu
	MachineState: Reset
	PLC Object  : FB_MultiZRef
	PLC Action  : A_Reset
	PLC AState  : 0

20.03.2026 10:36:45 - 42497 - Node not found
	Description : The CANopen node could not be found.
	Time        : 10:36:40.96
	ActionType  : Undefined
	MachineMode : Manu
	MachineState: Reset
	PLC Object  : FB_MultiZRef
	PLC Action  : A_Reset
	PLC AState  : 0

20.03.2026 10:36:45 - 42497 - Node not found
	Description : The CANopen node could not be found.
	Time        : 10:36:41.06
	ActionType  : Undefined
	MachineMode : Manu
	MachineState: Reset
	PLC Object  : FB_MultiZRef
	PLC Action  : A_Reset
	PLC AState  : 0

20.03.2026 10:36:45 - 42497 - Node not found
	Description : The CANopen node could not be found.
	Time        : 10:36:41.16
	ActionType  : Undefined
	MachineMode : Manu
	MachineState: Reset
	PLC Object  : FB_MultiZRef
	PLC Action  : A_Reset
	PLC AState  : 0

20.03.2026 10:36:45 - 42497 - Node not found
	Description : The CANopen node could not be found.
	Time        : 10:36:41.26
	ActionType  : Undefined
	MachineMode : Manu
	MachineState: Reset
	PLC Object  : FB_MultiZRef
	PLC Action  : A_Reset
	PLC AState  : 0

20.03.2026 10:36:45 - 42497 - Node not found
	Description : The CANopen node could not be found.
	Time        : 10:36:41.36
	ActionType  : Undefined
	MachineMode : Manu
	MachineState: Reset
	PLC Object  : FB_MultiZRef
	PLC Action  : A_Reset
	PLC AState  : 0

20.03.2026 10:36:45 - 42497 - Node not found
	Description : The CANopen node could not be found.
	Time        : 10:36:41.46
	ActionType  : Undefined
	MachineMode : Manu
	MachineState: Reset
	PLC Object  : FB_MultiZRef
	PLC Action  : A_Reset
	PLC AState  : 0

20.03.2026 10:36:45 - 42497 - Node not found
	Description : The CANopen node could not be found.
	Time        : 10:36:41.56
	ActionType  : Undefined
	MachineMode : Manu
	MachineState: Reset
	PLC Object  : FB_MultiZRef
	PLC Action  : A_Reset
	PLC AState  : 0

20.03.2026 10:36:46 - 42497 - Node not found
	Description : The CANopen node could not be found.
	Time        : 10:36:41.66
	ActionType  : Undefined
	MachineMode : Manu
	MachineState: Reset
	PLC Object  : FB_MultiZRef
	PLC Action  : A_Reset
	PLC AState  : 0

20.03.2026 10:36:46 - 42497 - Node not found
	Description : The CANopen node could not be found.
	Time        : 10:36:41.76
	ActionType  : Undefined
	MachineMode : Manu
	MachineState: Reset
	PLC Object  : FB_MultiZRef
	PLC Action  : A_Reset
	PLC AState  : 0

20.03.2026 10:36:46 - 42497 - Node not found
	Description : The CANopen node could not be found.
	Time        : 10:36:41.86
	ActionType  : Undefined
	MachineMode : Manu
	MachineState: Reset
	PLC Object  : FB_MultiZRef
	PLC Action  : A_Reset
	PLC AState  : 0

20.03.2026 10:36:46 - 42497 - Node not found
	Description : The CANopen node could not be found.
	Time        : 10:36:41.96
	ActionType  : Undefined
	MachineMode : Manu
	MachineState: Reset
	PLC Object  : FB_MultiZRef
	PLC Action  : A_Reset
	PLC AState  : 0

20.03.2026 10:36:46 - 42497 - Node not found
	Description : The CANopen node could not be found.
	Time        : 10:36:42.06
	ActionType  : Undefined
	MachineMode : Manu
	MachineState: Reset
	PLC Object  : FB_MultiZRef
	PLC Action  : A_Reset
	PLC AState  : 0

20.03.2026 10:36:46 - 42497 - Node not found
	Description : The CANopen node could not be found.
	Time        : 10:36:42.16
	ActionType  : Undefined
	MachineMode : Manu
	MachineState: Reset
	PLC Object  : FB_MultiZRef
	PLC Action  : A_Reset
	PLC AState  : 0

20.03.2026 10:36:46 - 42497 - Node not found
	Description : The CANopen node could not be found.
	Time        : 10:36:42.26
	ActionType  : Undefined
	MachineMode : Manu
	MachineState: Reset
	PLC Object  : FB_MultiZRef
	PLC Action  : A_Reset
	PLC AState  : 0

20.03.2026 10:36:47 - 42497 - Node not found
	Description : The CANopen node could not be found.
	Time        : 10:36:42.36
	ActionType  : Undefined
	MachineMode : Manu
	MachineState: Reset
	PLC Object  : FB_MultiZRef
	PLC Action  : A_Reset
	PLC AState  : 0

20.03.2026 10:36:47 - 42497 - Node not found
	Description : The CANopen node could not be found.
	Time        : 10:36:42.46
	ActionType  : Undefined
	MachineMode : Manu
	MachineState: Reset
	PLC Object  : FB_MultiZRef
	PLC Action  : A_Reset
	PLC AState  : 0

20.03.2026 10:36:47 - 42497 - Node not found
	Description : The CANopen node could not be found.
	Time        : 10:36:42.56
	ActionType  : Undefined
	MachineMode : Manu
	MachineState: Reset
	PLC Object  : FB_MultiZRef
	PLC Action  : A_Reset
	PLC AState  : 0

20.03.2026 10:36:47 - 42497 - Node not found
	Description : The CANopen node could not be found.
	Time        : 10:36:42.66
	ActionType  : Undefined
	MachineMode : Manu
	MachineState: Reset
	PLC Object  : FB_MultiZRef
	PLC Action  : A_Reset
	PLC AState  : 0

20.03.2026 10:36:47 - 42497 - Node not found
	Description : The CANopen node could not be found.
	Time        : 10:36:42.76
	ActionType  : Undefined
	MachineMode : Manu
	MachineState: Reset
	PLC Object  : FB_MultiZRef
	PLC Action  : A_Reset
	PLC AState  : 0

20.03.2026 10:36:47 - 42497 - Node not found
	Description : The CANopen node could not be found.
	Time        : 10:36:42.86
	ActionType  : Undefined
	MachineMode : Manu
	MachineState: Error
	PLC Object  : FB_MultiZRef
	PLC Action  : A_Reset
	PLC AState  : 0

20.03.2026 10:37:06 - 42497 - Node not found
	Description : The CANopen node could not be found.
	Time        : 10:36:42.86
	ActionType  : Undefined
	MachineMode : Manu
	MachineState: Error
	PLC Object  : FB_MultiZRef
	PLC Action  : A_Reset
	PLC AState  : 0

20.03.2026 10:37:12 - 42497 - Node not found
	Description : The CANopen node could not be found.
	Time        : 10:37:12.23
	ActionType  : Undefined
	MachineMode : Manu
	MachineState: Reset
	PLC Object  : FB_MultiZRef
	PLC Action  : A_Reset
	PLC AState  : 0

20.03.2026 10:37:12 - 42497 - Node not found
	Description : The CANopen node could not be found.
	Time        : 10:37:12.24
	ActionType  : Undefined
	MachineMode : Manu
	MachineState: Reset
	PLC Object  : FB_MultiZRef
	PLC Action  : A_Reset
	PLC AState  : 0

20.03.2026 10:37:12 - 42497 - Node not found
	Description : The CANopen node could not be found.
	Time        : 10:37:12.25
	ActionType  : Undefined
	MachineMode : Manu
	MachineState: Reset
	PLC Object  : FB_MultiZRef
	PLC Action  : A_Reset
	PLC AState  : 0

20.03.2026 10:37:12 - 42497 - Node not found
	Description : The CANopen node could not be found.
	Time        : 10:37:12.26
	ActionType  : Undefined
	MachineMode : Manu
	MachineState: Reset
	PLC Object  : FB_MultiZRef
	PLC Action  : A_Reset
	PLC AState  : 0

20.03.2026 10:37:12 - 42497 - Node not found
	Description : The CANopen node could not be found.
	Time        : 10:37:12.27
	ActionType  : Undefined
	MachineMode : Manu
	MachineState: Reset
	PLC Object  : FB_MultiZRef
	PLC Action  : A_Reset
	PLC AState  : 0

20.03.2026 10:37:12 - 42497 - Node not found
	Description : The CANopen node could not be found.
	Time        : 10:37:12.28
	ActionType  : Undefined
	MachineMode : Manu
	MachineState: Reset
	PLC Object  : FB_MultiZRef
	PLC Action  : A_Reset
	PLC AState  : 0

20.03.2026 10:37:12 - 42497 - Node not found
	Description : The CANopen node could not be found.
	Time        : 10:37:12.29
	ActionType  : Undefined
	MachineMode : Manu
	MachineState: Reset
	PLC Object  : FB_MultiZRef
	PLC Action  : A_Reset
	PLC AState  : 0

20.03.2026 10:37:13 - 42497 - Node not found
	Description : The CANopen node could not be found.
	Time        : 10:37:12.30
	ActionType  : Undefined
	MachineMode : Manu
	MachineState: Reset
	PLC Object  : FB_MultiZRef
	PLC Action  : A_Reset
	PLC AState  : 0

20.03.2026 10:37:13 - 42497 - Node not found
	Description : The CANopen node could not be found.
	Time        : 10:37:12.31
	ActionType  : Undefined
	MachineMode : Manu
	MachineState: Reset
	PLC Object  : FB_MultiZRef
	PLC Action  : A_Reset
	PLC AState  : 0

20.03.2026 10:37:13 - 42497 - Node not found
	Description : The CANopen node could not be found.
	Time        : 10:37:12.32
	ActionType  : Undefined
	MachineMode : Manu
	MachineState: Reset
	PLC Object  : FB_MultiZRef
	PLC Action  : A_Reset
	PLC AState  : 0

20.03.2026 10:37:13 - 42497 - Node not found
	Description : The CANopen node could not be found.
	Time        : 10:37:12.33
	ActionType  : Undefined
	MachineMode : Manu
	MachineState: Reset
	PLC Object  : FB_MultiZRef
	PLC Action  : A_Reset
	PLC AState  : 0

20.03.2026 10:37:13 - 42497 - Node not found
	Description : The CANopen node could not be found.
	Time        : 10:37:12.34
	ActionType  : Undefined
	MachineMode : Manu
	MachineState: Reset
	PLC Object  : FB_MultiZRef
	PLC Action  : A_Reset
	PLC AState  : 0

20.03.2026 10:37:13 - 42497 - Node not found
	Description : The CANopen node could not be found.
	Time        : 10:37:12.35
	ActionType  : Undefined
	MachineMode : Manu
	MachineState: Reset
	PLC Object  : FB_MultiZRef
	PLC Action  : A_Reset
	PLC AState  : 0

20.03.2026 10:37:13 - 42497 - Node not found
	Description : The CANopen node could not be found.
	Time        : 10:37:12.44
	ActionType  : Undefined
	MachineMode : Manu
	MachineState: Reset
	PLC Object  : FB_MultiZRef
	PLC Action  : A_Reset
	PLC AState  : 0

20.03.2026 10:37:13 - 42497 - Node not found
	Description : The CANopen node could not be found.
	Time        : 10:37:12.54
	ActionType  : Undefined
	MachineMode : Manu
	MachineState: Reset
	PLC Object  : FB_MultiZRef
	PLC Action  : A_Reset
	PLC AState  : 0

20.03.2026 10:37:13 - 42497 - Node not found
	Description : The CANopen node could not be found.
	Time        : 10:37:12.64
	ActionType  : Undefined
	MachineMode : Manu
	MachineState: Reset
	PLC Object  : FB_MultiZRef
	PLC Action  : A_Reset
	PLC AState  : 0

26.03.2026 14:07:17 - 41995 - InvalidToolConfig
	Description : 
	Time        : 14:07:20.99
	ActionType  : Undefined
	MachineMode : Config
	MachineState: Active
	PLC Object  : FB_MultiZRef
	PLC Action  : A_SetConfig
	PLC AState  : 0

26.03.2026 14:07:17 - 41995 - InvalidToolConfig
	Description : 
	Time        : 14:07:21.00
	ActionType  : Undefined
	MachineMode : Config
	MachineState: Active
	PLC Object  : FB_Configuration
	PLC Action  : A_Activate
	PLC AState  : 0

26.03.2026 14:07:22 - 41995 - InvalidToolConfig
	Description : 
	Time        : 14:07:25.48
	ActionType  : Undefined
	MachineMode : Config
	MachineState: Active
	PLC Object  : FB_MultiZRef
	PLC Action  : A_SetConfig
	PLC AState  : 0

26.03.2026 14:07:22 - 41995 - InvalidToolConfig
	Description : 
	Time        : 14:07:25.49
	ActionType  : Undefined
	MachineMode : Config
	MachineState: Active
	PLC Object  : FB_Configuration
	PLC Action  : A_Activate
	PLC AState  : 0

26.03.2026 14:07:25 - 41995 - InvalidToolConfig
	Description : 
	Time        : 14:07:28.43
	ActionType  : Undefined
	MachineMode : Config
	MachineState: Active
	PLC Object  : FB_MultiZRef
	PLC Action  : A_SetConfig
	PLC AState  : 0

26.03.2026 14:07:25 - 41995 - InvalidToolConfig
	Description : 
	Time        : 14:07:28.44
	ActionType  : Undefined
	MachineMode : Config
	MachineState: Active
	PLC Object  : FB_Configuration
	PLC Action  : A_Activate
	PLC AState  : 0

26.03.2026 14:07:29 - 41995 - InvalidToolConfig
	Description : 
	Time        : 14:07:32.66
	ActionType  : Undefined
	MachineMode : Config
	MachineState: Active
	PLC Object  : FB_MultiZRef
	PLC Action  : A_SetConfig
	PLC AState  : 0

26.03.2026 14:07:29 - 41995 - InvalidToolConfig
	Description : 
	Time        : 14:07:32.67
	ActionType  : Undefined
	MachineMode : Config
	MachineState: Active
	PLC Object  : FB_Configuration
	PLC Action  : A_Activate
	PLC AState  : 0

26.03.2026 14:08:28 - 41995 - InvalidToolConfig
	Description : 
	Time        : 14:08:31.61
	ActionType  : Undefined
	MachineMode : Config
	MachineState: Active
	PLC Object  : FB_MultiZRef
	PLC Action  : A_SetConfig
	PLC AState  : 0

26.03.2026 14:08:28 - 41995 - InvalidToolConfig
	Description : 
	Time        : 14:08:31.62
	ActionType  : Undefined
	MachineMode : Config
	MachineState: Active
	PLC Object  : FB_Configuration
	PLC Action  : A_Activate
	PLC AState  : 0

26.03.2026 14:18:33 - 41995 - InvalidToolConfig
	Description : 
	Time        : 14:08:31.62
	ActionType  : Undefined
	MachineMode : Config
	MachineState: Active
	PLC Object  : FB_Configuration
	PLC Action  : A_Activate
	PLC AState  : 0

26.03.2026 14:54:42 - 41500 - Target position out of range - X
	Description : Tool cannot move to target.
	Time        : 14:54:42.25
	Command     : EXECUTE_ACTION
	Object      : Gesim.GsPassivePip(Pip Cell_PickandPlace)
	Action      : Move to Target->WashStation->WashPoint_Out_Bottom

26.03.2026 14:54:56 - 41500 - Target position out of range - X
	Description : Tool cannot move to target.
	Time        : 14:54:56.39
	Command     : EXECUTE_ACTION
	Object      : Gesim.GsPassivePip(Pip Cell_PickandPlace)
	Action      : Move to Target->WashStation->WashPoint_Out_Bottom

26.03.2026 14:55:05 - 41500 - Target position out of range - X
	Description : Tool cannot move to target.
	Time        : 14:55:05.65
	Command     : EXECUTE_ACTION
	Object      : Gesim.GsPassivePip(Pip Cell_PickandPlace)
	Action      : Move to Target->WashStation->WashPoint_In_Bottom

26.03.2026 14:55:59 - 41570 - Risk of crash: Jog
	Description : Can not jog fast in this area.
	Time        : 14:55:59.33
	Command     : EXECUTE_ACTION
	Object      : Gesim.GsPassivePip(Pip Cell_PickandPlace)
	Action      : Jog

26.03.2026 14:58:11 - 41570 - Risk of crash: Jog
	Description : Can not jog fast in this area.
	Time        : 14:58:11.26
	Command     : EXECUTE_ACTION
	Object      : Gesim.GsPassivePip(Pip Cell_PickandPlace)
	Action      : Jog

26.03.2026 14:58:14 - 41570 - Risk of crash: Jog
	Description : Can not jog fast in this area.
	Time        : 14:58:14.23
	Command     : EXECUTE_ACTION
	Object      : Gesim.GsPassivePip(Pip Cell_PickandPlace)
	Action      : Jog

27.03.2026 09:08:24 - 41500 - Target position out of range - X
	Description : Tool cannot move to target.
	Time        : 09:08:24.36
	Command     : EXECUTE_ACTION
	Object      : Gesim.GsPassivePip(Pip Cell_PickandPlace)
	Action      : Move to Target->WashStation->WashPoint_In_Bottom

27.03.2026 09:33:43 - 41500 - Target position out of range - X
	Description : Tool cannot move to target.
	Time        : 09:33:43.65
	Command     : EXECUTE_ACTION
	Object      : Gesim.GsPassivePip(Pip Cell_PickandPlace)
	Action      : Move to Target->WashStation->WashPoint_Out_Bottom

27.03.2026 09:35:47 - 41500 - Target position out of range - X
	Description : Tool cannot move to target.
	Time        : 09:35:47.27
	Command     : EXECUTE_ACTION
	Object      : Gesim.GsPassivePip(Pip Cell_PickandPlace)
	Action      : Move to Target->WashStation->WashPoint_Out_Bottom

27.03.2026 11:39:46 - 41500 - Target position out of range - X
	Description : Tool cannot move to target.
	Time        : 11:39:46.81
	Command     : EXECUTE_ACTION
	Object      : Gesim.GsPassivePip(Pip Cell_PickandPlace)
	Action      : Move to Target->WashStation->WashPoint_Out_Bottom

27.03.2026 11:39:57 - 41500 - Target position out of range - X
	Description : Tool cannot move to target.
	Time        : 11:39:57.88
	Command     : EXECUTE_ACTION
	Object      : Gesim.GsPassivePip(Pip Cell_PickandPlace)
	Action      : Move to Target->WashStation->WashPoint_Out_Bottom

27.03.2026 11:49:25 - 50002 - Camera not responding
	Description : The camera is not responding to commands.
	Time        : 11:49:25.67
	Exception   : ic4.IC4Exception: Grabber.StreamSetup: start_live: Failed so start acquisition (Failed to execute AcquisitionStart: Generic Error)
   bei ic4.IC4Exception.ThrowLastError(Assembly wrappingAssembly, Boolean throwIfNoError, IEnumerable`1 ignoreErrors)
   bei ic4.Grabber.StreamSetup(Sink sink, StreamSetupOption setupOption)
   bei Gesim.Imaging.ISCameraImage.start()
   bei GesimRobotics.ViewModels.CameraControl.startCamera(Boolean continuous)

27.03.2026 11:53:12 - 50002 - Camera not responding
	Description : The camera is not responding to commands.
	Time        : 11:53:12.39
	Exception   : ic4.IC4Exception: Grabber.StreamSetup: start_live: Failed so start acquisition (Failed to execute AcquisitionStart: Generic Error)
   bei ic4.IC4Exception.ThrowLastError(Assembly wrappingAssembly, Boolean throwIfNoError, IEnumerable`1 ignoreErrors)
   bei ic4.Grabber.StreamSetup(Sink sink, StreamSetupOption setupOption)
   bei Gesim.Imaging.ISCameraImage.start()
   bei GesimRobotics.ViewModels.CameraControl.startCamera(Boolean continuous)

27.03.2026 13:27:24 - 41506 - Sensor already triggered
	Description : A sensor was already triggered before measuring.
	Time        : 13:27:24.80
	ActionType  : Measure
	MachineMode : Manu
	MachineState: Active
	Object      : Gesim.GsPassivePip(Pip Cell_PickandPlace)
	PLC Object  : FB_ComplexAction
	PLC Action  : A_MeasureTool
	PLC AState  : 4

27.03.2026 13:27:46 - 41506 - Sensor already triggered
	Description : A sensor was already triggered before measuring.
	Time        : 13:27:46.87
	ActionType  : Measure
	MachineMode : Manu
	MachineState: Active
	Object      : Gesim.GsPassivePip(Pip Cell_PickandPlace)
	PLC Object  : FB_ComplexAction
	PLC Action  : A_MeasureTool
	PLC AState  : 4

27.03.2026 13:28:29 - 41530 - Measure Z-distance exceeded
	Description : The tip measurement failed because there was no switching signal within the expected Z-distance.
	Time        : 13:28:29.25
	ActionType  : Measure
	MachineMode : Manu
	MachineState: Active
	Object      : Gesim.GsPassivePip(Pip Cell_PickandPlace)
	PLC Object  : FB_ComplexAction
	PLC Action  : A_MeasureTool
	PLC AState  : 4

27.03.2026 13:29:17 - 41530 - Measure Z-distance exceeded
	Description : The tip measurement failed because there was no switching signal within the expected Z-distance.
	Time        : 13:29:17.14
	ActionType  : Measure
	MachineMode : Manu
	MachineState: Active
	Object      : Gesim.GsPassivePip(Pip Cell_PickandPlace)
	PLC Object  : FB_ComplexAction
	PLC Action  : A_MeasureTool
	PLC AState  : 4

27.03.2026 13:30:40 - 41506 - Sensor already triggered
	Description : A sensor was already triggered before measuring.
	Time        : 13:30:40.80
	ActionType  : Measure
	MachineMode : Manu
	MachineState: Active
	Object      : Gesim.GsPassivePip(Pip Cell_PickandPlace)
	PLC Object  : FB_ComplexAction
	PLC Action  : A_MeasureTool
	PLC AState  : 4

27.03.2026 13:36:15 - 41507 - X-sensor did not switch
	Description : Sensor did not switch.
	Time        : 13:36:14.95
	ActionType  : Measure
	MachineMode : Manu
	MachineState: Active
	Object      : Gesim.GsCartridgeDisp(Cartridge Dispenser (10ml))
	PLC Object  : FB_ComplexAction
	PLC Action  : A_MeasureTool
	PLC AState  : 4

27.03.2026 13:37:07 - 41530 - Measure Z-distance exceeded
	Description : The tip measurement failed because there was no switching signal within the expected Z-distance.
	Time        : 13:37:07.60
	ActionType  : Measure
	MachineMode : Manu
	MachineState: Active
	Object      : Gesim.GsCartridgeDisp(Cartridge Dispenser (10ml))
	PLC Object  : FB_ComplexAction
	PLC Action  : A_MeasureTool
	PLC AState  : 4

27.03.2026 14:31:09 - 50013 - Changed configuration
	Description : The current configuration has changed significantly. Some settings might have changed.
	Time        : 14:31:09.41

27.03.2026 14:32:38 - 41506 - Sensor already triggered
	Description : A sensor was already triggered before measuring.
	Time        : 14:32:37.56
	ActionType  : Measure
	MachineMode : Manu
	MachineState: Active
	Object      : Gesim.GsCartridgeDisp(Cartridge Dispenser (10ml))
	PLC Object  : FB_ComplexAction
	PLC Action  : A_MeasureTool
	PLC AState  : 4

27.03.2026 14:34:37 - 41506 - Sensor already triggered
	Description : A sensor was already triggered before measuring.
	Time        : 14:34:36.69
	ActionType  : Measure
	MachineMode : Manu
	MachineState: Active
	Object      : Gesim.GsCartridgeDisp(Cartridge Dispenser (10ml))
	PLC Object  : FB_ComplexAction
	PLC Action  : A_MeasureTool
	PLC AState  : 4

27.03.2026 14:37:07 - 41506 - Sensor already triggered
	Description : A sensor was already triggered before measuring.
	Time        : 14:37:06.54
	ActionType  : Measure
	MachineMode : Manu
	MachineState: Active
	Object      : Gesim.GsCartridgeDisp(Cartridge Dispenser (10ml))
	PLC Object  : FB_ComplexAction
	PLC Action  : A_MeasureTool
	PLC AState  : 4

27.03.2026 14:41:00 - 41530 - Measure Z-distance exceeded
	Description : The tip measurement failed because there was no switching signal within the expected Z-distance.
	Time        : 14:41:00.99
	ActionType  : Measure
	MachineMode : Manu
	MachineState: Active
	Object      : Gesim.GsCartridgeDisp(Cartridge Dispenser (10ml))
	PLC Object  : FB_ComplexAction
	PLC Action  : A_MeasureTool
	PLC AState  : 4

27.03.2026 14:41:28 - 41530 - Measure Z-distance exceeded
	Description : The tip measurement failed because there was no switching signal within the expected Z-distance.
	Time        : 14:41:28.45
	ActionType  : Measure
	MachineMode : Manu
	MachineState: Active
	Object      : Gesim.GsCartridgeDisp(Cartridge Dispenser (10ml))
	PLC Object  : FB_ComplexAction
	PLC Action  : A_MeasureTool
	PLC AState  : 4

30.03.2026 08:47:13 - 41530 - Measure Z-distance exceeded
	Description : The tip measurement failed because there was no switching signal within the expected Z-distance.
	Time        : 08:47:13.01
	ActionType  : Measure
	MachineMode : Manu
	MachineState: Active
	Object      : Gesim.GsCartridgeDisp(Cartridge Dispenser (10ml))
	PLC Object  : FB_ComplexAction
	PLC Action  : A_MeasureTool
	PLC AState  : 4

30.03.2026 08:48:48 - 41570 - Risk of crash: Jog
	Description : Can not jog fast in this area.
	Time        : 08:48:48.60
	Command     : EXECUTE_ACTION
	Object      : Gesim.GsCartridgeDisp(Cartridge Dispenser (10ml))
	Action      : Jog

30.03.2026 08:49:31 - 41530 - Measure Z-distance exceeded
	Description : The tip measurement failed because there was no switching signal within the expected Z-distance.
	Time        : 08:49:30.98
	ActionType  : Measure
	MachineMode : Manu
	MachineState: Active
	Object      : Gesim.GsCartridgeDisp(Cartridge Dispenser (10ml))
	PLC Object  : FB_ComplexAction
	PLC Action  : A_MeasureTool
	PLC AState  : 4

30.03.2026 10:18:58 - 41568 - Target position out of range - Z
	Description : Tool cannot move to target.
	Time        : 10:18:57.02
	ActionType  : TeachTarget
	MachineMode : Manu
	MachineState: Active
	Object      : Gesim.GsCamera(Camera_Microscope_ImaginSource)
	PLC Object  : FB_ComplexAction
	PLC Action  : A_TeachTarget
	PLC AState  : 0

30.03.2026 10:40:31 - 50002 - Camera not responding
	Description : The camera is not responding to commands.
	Time        : 10:40:31.94
	Exception   : ic4.IC4Exception: Grabber.StreamSetup: start_live: Failed so start acquisition (Failed to execute AcquisitionStart: Generic Error)
   bei ic4.IC4Exception.ThrowLastError(Assembly wrappingAssembly, Boolean throwIfNoError, IEnumerable`1 ignoreErrors)
   bei ic4.Grabber.StreamSetup(Sink sink, StreamSetupOption setupOption)
   bei Gesim.Imaging.ISCameraImage.start()
   bei GesimRobotics.ViewModels.CameraControl.startCamera(Boolean continuous)

30.03.2026 11:00:42 - 41526 - Waste bottle full
	Description : 
	Time        : 11:00:42.62
	Command     : EXECUTE_ACTION
	Object      : Gesim.GsDiluter(3Diluter 3-Way)
	Action      : DilPrepare->ForDispense->250 µl

30.03.2026 13:21:36 - 41527 - Timeout while filling PCV
	Description : A timeout occurred while filling the pressure compensation vessel.
	Time        : 13:21:35.89
	ActionType  : Undefined
	MachineMode : Manu
	MachineState: Idle
	PLC Object  : FB_DeviceBase
	PLC Action  : UNDEFIEND
	PLC AState  : 0

30.03.2026 13:29:58 - 41527 - Timeout while filling PCV
	Description : A timeout occurred while filling the pressure compensation vessel.
	Time        : 13:29:57.74
	ActionType  : Undefined
	MachineMode : Manu
	MachineState: Idle
	PLC Object  : FB_DeviceBase
	PLC Action  : UNDEFIEND
	PLC AState  : 0

30.03.2026 14:05:07 - 50002 - Camera not responding
	Description : The camera is not responding to commands.
	Time        : 14:05:07.21
	Exception   : ic4.IC4Exception: Grabber.StreamSetup: start_live: Failed so start acquisition (Failed to execute AcquisitionStart: Generic Error)
   bei ic4.IC4Exception.ThrowLastError(Assembly wrappingAssembly, Boolean throwIfNoError, IEnumerable`1 ignoreErrors)
   bei ic4.Grabber.StreamSetup(Sink sink, StreamSetupOption setupOption)
   bei Gesim.Imaging.ISCameraImage.start()
   bei GesimRobotics.ViewModels.CameraControl.startCamera(Boolean continuous)

30.03.2026 14:14:28 - 50002 - Camera not responding
	Description : The camera is not responding to commands.
	Time        : 14:14:28.39
	Exception   : ic4.IC4Exception: Grabber.StreamSetup: start_live: Failed so start acquisition (Failed to execute AcquisitionStart: Generic Error)
   bei ic4.IC4Exception.ThrowLastError(Assembly wrappingAssembly, Boolean throwIfNoError, IEnumerable`1 ignoreErrors)
   bei ic4.Grabber.StreamSetup(Sink sink, StreamSetupOption setupOption)
   bei Gesim.Imaging.ISCameraImage.start()
   bei GesimRobotics.ViewModels.CameraControl.startCamera(Boolean continuous)

30.03.2026 14:20:00 - 50002 - Camera not responding
	Description : The camera is not responding to commands.
	Time        : 14:20:00.35
	Exception   : ic4.IC4Exception: Grabber.StreamSetup: start_live: Failed so start acquisition (Failed to execute AcquisitionStart: Generic Error)
   bei ic4.IC4Exception.ThrowLastError(Assembly wrappingAssembly, Boolean throwIfNoError, IEnumerable`1 ignoreErrors)
   bei ic4.Grabber.StreamSetup(Sink sink, StreamSetupOption setupOption)
   bei Gesim.Imaging.ISCameraImage.start()
   bei GesimRobotics.ViewModels.CameraControl.startCamera(Boolean continuous)

30.03.2026 15:20:24 - 50002 - Camera not responding
	Description : The camera is not responding to commands.
	Time        : 15:20:24.32
	Exception   : ic4.IC4Exception: Grabber.StreamSetup: start_live: Failed so start acquisition (Failed to execute AcquisitionStart: Generic Error)
   bei ic4.IC4Exception.ThrowLastError(Assembly wrappingAssembly, Boolean throwIfNoError, IEnumerable`1 ignoreErrors)
   bei ic4.Grabber.StreamSetup(Sink sink, StreamSetupOption setupOption)
   bei Gesim.Imaging.ISCameraImage.start()
   bei GesimRobotics.ViewModels.CameraControl.startCamera(Boolean continuous)

30.03.2026 15:24:27 - 41535 - Z-Sensor not calibrated
	Description : 
	Time        : 15:24:27.48
	ActionType  : Measure
	MachineMode : Manu
	MachineState: Active
	Object      : Gesim.GsZSensor(ZSensor)
	PLC Object  : FB_ComplexAction
	PLC Action  : A_MeasureTarget
	PLC AState  : 0

30.03.2026 15:36:07 - 50002 - Camera not responding
	Description : The camera is not responding to commands.
	Time        : 15:36:07.78
	Exception   : ic4.IC4Exception: Grabber.StreamSetup: start_live: Failed so start acquisition (Failed to execute AcquisitionStart: Generic Error)
   bei ic4.IC4Exception.ThrowLastError(Assembly wrappingAssembly, Boolean throwIfNoError, IEnumerable`1 ignoreErrors)
   bei ic4.Grabber.StreamSetup(Sink sink, StreamSetupOption setupOption)
   bei Gesim.Imaging.ISCameraImage.start()
   bei GesimRobotics.ViewModels.CameraControl.startCamera(Boolean continuous)

30.03.2026 15:53:36 - 50013 - Changed configuration
	Description : The current configuration has changed significantly. Some settings might have changed.
	Time        : 15:53:36.17

30.03.2026 15:56:14 - 50002 - Camera not responding
	Description : The camera is not responding to commands.
	Time        : 15:56:14.49
	Exception   : ic4.IC4Exception: Grabber.StreamSetup: start_live: Failed so start acquisition (Failed to execute AcquisitionStart: Generic Error)
   bei ic4.IC4Exception.ThrowLastError(Assembly wrappingAssembly, Boolean throwIfNoError, IEnumerable`1 ignoreErrors)
   bei ic4.Grabber.StreamSetup(Sink sink, StreamSetupOption setupOption)
   bei Gesim.Imaging.ISCameraImage.start()
   bei GesimRobotics.ViewModels.CameraControl.startCamera(Boolean continuous)

30.03.2026 16:00:39 - 41567 - Target position out of range - Y
	Description : Tool cannot move to target.
	Time        : 16:00:39.95
	Command     : EXECUTE_ACTION
	Object      : Gesim.GsCamera(Camera_Condensor_TSO)
	Action      : Move to Target->Target_Mtp6_Vertical_B3->Center

30.03.2026 16:47:08 - 41568 - Target position out of range - Z
	Description : Tool cannot move to target.
	Time        : 16:47:08.90
	ActionType  : Undefined
	MachineMode : Auto
	MachineState: Running
	PLC Object  : FB_Sequence
	PLC Action  : UNDEFIEND
	PLC AState  : 2

31.03.2026 09:31:33 - 41216 - Communication timeout
	Description : Communication timeout - diluter.
	Time        : 09:31:32.87
	ActionType  : InitDevices
	MachineMode : Init
	MachineState: Active
	PLC Object  : FB_Diluter
	PLC Action  : A_Init
	PLC AState  : 1

31.03.2026 09:31:33 - 41216 - Communication timeout
	Description : Communication timeout - diluter.
	Time        : 09:31:33.10
	ActionType  : InitDevices
	MachineMode : Init
	MachineState: Error
	PLC Object  : FB_Diluter
	PLC Action  : A_Init
	PLC AState  : 1

31.03.2026 09:31:51 - 41216 - Communication timeout
	Description : Communication timeout - diluter.
	Time        : 09:31:51.44
	ActionType  : InitDevices
	MachineMode : Init
	MachineState: Active
	PLC Object  : FB_Diluter
	PLC Action  : A_Init
	PLC AState  : 1

31.03.2026 09:31:51 - 41216 - Communication timeout
	Description : Communication timeout - diluter.
	Time        : 09:31:51.67
	ActionType  : InitDevices
	MachineMode : Init
	MachineState: Error
	PLC Object  : FB_Diluter
	PLC Action  : A_Init
	PLC AState  : 1

31.03.2026 09:33:02 - 41985 - TimeoutWaitSetpointAck
	Description : Internal error
	Time        : 09:33:01.87
	ActionType  : InitDevices
	MachineMode : Init
	MachineState: Active
	Object      : Gesim.GsCamera(Camera_Microscope_ImaginSource)
	PLC Object  : FB_MzTool
	PLC Action  : A_Init
	PLC AState  : 1

31.03.2026 09:38:12 -  1864 - ADS port not opened
	Description : Internal error
	Time        : 09:38:12.52
	Command     : EXECUTE_ACTION
	Object      : Gesim.GsCamera(Camera_Microscope_ImaginSource)
	Action      : Jog

31.03.2026 09:38:12 -  1864 - ADS port not opened
	Description : Internal error
	Time        : 09:38:12.54
	Command     : EXECUTE_ACTION
	Object      : Gesim.GsCamera(Camera_Microscope_ImaginSource)
	Action      : Jog

31.03.2026 11:06:10 - 50002 - Camera not responding
	Description : The camera is not responding to commands.
	Time        : 11:06:10.64
	Exception   : ic4.IC4Exception: Grabber.StreamSetup: start_live: Failed so start acquisition (Failed to execute AcquisitionStart: Generic Error)
   bei ic4.IC4Exception.ThrowLastError(Assembly wrappingAssembly, Boolean throwIfNoError, IEnumerable`1 ignoreErrors)
   bei ic4.Grabber.StreamSetup(Sink sink, StreamSetupOption setupOption)
   bei Gesim.Imaging.ISCameraImage.start()
   bei GesimRobotics.ViewModels.CameraControl.startCamera(Boolean continuous)

31.03.2026 11:40:10 -  1864 - ADS port not opened
	Description : Internal error
	Time        : 11:40:10.08
	Command     : EXECUTE_ACTION
	Object      : Gesim.GsCamera(Camera_Microscope_ImaginSource)
	Action      : Jog

31.03.2026 11:40:10 -  1864 - ADS port not opened
	Description : Internal error
	Time        : 11:40:10.09
	Command     : EXECUTE_ACTION
	Object      : Gesim.GsCamera(Camera_Microscope_ImaginSource)
	Action      : Jog

31.03.2026 11:41:06 - 41570 - Risk of crash: Jog
	Description : Can not jog fast in this area.
	Time        : 11:41:06.72
	Command     : EXECUTE_ACTION
	Object      : Gesim.GsCamera(Camera_Microscope_ImaginSource)
	Action      : Jog

31.03.2026 11:41:12 - 41570 - Risk of crash: Jog
	Description : Can not jog fast in this area.
	Time        : 11:41:12.63
	Command     : EXECUTE_ACTION
	Object      : Gesim.GsCamera(Camera_Microscope_ImaginSource)
	Action      : Jog

31.03.2026 12:17:06 - 41568 - Target position out of range - Z
	Description : Tool cannot move to target.
	Time        : 12:17:06.68
	ActionType  : Undefined
	MachineMode : Auto
	MachineState: Running
	PLC Object  : GCode
	PLC Action  : A_MoveZ
	PLC AState  : 0

31.03.2026 12:17:06 - 41568 - Target position out of range - Z
	Description : Tool cannot move to target.
	Time        : 12:17:06.68
	ActionType  : Undefined
	MachineMode : Auto
	MachineState: Running
	PLC Object  : GCode
	PLC Action  : A_MoveZ
	PLC AState  : 99

31.03.2026 12:18:40 - 41568 - Target position out of range - Z
	Description : Tool cannot move to target.
	Time        : 12:18:40.93
	ActionType  : Undefined
	MachineMode : Auto
	MachineState: Running
	PLC Object  : GCode
	PLC Action  : A_MoveZ
	PLC AState  : 0

31.03.2026 12:18:40 - 41568 - Target position out of range - Z
	Description : Tool cannot move to target.
	Time        : 12:18:40.93
	ActionType  : Undefined
	MachineMode : Auto
	MachineState: Running
	PLC Object  : GCode
	PLC Action  : A_MoveZ
	PLC AState  : 99

31.03.2026 12:24:16 - 41568 - Target position out of range - Z
	Description : Tool cannot move to target.
	Time        : 12:24:17.02
	ActionType  : Undefined
	MachineMode : Auto
	MachineState: Running
	PLC Object  : FB_Sequence
	PLC Action  : UNDEFIEND
	PLC AState  : 2

31.03.2026 14:18:14 - 41568 - Target position out of range - Z
	Description : Tool cannot move to target.
	Time        : 14:18:13.97
	ActionType  : TeachTarget
	MachineMode : Manu
	MachineState: Active
	Object      : Gesim.GsCamera(Camera_Microscope_ImaginSource)
	PLC Object  : FB_ComplexAction
	PLC Action  : A_TeachTarget
	PLC AState  : 0

31.03.2026 14:31:07 - 41500 - Target position out of range - X
	Description : Tool cannot move to target.
	Time        : 14:31:07.47
	Command     : EXECUTE_ACTION
	Object      : Gesim.GsPassivePip(Pip Cell_PickandPlace)
	Action      : Move to Target->WashStation->WashPoint_Out_Bottom

01.04.2026 10:54:52 - 41216 - Communication timeout
	Description : Communication timeout - diluter.
	Time        : 10:54:52.48
	ActionType  : InitDevices
	MachineMode : Init
	MachineState: Active
	PLC Object  : FB_Diluter
	PLC Action  : A_Init
	PLC AState  : 1

01.04.2026 10:54:52 - 41216 - Communication timeout
	Description : Communication timeout - diluter.
	Time        : 10:54:52.71
	ActionType  : InitDevices
	MachineMode : Init
	MachineState: Error
	PLC Object  : FB_Diluter
	PLC Action  : A_Init
	PLC AState  : 1

01.04.2026 10:55:07 - 41216 - Communication timeout
	Description : Communication timeout - diluter.
	Time        : 10:55:07.74
	ActionType  : InitDevices
	MachineMode : Init
	MachineState: Active
	PLC Object  : FB_Diluter
	PLC Action  : A_Init
	PLC AState  : 1

01.04.2026 10:55:07 - 41216 - Communication timeout
	Description : Communication timeout - diluter.
	Time        : 10:55:07.97
	ActionType  : InitDevices
	MachineMode : Init
	MachineState: Error
	PLC Object  : FB_Diluter
	PLC Action  : A_Init
	PLC AState  : 1

01.04.2026 10:55:10 - 41216 - Communication timeout
	Description : Communication timeout - diluter.
	Time        : 10:55:10.84
	ActionType  : InitDevices
	MachineMode : Init
	MachineState: Active
	PLC Object  : FB_Diluter
	PLC Action  : A_Init
	PLC AState  : 1

01.04.2026 10:55:10 - 41216 - Communication timeout
	Description : Communication timeout - diluter.
	Time        : 10:55:11.07
	ActionType  : InitDevices
	MachineMode : Init
	MachineState: Error
	PLC Object  : FB_Diluter
	PLC Action  : A_Init
	PLC AState  : 1

01.04.2026 10:55:12 - 41216 - Communication timeout
	Description : Communication timeout - diluter.
	Time        : 10:55:13.18
	ActionType  : InitDevices
	MachineMode : Init
	MachineState: Active
	PLC Object  : FB_Diluter
	PLC Action  : A_Init
	PLC AState  : 1

01.04.2026 10:55:12 - 41216 - Communication timeout
	Description : Communication timeout - diluter.
	Time        : 10:55:13.41
	ActionType  : InitDevices
	MachineMode : Init
	MachineState: Error
	PLC Object  : FB_Diluter
	PLC Action  : A_Init
	PLC AState  : 1

01.04.2026 10:55:14 - 41216 - Communication timeout
	Description : Communication timeout - diluter.
	Time        : 10:55:15.17
	ActionType  : InitDevices
	MachineMode : Init
	MachineState: Active
	PLC Object  : FB_Diluter
	PLC Action  : A_Init
	PLC AState  : 1

01.04.2026 10:55:14 - 41216 - Communication timeout
	Description : Communication timeout - diluter.
	Time        : 10:55:15.40
	ActionType  : InitDevices
	MachineMode : Init
	MachineState: Error
	PLC Object  : FB_Diluter
	PLC Action  : A_Init
	PLC AState  : 1

01.04.2026 10:55:38 - 41985 - TimeoutWaitSetpointAck
	Description : Internal error
	Time        : 10:55:38.91
	ActionType  : InitDevices
	MachineMode : Init
	MachineState: Active
	Object      : Gesim.GsCamera(Camera_Microscope_ImaginSource)
	PLC Object  : FB_MzTool
	PLC Action  : A_Init
	PLC AState  : 1

01.04.2026 11:39:07 - 50003 - Camera connection lost
	Description : The connection to the camera has been lost.
	Time        : 11:39:07.20

01.04.2026 13:11:00 - 16660 - GCode-File too big
	Description : 
	Time        : 13:11:01.07
	ActionType  : Undefined
	MachineMode : Manu
	MachineState: Active
	PLC Object  : GCode
	PLC Action  : A_Load
	PLC AState  : 2

01.04.2026 13:11:32 - 41613 - PressureSupply
	Description : 
	Time        : 13:11:32.97
	ActionType  : Undefined
	MachineMode : Manu
	MachineState: Active
	Object      : Gesim.GsCartridgeDisp(Cartridge Dispenser (10ml))
	PLC Object  : FB_HskMFunc
	PLC Action  : A_SetPrintParams
	PLC AState  : 0

02.04.2026 11:55:29 - 50002 - Camera not responding
	Description : The camera is not responding to commands.
	Time        : 11:55:29.16
	Exception   : ic4.IC4Exception: Grabber.StreamSetup: start_live: Failed so start acquisition (Failed to execute AcquisitionStart: Generic Error)
   bei ic4.IC4Exception.ThrowLastError(Assembly wrappingAssembly, Boolean throwIfNoError, IEnumerable`1 ignoreErrors)
   bei ic4.Grabber.StreamSetup(Sink sink, StreamSetupOption setupOption)
   bei Gesim.Imaging.ISCameraImage.start()
   bei GesimRobotics.ViewModels.CameraControl.startCamera(Boolean continuous)

02.04.2026 11:55:44 - 50002 - Camera not responding
	Description : The camera is not responding to commands.
	Time        : 11:55:44.76
	Exception   : ic4.IC4Exception: Grabber.StreamSetup: start_live: Failed so start acquisition (Failed to execute AcquisitionStart: Generic Error)
   bei ic4.IC4Exception.ThrowLastError(Assembly wrappingAssembly, Boolean throwIfNoError, IEnumerable`1 ignoreErrors)
   bei ic4.Grabber.StreamSetup(Sink sink, StreamSetupOption setupOption)
   bei Gesim.Imaging.ISCameraImage.start()
   bei GesimRobotics.ViewModels.CameraControl.startCamera(Boolean continuous)

07.04.2026 11:05:48 - 50002 - Camera not responding
	Description : The camera is not responding to commands.
	Time        : 11:05:48.44
	Exception   : ic4.IC4Exception: Grabber.StreamSetup: start_live: Failed so start acquisition (Failed to execute AcquisitionStart: Generic Error)
   bei ic4.IC4Exception.ThrowLastError(Assembly wrappingAssembly, Boolean throwIfNoError, IEnumerable`1 ignoreErrors)
   bei ic4.Grabber.StreamSetup(Sink sink, StreamSetupOption setupOption)
   bei Gesim.Imaging.ISCameraImage.start()
   bei GesimRobotics.ViewModels.CameraControl.startCamera(Boolean continuous)

07.04.2026 11:06:12 - 50002 - Camera not responding
	Description : The camera is not responding to commands.
	Time        : 11:06:12.46
	Exception   : ic4.IC4Exception: Grabber.StreamSetup: start_live: Failed so start acquisition (Failed to execute AcquisitionStart: Generic Error)
   bei ic4.IC4Exception.ThrowLastError(Assembly wrappingAssembly, Boolean throwIfNoError, IEnumerable`1 ignoreErrors)
   bei ic4.Grabber.StreamSetup(Sink sink, StreamSetupOption setupOption)
   bei Gesim.Imaging.ISCameraImage.start()
   bei GesimRobotics.ViewModels.CameraControl.startCamera(Boolean continuous)

07.04.2026 11:08:06 - 50013 - Changed configuration
	Description : The current configuration has changed significantly. Some settings might have changed.
	Time        : 11:08:06.03

07.04.2026 11:17:05 - 41613 - PressureSupply
	Description : 
	Time        : 11:17:03.94
	ActionType  : Undefined
	MachineMode : Manu
	MachineState: Active
	Object      : Gesim.GsCartridgeDisp(Cartridge Dispenser (10ml))
	PLC Object  : FB_HskMFunc
	PLC Action  : A_SetPrintParams
	PLC AState  : 0

07.04.2026 11:22:10 - 50002 - Camera not responding
	Description : The camera is not responding to commands.
	Time        : 11:22:10.38
	Exception   : ic4.IC4Exception: Grabber.StreamSetup: start_live: Failed so start acquisition (Failed to execute AcquisitionStart: Generic Error)
   bei ic4.IC4Exception.ThrowLastError(Assembly wrappingAssembly, Boolean throwIfNoError, IEnumerable`1 ignoreErrors)
   bei ic4.Grabber.StreamSetup(Sink sink, StreamSetupOption setupOption)
   bei Gesim.Imaging.ISCameraImage.start()
   bei GesimRobotics.ViewModels.CameraControl.startCamera(Boolean continuous)

07.04.2026 11:42:51 - 50002 - Camera not responding
	Description : The camera is not responding to commands.
	Time        : 11:42:51.79
	Exception   : ic4.IC4Exception: Grabber.StreamSetup: start_live: Failed so start acquisition (Failed to execute AcquisitionStart: Generic Error)
   bei ic4.IC4Exception.ThrowLastError(Assembly wrappingAssembly, Boolean throwIfNoError, IEnumerable`1 ignoreErrors)
   bei ic4.Grabber.StreamSetup(Sink sink, StreamSetupOption setupOption)
   bei Gesim.Imaging.ISCameraImage.start()
   bei GesimRobotics.ViewModels.CameraControl.startCamera(Boolean continuous)

07.04.2026 11:45:39 - 41482 - Complex action active
	Description : Device tried to execute several complex actions at once, the most likely cause is missing conditions.
	Time        : 11:45:39.34
	Command     : EXECUTE_ACTION
	Object      : Gesim.GsPassivePip(Pip Cell_PickandPlace)
	Action      : Move to Target->KameraDüsePoint->Center

07.04.2026 12:03:41 - 50002 - Camera not responding
	Description : The camera is not responding to commands.
	Time        : 12:03:41.50
	Exception   : ic4.IC4Exception: Grabber.StreamSetup: start_live: Failed so start acquisition (Failed to execute AcquisitionStart: Generic Error)
   bei ic4.IC4Exception.ThrowLastError(Assembly wrappingAssembly, Boolean throwIfNoError, IEnumerable`1 ignoreErrors)
   bei ic4.Grabber.StreamSetup(Sink sink, StreamSetupOption setupOption)
   bei Gesim.Imaging.ISCameraImage.start()
   bei GesimRobotics.ViewModels.CameraControl.startCamera(Boolean continuous)

07.04.2026 12:04:56 - 41518 - X2 axis not in sync with X1
	Description : Internal error
	Time        : 12:04:54.89
	ActionType  : Undefined
	MachineMode : Auto
	MachineState: Running
	PLC Object  : FB_Sequence
	PLC Action  : UNDEFIEND
	PLC AState  : 2

07.04.2026 12:05:08 - 41518 - X2 axis not in sync with X1
	Description : Internal error
	Time        : 12:05:07.03
	ActionType  : Undefined
	MachineMode : Auto
	MachineState: Running
	PLC Object  : FB_Sequence
	PLC Action  : UNDEFIEND
	PLC AState  : 2

07.04.2026 12:05:24 - 41518 - X2 axis not in sync with X1
	Description : Internal error
	Time        : 12:05:23.35
	ActionType  : Undefined
	MachineMode : Auto
	MachineState: Running
	PLC Object  : FB_Sequence
	PLC Action  : UNDEFIEND
	PLC AState  : 2

07.04.2026 13:27:51 - 41518 - X2 axis not in sync with X1
	Description : Internal error
	Time        : 13:27:50.52
	ActionType  : Undefined
	MachineMode : Auto
	MachineState: Running
	PLC Object  : FB_Sequence
	PLC Action  : UNDEFIEND
	PLC AState  : 2

07.04.2026 14:30:57 - 50002 - Camera not responding
	Description : The camera is not responding to commands.
	Time        : 14:30:57.43
	Exception   : ic4.IC4Exception: Grabber.StreamSetup: start_live: Failed so start acquisition (Failed to execute AcquisitionStart: Generic Error)
   bei ic4.IC4Exception.ThrowLastError(Assembly wrappingAssembly, Boolean throwIfNoError, IEnumerable`1 ignoreErrors)
   bei ic4.Grabber.StreamSetup(Sink sink, StreamSetupOption setupOption)
   bei Gesim.Imaging.ISCameraImage.start()
   bei GesimRobotics.ViewModels.CameraControl.startCamera(Boolean continuous)

07.04.2026 14:33:10 - 50002 - Camera not responding
	Description : The camera is not responding to commands.
	Time        : 14:33:10.98
	Exception   : ic4.IC4Exception: Grabber.StreamSetup: start_live: Failed so start acquisition (Failed to execute AcquisitionStart: Generic Error)
   bei ic4.IC4Exception.ThrowLastError(Assembly wrappingAssembly, Boolean throwIfNoError, IEnumerable`1 ignoreErrors)
   bei ic4.Grabber.StreamSetup(Sink sink, StreamSetupOption setupOption)
   bei Gesim.Imaging.ISCameraImage.start()
   bei GesimRobotics.ViewModels.CameraControl.startCamera(Boolean continuous)

07.04.2026 14:38:01 - 50002 - Camera not responding
	Description : The camera is not responding to commands.
	Time        : 14:38:01.92
	Exception   : ic4.IC4Exception: Grabber.StreamSetup: start_live: Failed so start acquisition (Failed to execute AcquisitionStart: Generic Error)
   bei ic4.IC4Exception.ThrowLastError(Assembly wrappingAssembly, Boolean throwIfNoError, IEnumerable`1 ignoreErrors)
   bei ic4.Grabber.StreamSetup(Sink sink, StreamSetupOption setupOption)
   bei Gesim.Imaging.ISCameraImage.start()
   bei GesimRobotics.ViewModels.CameraControl.startCamera(Boolean continuous)

07.04.2026 14:39:34 - 50002 - Camera not responding
	Description : The camera is not responding to commands.
	Time        : 14:39:34.68
	Exception   : ic4.IC4Exception: Grabber.StreamSetup: start_live: Failed so start acquisition (Failed to execute AcquisitionStart: Generic Error)
   bei ic4.IC4Exception.ThrowLastError(Assembly wrappingAssembly, Boolean throwIfNoError, IEnumerable`1 ignoreErrors)
   bei ic4.Grabber.StreamSetup(Sink sink, StreamSetupOption setupOption)
   bei Gesim.Imaging.ISCameraImage.start()
   bei GesimRobotics.ViewModels.CameraControl.startCamera(Boolean continuous)

07.04.2026 14:43:18 - 41568 - Target position out of range - Z
	Description : Tool cannot move to target.
	Time        : 14:43:18.78
	Command     : EXECUTE_ACTION
	Object      : Gesim.GsPassivePip(Pip Cell_PickandPlace)
	Action      : Move Z->Relative->20 mm->5 mm/s

07.04.2026 14:43:46 - 50002 - Camera not responding
	Description : The camera is not responding to commands.
	Time        : 14:43:46.06
	Exception   : ic4.IC4Exception: Grabber.StreamSetup: start_live: Failed so start acquisition (Failed to execute AcquisitionStart: Generic Error)
   bei ic4.IC4Exception.ThrowLastError(Assembly wrappingAssembly, Boolean throwIfNoError, IEnumerable`1 ignoreErrors)
   bei ic4.Grabber.StreamSetup(Sink sink, StreamSetupOption setupOption)
   bei Gesim.Imaging.ISCameraImage.start()
   bei GesimRobotics.ViewModels.CameraControl.startCamera(Boolean continuous)

07.04.2026 14:47:28 - 50002 - Camera not responding
	Description : The camera is not responding to commands.
	Time        : 14:47:28.98
	Exception   : ic4.IC4Exception: Grabber.StreamSetup: start_live: Failed so start acquisition (Failed to execute AcquisitionStart: Generic Error)
   bei ic4.IC4Exception.ThrowLastError(Assembly wrappingAssembly, Boolean throwIfNoError, IEnumerable`1 ignoreErrors)
   bei ic4.Grabber.StreamSetup(Sink sink, StreamSetupOption setupOption)
   bei Gesim.Imaging.ISCameraImage.start()
   bei GesimRobotics.ViewModels.CameraControl.startCamera(Boolean continuous)

07.04.2026 15:09:28 - 50002 - Camera not responding
	Description : The camera is not responding to commands.
	Time        : 15:09:28.18
	Exception   : ic4.IC4Exception: Grabber.StreamSetup: start_live: Failed so start acquisition (Failed to execute AcquisitionStart: Generic Error)
   bei ic4.IC4Exception.ThrowLastError(Assembly wrappingAssembly, Boolean throwIfNoError, IEnumerable`1 ignoreErrors)
   bei ic4.Grabber.StreamSetup(Sink sink, StreamSetupOption setupOption)
   bei Gesim.Imaging.ISCameraImage.start()
   bei GesimRobotics.ViewModels.CameraControl.startCamera(Boolean continuous)

07.04.2026 15:10:15 - 50002 - Camera not responding
	Description : The camera is not responding to commands.
	Time        : 15:10:15.41
	Exception   : ic4.IC4Exception: Grabber.StreamSetup: start_live: Failed so start acquisition (Failed to execute AcquisitionStart: Generic Error)
   bei ic4.IC4Exception.ThrowLastError(Assembly wrappingAssembly, Boolean throwIfNoError, IEnumerable`1 ignoreErrors)
   bei ic4.Grabber.StreamSetup(Sink sink, StreamSetupOption setupOption)
   bei Gesim.Imaging.ISCameraImage.start()
   bei GesimRobotics.ViewModels.CameraControl.startCamera(Boolean continuous)

07.04.2026 15:14:08 - 50002 - Camera not responding
	Description : The camera is not responding to commands.
	Time        : 15:14:08.64
	Exception   : ic4.IC4Exception: Grabber.StreamSetup: start_live: Failed so start acquisition (Failed to execute AcquisitionStart: Generic Error)
   bei ic4.IC4Exception.ThrowLastError(Assembly wrappingAssembly, Boolean throwIfNoError, IEnumerable`1 ignoreErrors)
   bei ic4.Grabber.StreamSetup(Sink sink, StreamSetupOption setupOption)
   bei Gesim.Imaging.ISCameraImage.start()
   bei GesimRobotics.ViewModels.CameraControl.startCamera(Boolean continuous)

07.04.2026 15:16:06 - 50002 - Camera not responding
	Description : The camera is not responding to commands.
	Time        : 15:16:06.13
	Exception   : ic4.IC4Exception: Grabber.StreamSetup: start_live: Failed so start acquisition (Failed to execute AcquisitionStart: Generic Error)
   bei ic4.IC4Exception.ThrowLastError(Assembly wrappingAssembly, Boolean throwIfNoError, IEnumerable`1 ignoreErrors)
   bei ic4.Grabber.StreamSetup(Sink sink, StreamSetupOption setupOption)
   bei Gesim.Imaging.ISCameraImage.start()
   bei GesimRobotics.ViewModels.CameraControl.startCamera(Boolean continuous)

07.04.2026 15:26:44 - 41530 - Measure Z-distance exceeded
	Description : The tip measurement failed because there was no switching signal within the expected Z-distance.
	Time        : 15:26:43.13
	ActionType  : Measure
	MachineMode : Manu
	MachineState: Active
	Object      : Gesim.GsPassivePip(Pip Cell_PickandPlace)
	PLC Object  : FB_ComplexAction
	PLC Action  : A_MeasureTool
	PLC AState  : 4

07.04.2026 15:33:04 - 50002 - Camera not responding
	Description : The camera is not responding to commands.
	Time        : 15:33:04.57
	Exception   : ic4.IC4Exception: Grabber.StreamSetup: start_live: Failed so start acquisition (Failed to execute AcquisitionStart: Generic Error)
   bei ic4.IC4Exception.ThrowLastError(Assembly wrappingAssembly, Boolean throwIfNoError, IEnumerable`1 ignoreErrors)
   bei ic4.Grabber.StreamSetup(Sink sink, StreamSetupOption setupOption)
   bei Gesim.Imaging.ISCameraImage.start()
   bei GesimRobotics.ViewModels.CameraControl.startCamera(Boolean continuous)

07.04.2026 15:34:45 - 50002 - Camera not responding
	Description : The camera is not responding to commands.
	Time        : 15:34:45.38
	Exception   : ic4.IC4Exception: Grabber.StreamSetup: start_live: Failed so start acquisition (Failed to execute AcquisitionStart: Generic Error)
   bei ic4.IC4Exception.ThrowLastError(Assembly wrappingAssembly, Boolean throwIfNoError, IEnumerable`1 ignoreErrors)
   bei ic4.Grabber.StreamSetup(Sink sink, StreamSetupOption setupOption)
   bei Gesim.Imaging.ISCameraImage.start()
   bei GesimRobotics.ViewModels.CameraControl.startCamera(Boolean continuous)

07.04.2026 15:36:18 - 50002 - Camera not responding
	Description : The camera is not responding to commands.
	Time        : 15:36:18.69
	Exception   : ic4.IC4Exception: Grabber.StreamSetup: start_live: Failed so start acquisition (Failed to execute AcquisitionStart: Generic Error)
   bei ic4.IC4Exception.ThrowLastError(Assembly wrappingAssembly, Boolean throwIfNoError, IEnumerable`1 ignoreErrors)
   bei ic4.Grabber.StreamSetup(Sink sink, StreamSetupOption setupOption)
   bei Gesim.Imaging.ISCameraImage.start()
   bei GesimRobotics.ViewModels.CameraControl.startCamera(Boolean continuous)

07.04.2026 15:38:21 - 50002 - Camera not responding
	Description : The camera is not responding to commands.
	Time        : 15:38:21.51
	Exception   : ic4.IC4Exception: Grabber.StreamSetup: start_live: Failed so start acquisition (Failed to execute AcquisitionStart: Generic Error)
   bei ic4.IC4Exception.ThrowLastError(Assembly wrappingAssembly, Boolean throwIfNoError, IEnumerable`1 ignoreErrors)
   bei ic4.Grabber.StreamSetup(Sink sink, StreamSetupOption setupOption)
   bei Gesim.Imaging.ISCameraImage.start()
   bei GesimRobotics.ViewModels.CameraControl.startCamera(Boolean continuous)

07.04.2026 15:55:36 - 50002 - Camera not responding
	Description : The camera is not responding to commands.
	Time        : 15:55:36.90
	Exception   : ic4.IC4Exception: Grabber.StreamSetup: start_live: Failed so start acquisition (Failed to execute AcquisitionStart: Generic Error)
   bei ic4.IC4Exception.ThrowLastError(Assembly wrappingAssembly, Boolean throwIfNoError, IEnumerable`1 ignoreErrors)
   bei ic4.Grabber.StreamSetup(Sink sink, StreamSetupOption setupOption)
   bei Gesim.Imaging.ISCameraImage.start()
   bei GesimRobotics.ViewModels.CameraControl.startCamera(Boolean continuous)

07.04.2026 15:57:50 - 50002 - Camera not responding
	Description : The camera is not responding to commands.
	Time        : 15:57:50.91
	Exception   : ic4.IC4Exception: Grabber.StreamSetup: start_live: Failed so start acquisition (Failed to execute AcquisitionStart: Generic Error)
   bei ic4.IC4Exception.ThrowLastError(Assembly wrappingAssembly, Boolean throwIfNoError, IEnumerable`1 ignoreErrors)
   bei ic4.Grabber.StreamSetup(Sink sink, StreamSetupOption setupOption)
   bei Gesim.Imaging.ISCameraImage.start()
   bei GesimRobotics.ViewModels.CameraControl.startCamera(Boolean continuous)

07.04.2026 16:12:48 - 50002 - Camera not responding
	Description : The camera is not responding to commands.
	Time        : 16:12:48.45
	Exception   : ic4.IC4Exception: Grabber.StreamSetup: start_live: Failed so start acquisition (Failed to execute AcquisitionStart: Generic Error)
   bei ic4.IC4Exception.ThrowLastError(Assembly wrappingAssembly, Boolean throwIfNoError, IEnumerable`1 ignoreErrors)
   bei ic4.Grabber.StreamSetup(Sink sink, StreamSetupOption setupOption)
   bei Gesim.Imaging.ISCameraImage.start()
   bei GesimRobotics.ViewModels.CameraControl.startCamera(Boolean continuous)

08.04.2026 09:06:42 - 50002 - Camera not responding
	Description : The camera is not responding to commands.
	Time        : 09:06:42.33
	Exception   : ic4.IC4Exception: Grabber.StreamSetup: start_live: Failed so start acquisition (Failed to execute AcquisitionStart: Generic Error)
   bei ic4.IC4Exception.ThrowLastError(Assembly wrappingAssembly, Boolean throwIfNoError, IEnumerable`1 ignoreErrors)
   bei ic4.Grabber.StreamSetup(Sink sink, StreamSetupOption setupOption)
   bei Gesim.Imaging.ISCameraImage.start()
   bei GesimRobotics.ViewModels.CameraControl.startCamera(Boolean continuous)

08.04.2026 09:10:22 - 50002 - Camera not responding
	Description : The camera is not responding to commands.
	Time        : 09:10:22.94
	Exception   : ic4.IC4Exception: Grabber.StreamSetup: start_live: Failed so start acquisition (Failed to execute AcquisitionStart: Generic Error)
   bei ic4.IC4Exception.ThrowLastError(Assembly wrappingAssembly, Boolean throwIfNoError, IEnumerable`1 ignoreErrors)
   bei ic4.Grabber.StreamSetup(Sink sink, StreamSetupOption setupOption)
   bei Gesim.Imaging.ISCameraImage.start()
   bei GesimRobotics.ViewModels.CameraControl.startCamera(Boolean continuous)

08.04.2026 09:11:24 - 50002 - Camera not responding
	Description : The camera is not responding to commands.
	Time        : 09:11:24.94
	Exception   : ic4.IC4Exception: Grabber.StreamSetup: start_live: Failed so start acquisition (Failed to execute AcquisitionStart: Generic Error)
   bei ic4.IC4Exception.ThrowLastError(Assembly wrappingAssembly, Boolean throwIfNoError, IEnumerable`1 ignoreErrors)
   bei ic4.Grabber.StreamSetup(Sink sink, StreamSetupOption setupOption)
   bei Gesim.Imaging.ISCameraImage.start()
   bei GesimRobotics.ViewModels.CameraControl.startCamera(Boolean continuous)

08.04.2026 09:14:13 - 50002 - Camera not responding
	Description : The camera is not responding to commands.
	Time        : 09:14:13.93
	Exception   : ic4.IC4Exception: Grabber.StreamSetup: start_live: Failed so start acquisition (Failed to execute AcquisitionStart: Generic Error)
   bei ic4.IC4Exception.ThrowLastError(Assembly wrappingAssembly, Boolean throwIfNoError, IEnumerable`1 ignoreErrors)
   bei ic4.Grabber.StreamSetup(Sink sink, StreamSetupOption setupOption)
   bei Gesim.Imaging.ISCameraImage.start()
   bei GesimRobotics.ViewModels.CameraControl.startCamera(Boolean continuous)

08.04.2026 09:19:13 - 50002 - Camera not responding
	Description : The camera is not responding to commands.
	Time        : 09:19:13.91
	Exception   : ic4.IC4Exception: Grabber.StreamSetup: start_live: Failed so start acquisition (Failed to execute AcquisitionStart: Generic Error)
   bei ic4.IC4Exception.ThrowLastError(Assembly wrappingAssembly, Boolean throwIfNoError, IEnumerable`1 ignoreErrors)
   bei ic4.Grabber.StreamSetup(Sink sink, StreamSetupOption setupOption)
   bei Gesim.Imaging.ISCameraImage.start()
   bei GesimRobotics.ViewModels.CameraControl.startCamera(Boolean continuous)

08.04.2026 09:26:26 - 50002 - Camera not responding
	Description : The camera is not responding to commands.
	Time        : 09:26:26.69
	Exception   : ic4.IC4Exception: Grabber.StreamSetup: start_live: Failed so start acquisition (Failed to execute AcquisitionStart: Generic Error)
   bei ic4.IC4Exception.ThrowLastError(Assembly wrappingAssembly, Boolean throwIfNoError, IEnumerable`1 ignoreErrors)
   bei ic4.Grabber.StreamSetup(Sink sink, StreamSetupOption setupOption)
   bei Gesim.Imaging.ISCameraImage.start()
   bei GesimRobotics.ViewModels.CameraControl.startCamera(Boolean continuous)

08.04.2026 09:27:09 - 50002 - Camera not responding
	Description : The camera is not responding to commands.
	Time        : 09:27:09.81
	Exception   : ic4.IC4Exception: Grabber.StreamSetup: start_live: Failed so start acquisition (Failed to execute AcquisitionStart: Generic Error)
   bei ic4.IC4Exception.ThrowLastError(Assembly wrappingAssembly, Boolean throwIfNoError, IEnumerable`1 ignoreErrors)
   bei ic4.Grabber.StreamSetup(Sink sink, StreamSetupOption setupOption)
   bei Gesim.Imaging.ISCameraImage.start()
   bei GesimRobotics.ViewModels.CameraControl.startCamera(Boolean continuous)

08.04.2026 09:29:06 - 50017 - Could not edit configuration
	Description : The configuration could not be edited.
	Time        : 09:29:06.32
	Exception   : Gesim.ConfigException: Object: Target_Slide_CameraDetection-InvalidParentObject
   bei Gesim.GsMachine.createGsObject(GsObject gsObject)
   bei Gesim.GsObjectDirectory.pasteObject(GsObject gsObject, GsObject parent, GsSlot slot, Int32 index)
   bei GesimRobotics.ViewModels.Objects.DisplayObject.addChild(GsObject obj)

08.04.2026 09:30:10 - 41568 - Target position out of range - Z
	Description : Tool cannot move to target.
	Time        : 09:30:10.64
	Command     : EXECUTE_ACTION
	Object      : Gesim.GsCamera(Camera_Microscope_ImaginSource)
	Action      : Move to Target->Target_Slide_CameraDetection->Center

08.04.2026 09:33:55 - 41568 - Target position out of range - Z
	Description : Tool cannot move to target.
	Time        : 09:33:55.86
	Command     : EXECUTE_ACTION
	Object      : Gesim.GsCamera(Camera_Microscope_ImaginSource)
	Action      : Move to Target->Target_Slide_CameraDetection->Center

08.04.2026 09:48:21 - 50002 - Camera not responding
	Description : The camera is not responding to commands.
	Time        : 09:48:21.30
	Exception   : ic4.IC4Exception: Grabber.StreamSetup: start_live: Failed so start acquisition (Failed to execute AcquisitionStart: Generic Error)
   bei ic4.IC4Exception.ThrowLastError(Assembly wrappingAssembly, Boolean throwIfNoError, IEnumerable`1 ignoreErrors)
   bei ic4.Grabber.StreamSetup(Sink sink, StreamSetupOption setupOption)
   bei Gesim.Imaging.ISCameraImage.start()
   bei GesimRobotics.ViewModels.CameraControl.startCamera(Boolean continuous)

08.04.2026 09:58:24 - 50002 - Camera not responding
	Description : The camera is not responding to commands.
	Time        : 09:58:24.33
	Exception   : ic4.IC4Exception: Grabber.StreamSetup: start_live: Failed so start acquisition (Failed to execute AcquisitionStart: Generic Error)
   bei ic4.IC4Exception.ThrowLastError(Assembly wrappingAssembly, Boolean throwIfNoError, IEnumerable`1 ignoreErrors)
   bei ic4.Grabber.StreamSetup(Sink sink, StreamSetupOption setupOption)
   bei Gesim.Imaging.ISCameraImage.start()
   bei GesimRobotics.ViewModels.CameraControl.startCamera(Boolean continuous)

08.04.2026 10:15:01 - 50002 - Camera not responding
	Description : The camera is not responding to commands.
	Time        : 10:15:01.46
	Exception   : ic4.IC4Exception: Grabber.StreamSetup: start_live: Failed so start acquisition (Failed to execute AcquisitionStart: Generic Error)
   bei ic4.IC4Exception.ThrowLastError(Assembly wrappingAssembly, Boolean throwIfNoError, IEnumerable`1 ignoreErrors)
   bei ic4.Grabber.StreamSetup(Sink sink, StreamSetupOption setupOption)
   bei Gesim.Imaging.ISCameraImage.start()
   bei GesimRobotics.ViewModels.CameraControl.startCamera(Boolean continuous)

08.04.2026 10:18:51 - 41500 - Target position out of range - X
	Description : Tool cannot move to target.
	Time        : 10:18:50.86
	ActionType  : WashTool
	MachineMode : Auto
	MachineState: Active
	PLC Object  : FB_ComplexAction
	PLC Action  : A_WashTool
	PLC AState  : 0

08.04.2026 10:19:12 - 41500 - Target position out of range - X
	Description : Tool cannot move to target.
	Time        : 10:19:12.50
	Command     : EXECUTE_ACTION
	Object      : Gesim.GsPassivePip(Pip Cell_PickandPlace)
	Action      : Move to Target->WashStation->WashPoint_Out_Bottom

08.04.2026 10:20:01 - 41500 - Target position out of range - X
	Description : Tool cannot move to target.
	Time        : 10:20:01.69
	Command     : EXECUTE_ACTION
	Object      : Gesim.GsPassivePip(Pip Cell_PickandPlace)
	Action      : Move to Target->WashStation->WashPoint_Out_Bottom

08.04.2026 10:20:37 - 41500 - Target position out of range - X
	Description : Tool cannot move to target.
	Time        : 10:20:37.63
	Command     : EXECUTE_ACTION
	Object      : Gesim.GsPassivePip(Pip Cell_PickandPlace)
	Action      : Move to Target->WashStation->WashPoint_Out_Bottom

08.04.2026 10:20:50 - 50002 - Camera not responding
	Description : The camera is not responding to commands.
	Time        : 10:20:50.26
	Exception   : ic4.IC4Exception: Grabber.StreamSetup: start_live: Failed so start acquisition (Failed to execute AcquisitionStart: Generic Error)
   bei ic4.IC4Exception.ThrowLastError(Assembly wrappingAssembly, Boolean throwIfNoError, IEnumerable`1 ignoreErrors)
   bei ic4.Grabber.StreamSetup(Sink sink, StreamSetupOption setupOption)
   bei Gesim.Imaging.ISCameraImage.start()
   bei GesimRobotics.ViewModels.CameraControl.startCamera(Boolean continuous)

08.04.2026 10:23:28 - 41500 - Target position out of range - X
	Description : Tool cannot move to target.
	Time        : 10:23:28.14
	ActionType  : WashTool
	MachineMode : Auto
	MachineState: Running
	PLC Object  : FB_ComplexAction
	PLC Action  : A_WashTool
	PLC AState  : 0

08.04.2026 10:27:21 - 50002 - Camera not responding
	Description : The camera is not responding to commands.
	Time        : 10:27:21.74
	Exception   : ic4.IC4Exception: Grabber.StreamSetup: start_live: Failed so start acquisition (Failed to execute AcquisitionStart: Generic Error)
   bei ic4.IC4Exception.ThrowLastError(Assembly wrappingAssembly, Boolean throwIfNoError, IEnumerable`1 ignoreErrors)
   bei ic4.Grabber.StreamSetup(Sink sink, StreamSetupOption setupOption)
   bei Gesim.Imaging.ISCameraImage.start()
   bei GesimRobotics.ViewModels.CameraControl.startCamera(Boolean continuous)

08.04.2026 10:50:26 - 50002 - Camera not responding
	Description : The camera is not responding to commands.
	Time        : 10:50:26.78
	Exception   : ic4.IC4Exception: Grabber.StreamSetup: start_live: Failed so start acquisition (Failed to execute AcquisitionStart: Generic Error)
   bei ic4.IC4Exception.ThrowLastError(Assembly wrappingAssembly, Boolean throwIfNoError, IEnumerable`1 ignoreErrors)
   bei ic4.Grabber.StreamSetup(Sink sink, StreamSetupOption setupOption)
   bei Gesim.Imaging.ISCameraImage.start()
   bei GesimRobotics.ViewModels.CameraControl.startCamera(Boolean continuous)

08.04.2026 10:52:11 - 50002 - Camera not responding
	Description : The camera is not responding to commands.
	Time        : 10:52:11.63
	Exception   : ic4.IC4Exception: Grabber.StreamSetup: start_live: Failed so start acquisition (Failed to execute AcquisitionStart: Generic Error)
   bei ic4.IC4Exception.ThrowLastError(Assembly wrappingAssembly, Boolean throwIfNoError, IEnumerable`1 ignoreErrors)
   bei ic4.Grabber.StreamSetup(Sink sink, StreamSetupOption setupOption)
   bei Gesim.Imaging.ISCameraImage.start()
   bei GesimRobotics.ViewModels.CameraControl.startCamera(Boolean continuous)

08.04.2026 11:02:51 - 50002 - Camera not responding
	Description : The camera is not responding to commands.
	Time        : 11:02:51.00
	Exception   : ic4.IC4Exception: Grabber.StreamSetup: start_live: Failed so start acquisition (Failed to execute AcquisitionStart: Generic Error)
   bei ic4.IC4Exception.ThrowLastError(Assembly wrappingAssembly, Boolean throwIfNoError, IEnumerable`1 ignoreErrors)
   bei ic4.Grabber.StreamSetup(Sink sink, StreamSetupOption setupOption)
   bei Gesim.Imaging.ISCameraImage.start()
   bei GesimRobotics.ViewModels.CameraControl.startCamera(Boolean continuous)

08.04.2026 11:02:51 - 41568 - Target position out of range - Z
	Description : Tool cannot move to target.
	Time        : 11:02:50.81
	ActionType  : TeachTarget
	MachineMode : Manu
	MachineState: Active
	Object      : Gesim.GsCamera(Camera_Microscope_ImaginSource)
	PLC Object  : FB_ComplexAction
	PLC Action  : A_TeachTarget
	PLC AState  : 0

08.04.2026 11:02:55 - 41478 - Invalid state
	Description : Command can not be executed in this state.
	Time        : 11:02:55.51
	Command     : STOP_ACTION
	Object      : Gesim.GsCamera(Camera_Microscope_ImaginSource)
	Action      : Teach Target

08.04.2026 11:02:58 - 41568 - Target position out of range - Z
	Description : Tool cannot move to target.
	Time        : 11:02:58.06
	ActionType  : TeachTarget
	MachineMode : Manu
	MachineState: Active
	Object      : Gesim.GsCamera(Camera_Microscope_ImaginSource)
	PLC Object  : FB_ComplexAction
	PLC Action  : A_TeachTarget
	PLC AState  : 0

08.04.2026 11:13:47 - 50002 - Camera not responding
	Description : The camera is not responding to commands.
	Time        : 11:13:47.17
	Exception   : ic4.IC4Exception: Grabber.StreamSetup: start_live: Failed so start acquisition (Failed to execute AcquisitionStart: Generic Error)
   bei ic4.IC4Exception.ThrowLastError(Assembly wrappingAssembly, Boolean throwIfNoError, IEnumerable`1 ignoreErrors)
   bei ic4.Grabber.StreamSetup(Sink sink, StreamSetupOption setupOption)
   bei Gesim.Imaging.ISCameraImage.start()
   bei GesimRobotics.ViewModels.CameraControl.startCamera(Boolean continuous)

08.04.2026 11:24:13 - 50002 - Camera not responding
	Description : The camera is not responding to commands.
	Time        : 11:24:13.44
	Exception   : ic4.IC4Exception: Grabber.StreamSetup: start_live: Failed so start acquisition (Failed to execute AcquisitionStart: Generic Error)
   bei ic4.IC4Exception.ThrowLastError(Assembly wrappingAssembly, Boolean throwIfNoError, IEnumerable`1 ignoreErrors)
   bei ic4.Grabber.StreamSetup(Sink sink, StreamSetupOption setupOption)
   bei Gesim.Imaging.ISCameraImage.start()
   bei GesimRobotics.ViewModels.CameraControl.startCamera(Boolean continuous)

08.04.2026 11:27:47 - 50002 - Camera not responding
	Description : The camera is not responding to commands.
	Time        : 11:27:47.26
	Exception   : ic4.IC4Exception: Grabber.StreamSetup: start_live: Failed so start acquisition (Failed to execute AcquisitionStart: Generic Error)
   bei ic4.IC4Exception.ThrowLastError(Assembly wrappingAssembly, Boolean throwIfNoError, IEnumerable`1 ignoreErrors)
   bei ic4.Grabber.StreamSetup(Sink sink, StreamSetupOption setupOption)
   bei Gesim.Imaging.ISCameraImage.start()
   bei GesimRobotics.ViewModels.CameraControl.startCamera(Boolean continuous)

08.04.2026 11:30:11 - 50002 - Camera not responding
	Description : The camera is not responding to commands.
	Time        : 11:30:11.62
	Exception   : ic4.IC4Exception: Grabber.StreamSetup: start_live: Failed so start acquisition (Failed to execute AcquisitionStart: Generic Error)
   bei ic4.IC4Exception.ThrowLastError(Assembly wrappingAssembly, Boolean throwIfNoError, IEnumerable`1 ignoreErrors)
   bei ic4.Grabber.StreamSetup(Sink sink, StreamSetupOption setupOption)
   bei Gesim.Imaging.ISCameraImage.start()
   bei GesimRobotics.ViewModels.CameraControl.startCamera(Boolean continuous)

08.04.2026 11:34:36 - 41486 - Invalid target point column
	Description : Internal error
	Time        : 11:34:35.84
	ActionType  : Undefined
	MachineMode : Auto
	MachineState: Running
	PLC Object  : FB_Sequence
	PLC Action  : UNDEFIEND
	PLC AState  : 2

08.04.2026 11:35:36 - 41479 - Invalid action
	Description : Device cannot perform this action.
	Time        : 11:35:36.49
	Command     : STOP_ACTION
	Object      : Gesim.GsRoot(BioSynthesizer 5.3/E (SN2350))
	Action      : Run Sequence: 

08.04.2026 11:44:03 - 41486 - Invalid target point column
	Description : Internal error
	Time        : 11:44:03.68
	ActionType  : Undefined
	MachineMode : Auto
	MachineState: Running
	PLC Object  : FB_Sequence
	PLC Action  : UNDEFIEND
	PLC AState  : 2

08.04.2026 11:44:29 - 41486 - Invalid target point column
	Description : Internal error
	Time        : 11:44:29.77
	ActionType  : Undefined
	MachineMode : Auto
	MachineState: Running
	PLC Object  : FB_Sequence
	PLC Action  : UNDEFIEND
	PLC AState  : 2

08.04.2026 11:45:19 - 41486 - Invalid target point column
	Description : Internal error
	Time        : 11:45:18.87
	ActionType  : Undefined
	MachineMode : Auto
	MachineState: Running
	PLC Object  : FB_Sequence
	PLC Action  : UNDEFIEND
	PLC AState  : 2

08.04.2026 13:36:36 - 41486 - Invalid target point column
	Description : Internal error
	Time        : 13:36:36.01
	ActionType  : Undefined
	MachineMode : Auto
	MachineState: Running
	PLC Object  : FB_Sequence
	PLC Action  : UNDEFIEND
	PLC AState  : 2

08.04.2026 13:40:43 - 50002 - Camera not responding
	Description : The camera is not responding to commands.
	Time        : 13:40:43.94
	Exception   : ic4.IC4Exception: Grabber.StreamSetup: start_live: Failed so start acquisition (Failed to execute AcquisitionStart: Generic Error)
   bei ic4.IC4Exception.ThrowLastError(Assembly wrappingAssembly, Boolean throwIfNoError, IEnumerable`1 ignoreErrors)
   bei ic4.Grabber.StreamSetup(Sink sink, StreamSetupOption setupOption)
   bei Gesim.Imaging.ISCameraImage.start()
   bei GesimRobotics.ViewModels.CameraControl.startCamera(Boolean continuous)

08.04.2026 13:49:44 - 50002 - Camera not responding
	Description : The camera is not responding to commands.
	Time        : 13:49:44.07
	Exception   : ic4.IC4Exception: Grabber.StreamSetup: start_live: Failed so start acquisition (Failed to execute AcquisitionStart: Generic Error)
   bei ic4.IC4Exception.ThrowLastError(Assembly wrappingAssembly, Boolean throwIfNoError, IEnumerable`1 ignoreErrors)
   bei ic4.Grabber.StreamSetup(Sink sink, StreamSetupOption setupOption)
   bei Gesim.Imaging.ISCameraImage.start()
   bei GesimRobotics.ViewModels.CameraControl.startCamera(Boolean continuous)

08.04.2026 13:52:37 - 50002 - Camera not responding
	Description : The camera is not responding to commands.
	Time        : 13:52:37.64
	Exception   : ic4.IC4Exception: Grabber.StreamSetup: start_live: Failed so start acquisition (Failed to execute AcquisitionStart: Generic Error)
   bei ic4.IC4Exception.ThrowLastError(Assembly wrappingAssembly, Boolean throwIfNoError, IEnumerable`1 ignoreErrors)
   bei ic4.Grabber.StreamSetup(Sink sink, StreamSetupOption setupOption)
   bei Gesim.Imaging.ISCameraImage.start()
   bei GesimRobotics.ViewModels.CameraControl.startCamera(Boolean continuous)

08.04.2026 14:10:58 - 50002 - Camera not responding
	Description : The camera is not responding to commands.
	Time        : 14:10:58.75
	Exception   : ic4.IC4Exception: Grabber.StreamSetup: start_live: Failed so start acquisition (Failed to execute AcquisitionStart: Generic Error)
   bei ic4.IC4Exception.ThrowLastError(Assembly wrappingAssembly, Boolean throwIfNoError, IEnumerable`1 ignoreErrors)
   bei ic4.Grabber.StreamSetup(Sink sink, StreamSetupOption setupOption)
   bei Gesim.Imaging.ISCameraImage.start()
   bei GesimRobotics.ViewModels.CameraControl.startCamera(Boolean continuous)

08.04.2026 14:12:48 - 50002 - Camera not responding
	Description : The camera is not responding to commands.
	Time        : 14:12:48.35
	Exception   : ic4.IC4Exception: Grabber.StreamSetup: start_live: Failed so start acquisition (Failed to execute AcquisitionStart: Generic Error)
   bei ic4.IC4Exception.ThrowLastError(Assembly wrappingAssembly, Boolean throwIfNoError, IEnumerable`1 ignoreErrors)
   bei ic4.Grabber.StreamSetup(Sink sink, StreamSetupOption setupOption)
   bei Gesim.Imaging.ISCameraImage.start()
   bei GesimRobotics.ViewModels.CameraControl.startCamera(Boolean continuous)

09.04.2026 08:50:30 - 50002 - Camera not responding
	Description : The camera is not responding to commands.
	Time        : 08:50:30.53
	Exception   : ic4.IC4Exception: Grabber.StreamSetup: start_live: Failed so start acquisition (Failed to execute AcquisitionStart: Generic Error)
   bei ic4.IC4Exception.ThrowLastError(Assembly wrappingAssembly, Boolean throwIfNoError, IEnumerable`1 ignoreErrors)
   bei ic4.Grabber.StreamSetup(Sink sink, StreamSetupOption setupOption)
   bei Gesim.Imaging.ISCameraImage.start()
   bei GesimRobotics.ViewModels.CameraControl.startCamera(Boolean continuous)

09.04.2026 09:22:01 - 50002 - Camera not responding
	Description : The camera is not responding to commands.
	Time        : 09:22:01.10
	Exception   : ic4.IC4Exception: Grabber.StreamSetup: start_live: Failed so start acquisition (Failed to execute AcquisitionStart: Generic Error)
   bei ic4.IC4Exception.ThrowLastError(Assembly wrappingAssembly, Boolean throwIfNoError, IEnumerable`1 ignoreErrors)
   bei ic4.Grabber.StreamSetup(Sink sink, StreamSetupOption setupOption)
   bei Gesim.Imaging.ISCameraImage.start()
   bei GesimRobotics.ViewModels.CameraControl.startCamera(Boolean continuous)

09.04.2026 09:27:22 - 50002 - Camera not responding
	Description : The camera is not responding to commands.
	Time        : 09:27:22.14
	Exception   : ic4.IC4Exception: Grabber.StreamSetup: start_live: Failed so start acquisition (Failed to execute AcquisitionStart: Generic Error)
   bei ic4.IC4Exception.ThrowLastError(Assembly wrappingAssembly, Boolean throwIfNoError, IEnumerable`1 ignoreErrors)
   bei ic4.Grabber.StreamSetup(Sink sink, StreamSetupOption setupOption)
   bei Gesim.Imaging.ISCameraImage.start()
   bei GesimRobotics.ViewModels.CameraControl.startCamera(Boolean continuous)

09.04.2026 09:35:09 - 50002 - Camera not responding
	Description : The camera is not responding to commands.
	Time        : 09:35:09.41
	Exception   : ic4.IC4Exception: Grabber.StreamSetup: start_live: Failed so start acquisition (Failed to execute AcquisitionStart: Generic Error)
   bei ic4.IC4Exception.ThrowLastError(Assembly wrappingAssembly, Boolean throwIfNoError, IEnumerable`1 ignoreErrors)
   bei ic4.Grabber.StreamSetup(Sink sink, StreamSetupOption setupOption)
   bei Gesim.Imaging.ISCameraImage.start()
   bei GesimRobotics.ViewModels.CameraControl.startCamera(Boolean continuous)

09.04.2026 09:35:09 - 41568 - Target position out of range - Z
	Description : Tool cannot move to target.
	Time        : 09:35:09.35
	ActionType  : TeachTarget
	MachineMode : Manu
	MachineState: Active
	Object      : Gesim.GsCamera(Camera_Microscope_ImaginSource)
	PLC Object  : FB_ComplexAction
	PLC Action  : A_TeachTarget
	PLC AState  : 0

09.04.2026 09:35:13 - 41478 - Invalid state
	Description : Command can not be executed in this state.
	Time        : 09:35:13.80
	Command     : STOP_ACTION
	Object      : Gesim.GsCamera(Camera_Microscope_ImaginSource)
	Action      : Teach Target

09.04.2026 09:35:16 - 41568 - Target position out of range - Z
	Description : Tool cannot move to target.
	Time        : 09:35:15.61
	ActionType  : TeachTarget
	MachineMode : Manu
	MachineState: Active
	Object      : Gesim.GsCamera(Camera_Microscope_ImaginSource)
	PLC Object  : FB_ComplexAction
	PLC Action  : A_TeachTarget
	PLC AState  : 0

09.04.2026 09:35:22 - 41568 - Target position out of range - Z
	Description : Tool cannot move to target.
	Time        : 09:35:21.73
	ActionType  : TeachTarget
	MachineMode : Manu
	MachineState: Active
	Object      : Gesim.GsCamera(Camera_Microscope_ImaginSource)
	PLC Object  : FB_ComplexAction
	PLC Action  : A_TeachTarget
	PLC AState  : 0

09.04.2026 09:36:04 - 41568 - Target position out of range - Z
	Description : Tool cannot move to target.
	Time        : 09:36:03.65
	ActionType  : TeachTarget
	MachineMode : Manu
	MachineState: Active
	Object      : Gesim.GsCamera(Camera_Microscope_ImaginSource)
	PLC Object  : FB_ComplexAction
	PLC Action  : A_TeachTarget
	PLC AState  : 0

09.04.2026 09:36:15 - 41568 - Target position out of range - Z
	Description : Tool cannot move to target.
	Time        : 09:36:15.19
	ActionType  : TeachTarget
	MachineMode : Manu
	MachineState: Active
	Object      : Gesim.GsCamera(Camera_Microscope_ImaginSource)
	PLC Object  : FB_ComplexAction
	PLC Action  : A_TeachTarget
	PLC AState  : 0

09.04.2026 09:37:10 - 41568 - Target position out of range - Z
	Description : Tool cannot move to target.
	Time        : 09:37:10.20
	ActionType  : TeachTarget
	MachineMode : Manu
	MachineState: Active
	Object      : Gesim.GsCamera(Camera_Microscope_ImaginSource)
	PLC Object  : FB_ComplexAction
	PLC Action  : A_TeachTarget
	PLC AState  : 0

09.04.2026 09:37:22 - 41568 - Target position out of range - Z
	Description : Tool cannot move to target.
	Time        : 09:37:21.66
	ActionType  : TeachTarget
	MachineMode : Manu
	MachineState: Active
	Object      : Gesim.GsCamera(Camera_Microscope_ImaginSource)
	PLC Object  : FB_ComplexAction
	PLC Action  : A_TeachTarget
	PLC AState  : 0

09.04.2026 09:50:48 - 41486 - Invalid target point column
	Description : Internal error
	Time        : 09:50:48.35
	ActionType  : Undefined
	MachineMode : Auto
	MachineState: Running
	PLC Object  : FB_Sequence
	PLC Action  : UNDEFIEND
	PLC AState  : 2

09.04.2026 09:53:36 - 50002 - Camera not responding
	Description : The camera is not responding to commands.
	Time        : 09:53:36.79
	Exception   : ic4.IC4Exception: Grabber.StreamSetup: start_live: Failed so start acquisition (Failed to execute AcquisitionStart: Generic Error)
   bei ic4.IC4Exception.ThrowLastError(Assembly wrappingAssembly, Boolean throwIfNoError, IEnumerable`1 ignoreErrors)
   bei ic4.Grabber.StreamSetup(Sink sink, StreamSetupOption setupOption)
   bei Gesim.Imaging.ISCameraImage.start()
   bei GesimRobotics.ViewModels.CameraControl.startCamera(Boolean continuous)

09.04.2026 10:20:21 - 50002 - Camera not responding
	Description : The camera is not responding to commands.
	Time        : 10:20:21.60
	Exception   : ic4.IC4Exception: Grabber.StreamSetup: start_live: Failed so start acquisition (Failed to execute AcquisitionStart: Generic Error)
   bei ic4.IC4Exception.ThrowLastError(Assembly wrappingAssembly, Boolean throwIfNoError, IEnumerable`1 ignoreErrors)
   bei ic4.Grabber.StreamSetup(Sink sink, StreamSetupOption setupOption)
   bei Gesim.Imaging.ISCameraImage.start()
   bei GesimRobotics.ViewModels.CameraControl.startCamera(Boolean continuous)

09.04.2026 10:41:21 - 50002 - Camera not responding
	Description : The camera is not responding to commands.
	Time        : 10:41:21.60
	Exception   : ic4.IC4Exception: Grabber.StreamSetup: start_live: Failed so start acquisition (Failed to execute AcquisitionStart: Generic Error)
   bei ic4.IC4Exception.ThrowLastError(Assembly wrappingAssembly, Boolean throwIfNoError, IEnumerable`1 ignoreErrors)
   bei ic4.Grabber.StreamSetup(Sink sink, StreamSetupOption setupOption)
   bei Gesim.Imaging.ISCameraImage.start()
   bei GesimRobotics.ViewModels.CameraControl.startCamera(Boolean continuous)

09.04.2026 12:21:30 - 41506 - Sensor already triggered
	Description : A sensor was already triggered before measuring.
	Time        : 12:21:29.99
	ActionType  : Measure
	MachineMode : Manu
	MachineState: Active
	Object      : Gesim.GsPassivePip(Pip Cell_PickandPlace)
	PLC Object  : FB_ComplexAction
	PLC Action  : A_MeasureTool
	PLC AState  : 4

09.04.2026 12:22:12 - 41507 - X-sensor did not switch
	Description : Sensor did not switch.
	Time        : 12:22:12.88
	ActionType  : Measure
	MachineMode : Manu
	MachineState: Active
	Object      : Gesim.GsPassivePip(Pip Cell_PickandPlace)
	PLC Object  : FB_ComplexAction
	PLC Action  : A_MeasureTool
	PLC AState  : 4

09.04.2026 13:34:38 - 41506 - Sensor already triggered
	Description : A sensor was already triggered before measuring.
	Time        : 13:34:38.36
	ActionType  : Measure
	MachineMode : Manu
	MachineState: Active
	Object      : Gesim.GsPassivePip(Pip Cell_PickandPlace)
	PLC Object  : FB_ComplexAction
	PLC Action  : A_MeasureTool
	PLC AState  : 4

09.04.2026 13:35:50 - 41568 - Target position out of range - Z
	Description : Tool cannot move to target.
	Time        : 13:35:50.08
	ActionType  : MoveZ
	MachineMode : Manu
	MachineState: Active
	Object      : Gesim.GsPassivePip(Pip Cell_PickandPlace)
	PLC Object  : FB_MzTool
	PLC Action  : A_MoveZ
	PLC AState  : 0

09.04.2026 13:35:50 - 41568 - Target position out of range - Z
	Description : Tool cannot move to target.
	Time        : 13:35:50.09
	ActionType  : Measure
	MachineMode : Manu
	MachineState: Active
	Object      : Gesim.GsPassivePip(Pip Cell_PickandPlace)
	PLC Object  : FB_ComplexAction
	PLC Action  : A_MeasureTool
	PLC AState  : 21

09.04.2026 15:40:33 - 50002 - Camera not responding
	Description : The camera is not responding to commands.
	Time        : 15:40:33.55
	Exception   : ic4.IC4Exception: Grabber.StreamSetup: start_live: Failed so start acquisition (Failed to execute AcquisitionStart: Generic Error)
   bei ic4.IC4Exception.ThrowLastError(Assembly wrappingAssembly, Boolean throwIfNoError, IEnumerable`1 ignoreErrors)
   bei ic4.Grabber.StreamSetup(Sink sink, StreamSetupOption setupOption)
   bei Gesim.Imaging.ISCameraImage.start()
   bei GesimRobotics.ViewModels.CameraControl.startCamera(Boolean continuous)

09.04.2026 15:40:42 -  1864 - ADS port not opened
	Description : Internal error
	Time        : 15:40:42.04
	Command     : INTERACT_RESPONSE

09.04.2026 16:03:28 - 50002 - Camera not responding
	Description : The camera is not responding to commands.
	Time        : 16:03:28.94
	Exception   : ic4.IC4Exception: Grabber.StreamSetup: start_live: Failed so start acquisition (Failed to execute AcquisitionStart: Generic Error)
   bei ic4.IC4Exception.ThrowLastError(Assembly wrappingAssembly, Boolean throwIfNoError, IEnumerable`1 ignoreErrors)
   bei ic4.Grabber.StreamSetup(Sink sink, StreamSetupOption setupOption)
   bei Gesim.Imaging.ISCameraImage.start()
   bei GesimRobotics.ViewModels.CameraControl.startCamera(Boolean continuous)

09.04.2026 16:06:08 - 50002 - Camera not responding
	Description : The camera is not responding to commands.
	Time        : 16:06:08.02
	Exception   : ic4.IC4Exception: Grabber.StreamSetup: start_live: Failed so start acquisition (Failed to execute AcquisitionStart: Generic Error)
   bei ic4.IC4Exception.ThrowLastError(Assembly wrappingAssembly, Boolean throwIfNoError, IEnumerable`1 ignoreErrors)
   bei ic4.Grabber.StreamSetup(Sink sink, StreamSetupOption setupOption)
   bei Gesim.Imaging.ISCameraImage.start()
   bei GesimRobotics.ViewModels.CameraControl.startCamera(Boolean continuous)

09.04.2026 16:06:30 - 50002 - Camera not responding
	Description : The camera is not responding to commands.
	Time        : 16:06:30.52
	Exception   : ic4.IC4Exception: Grabber.StreamSetup: start_live: Failed so start acquisition (Failed to execute AcquisitionStart: Generic Error)
   bei ic4.IC4Exception.ThrowLastError(Assembly wrappingAssembly, Boolean throwIfNoError, IEnumerable`1 ignoreErrors)
   bei ic4.Grabber.StreamSetup(Sink sink, StreamSetupOption setupOption)
   bei Gesim.Imaging.ISCameraImage.start()
   bei GesimRobotics.ViewModels.CameraControl.startCamera(Boolean continuous)

09.04.2026 16:07:08 - 50002 - Camera not responding
	Description : The camera is not responding to commands.
	Time        : 16:07:08.02
	Exception   : ic4.IC4Exception: Grabber.StreamSetup: start_live: Failed so start acquisition (Failed to execute AcquisitionStart: Generic Error)
   bei ic4.IC4Exception.ThrowLastError(Assembly wrappingAssembly, Boolean throwIfNoError, IEnumerable`1 ignoreErrors)
   bei ic4.Grabber.StreamSetup(Sink sink, StreamSetupOption setupOption)
   bei Gesim.Imaging.ISCameraImage.start()
   bei GesimRobotics.ViewModels.CameraControl.startCamera(Boolean continuous)

09.04.2026 16:07:45 - 50002 - Camera not responding
	Description : The camera is not responding to commands.
	Time        : 16:07:45.09
	Exception   : ic4.IC4Exception: Grabber.StreamSetup: start_live: Failed so start acquisition (Failed to execute AcquisitionStart: Generic Error)
   bei ic4.IC4Exception.ThrowLastError(Assembly wrappingAssembly, Boolean throwIfNoError, IEnumerable`1 ignoreErrors)
   bei ic4.Grabber.StreamSetup(Sink sink, StreamSetupOption setupOption)
   bei Gesim.Imaging.ISCameraImage.start()
   bei GesimRobotics.ViewModels.CameraControl.startCamera(Boolean continuous)

09.04.2026 16:13:24 - 50002 - Camera not responding
	Description : The camera is not responding to commands.
	Time        : 16:13:24.98
	Exception   : ic4.IC4Exception: Grabber.StreamSetup: start_live: Failed so start acquisition (Failed to execute AcquisitionStart: Generic Error)
   bei ic4.IC4Exception.ThrowLastError(Assembly wrappingAssembly, Boolean throwIfNoError, IEnumerable`1 ignoreErrors)
   bei ic4.Grabber.StreamSetup(Sink sink, StreamSetupOption setupOption)
   bei Gesim.Imaging.ISCameraImage.start()
   bei GesimRobotics.ViewModels.CameraControl.startCamera(Boolean continuous)

09.04.2026 16:17:18 - 50002 - Camera not responding
	Description : The camera is not responding to commands.
	Time        : 16:17:18.97
	Exception   : ic4.IC4Exception: Grabber.StreamSetup: start_live: Failed so start acquisition (Failed to execute AcquisitionStart: Generic Error)
   bei ic4.IC4Exception.ThrowLastError(Assembly wrappingAssembly, Boolean throwIfNoError, IEnumerable`1 ignoreErrors)
   bei ic4.Grabber.StreamSetup(Sink sink, StreamSetupOption setupOption)
   bei Gesim.Imaging.ISCameraImage.start()
   bei GesimRobotics.ViewModels.CameraControl.startCamera(Boolean continuous)

10.04.2026 15:01:20 - 50002 - Camera not responding
	Description : The camera is not responding to commands.
	Time        : 15:01:19.69
	Exception   : ic4.IC4Exception: Grabber.StreamSetup: start_live: Failed so start acquisition (Failed to execute AcquisitionStart: Generic Error)
   bei ic4.IC4Exception.ThrowLastError(Assembly wrappingAssembly, Boolean throwIfNoError, IEnumerable`1 ignoreErrors)
   bei ic4.Grabber.StreamSetup(Sink sink, StreamSetupOption setupOption)
   bei Gesim.Imaging.ISCameraImage.start()
   bei GesimRobotics.ViewModels.CameraControl.startCamera(Boolean continuous)

10.04.2026 15:05:42 - 50002 - Camera not responding
	Description : The camera is not responding to commands.
	Time        : 15:05:42.23
	Exception   : ic4.IC4Exception: Grabber.StreamSetup: start_live: Failed so start acquisition (Failed to execute AcquisitionStart: Generic Error)
   bei ic4.IC4Exception.ThrowLastError(Assembly wrappingAssembly, Boolean throwIfNoError, IEnumerable`1 ignoreErrors)
   bei ic4.Grabber.StreamSetup(Sink sink, StreamSetupOption setupOption)
   bei Gesim.Imaging.ISCameraImage.start()
   bei GesimRobotics.ViewModels.CameraControl.startCamera(Boolean continuous)

10.04.2026 16:14:10 - 50002 - Camera not responding
	Description : The camera is not responding to commands.
	Time        : 16:14:10.23
	Exception   : ic4.IC4Exception: Grabber.StreamSetup: start_live: Failed so start acquisition (Failed to execute AcquisitionStart: Generic Error)
   bei ic4.IC4Exception.ThrowLastError(Assembly wrappingAssembly, Boolean throwIfNoError, IEnumerable`1 ignoreErrors)
   bei ic4.Grabber.StreamSetup(Sink sink, StreamSetupOption setupOption)
   bei Gesim.Imaging.ISCameraImage.start()
   bei GesimRobotics.ViewModels.CameraControl.startCamera(Boolean continuous)

28.04.2026 08:43:24 - 41216 - Communication timeout
	Description : Communication timeout - diluter.
	Time        : 08:43:37.59
	ActionType  : InitDevices
	MachineMode : Init
	MachineState: Active
	PLC Object  : FB_Diluter
	PLC Action  : A_Init
	PLC AState  : 1

28.04.2026 08:43:25 - 41216 - Communication timeout
	Description : Communication timeout - diluter.
	Time        : 08:43:37.82
	ActionType  : InitDevices
	MachineMode : Init
	MachineState: Error
	PLC Object  : FB_Diluter
	PLC Action  : A_Init
	PLC AState  : 1

28.04.2026 08:43:34 - 41997 - TimeoutSwivel
	Description : 
	Time        : 08:43:47.61
	ActionType  : InitDevices
	MachineMode : Init
	MachineState: Error
	Object      : Gesim.GsTwinPiezoHolder(TwinPipetteHolder)
	PLC Object  : FB_TwinPiezoHolder
	PLC Action  : A_InitSpec
	PLC AState  : 0

28.04.2026 08:43:42 - 41985 - TimeoutWaitSetpointAck
	Description : Internal error
	Time        : 08:43:55.22
	ActionType  : InitDevices
	MachineMode : Init
	MachineState: Active
	Object      : Gesim.GsCamera(Camera_Microscope_ImaginSource)
	PLC Object  : FB_MzTool
	PLC Action  : A_Init
	PLC AState  : 1

28.04.2026 08:43:56 - 41997 - TimeoutSwivel
	Description : 
	Time        : 08:44:08.91
	ActionType  : InitDevices
	MachineMode : Init
	MachineState: Cancel
	Object      : Gesim.GsTwinPiezoHolder(TwinPipetteHolder)
	PLC Object  : FB_TwinPiezoHolder
	PLC Action  : A_InitSpec
	PLC AState  : 0

28.04.2026 08:44:13 - 41997 - TimeoutSwivel
	Description : 
	Time        : 08:44:26.34
	ActionType  : InitDevices
	MachineMode : Init
	MachineState: Cancel
	Object      : Gesim.GsTwinPiezoHolder(TwinPipetteHolder)
	PLC Object  : FB_TwinPiezoHolder
	PLC Action  : A_InitSpec
	PLC AState  : 0

28.04.2026 08:51:35 - 50009 - Incompatible configuration
	Description : The current configuration is not compatible with this action. Previously used objects might be missing.
	Time        : 08:51:35.19

28.04.2026 08:51:52 - 50009 - Incompatible configuration
	Description : The current configuration is not compatible with this action. Previously used objects might be missing.
	Time        : 08:51:52.73

28.04.2026 08:51:56 - 50009 - Incompatible configuration
	Description : The current configuration is not compatible with this action. Previously used objects might be missing.
	Time        : 08:51:56.08

28.04.2026 08:52:22 - 50001 - Camera not found
	Description : The specified camera could not be found.
	Time        : 08:52:22.62
	Exception   : System.InvalidOperationException: Die Sequenz enthält kein übereinstimmendes Element.
   bei System.Linq.Enumerable.First[TSource](IEnumerable`1 source, Func`2 predicate)
   bei GesimRobotics.CameraOptions.GetCamera(String id)
   bei GesimRobotics.ViewModels.CameraControl..ctor(String id, CameraType type)

29.04.2026 11:32:04 - 50013 - Changed configuration
	Description : The current configuration has changed significantly. Some settings might have changed.
	Time        : 11:32:04.28

29.04.2026 11:32:15 - 50021 - Saved data from old version
	Description : The data you have opened is from an old version and some parameters might have been read incorrectly.
	Time        : 11:32:15.54

29.04.2026 11:32:19 - 50013 - Changed configuration
	Description : The current configuration has changed significantly. Some settings might have changed.
	Time        : 11:32:19.44

29.04.2026 11:33:51 - 42247 - Scaffold Height Exceeded
	Description : Tool cannot move to all needed print positions (Z).
	Time        : 11:33:50.78
	ActionType  : Undefined
	MachineMode : Manu
	MachineState: Active
	Object      : Gesim.GsTwinPiezoHolder(TwinPipetteHolder)
	PLC Object  : FB_HskMFunc
	PLC Action  : A_AssignRParamHeader
	PLC AState  : 2

06.05.2026 11:09:51 - 41995 - InvalidToolConfig
	Description : 
	Time        : 11:09:51.52
	ActionType  : Undefined
	MachineMode : Config
	MachineState: Active
	PLC Object  : FB_MultiZRef
	PLC Action  : A_SetConfig
	PLC AState  : 0

06.05.2026 11:09:51 - 41995 - InvalidToolConfig
	Description : 
	Time        : 11:09:51.53
	ActionType  : Undefined
	MachineMode : Config
	MachineState: Active
	PLC Object  : FB_Configuration
	PLC Action  : A_Activate
	PLC AState  : 0

06.05.2026 11:10:23 - 41995 - InvalidToolConfig
	Description : 
	Time        : 11:09:51.53
	ActionType  : Undefined
	MachineMode : Config
	MachineState: Active
	PLC Object  : FB_Configuration
	PLC Action  : A_Activate
	PLC AState  : 0

06.05.2026 14:30:13 - 50007 - Invalid configuration
	Description : A valid configuration has to include at least a head and workplate.
	Time        : 14:30:13.40

08.05.2026 14:58:50 - 50007 - Invalid configuration
	Description : A valid configuration has to include at least a head and workplate.
	Time        : 14:58:50.01

08.05.2026 16:01:04 - 41567 - Target position out of range - Y
	Description : Tool cannot move to target.
	Time        : 16:01:04.88
	Command     : EXECUTE_ACTION
	Object      : Gesim.GsCamera(Camera_Condensor_TSO)
	Action      : Move to Target->KameraJustierPoint->Center

08.05.2026 16:01:14 - 41567 - Target position out of range - Y
	Description : Tool cannot move to target.
	Time        : 16:01:14.91
	Command     : EXECUTE_ACTION
	Object      : Gesim.GsCamera(Camera_Condensor_TSO)
	Action      : Move to Target->KameraJustierPoint->Center

08.05.2026 16:02:23 - 41568 - Target position out of range - Z
	Description : Tool cannot move to target.
	Time        : 16:02:23.52
	Command     : EXECUTE_ACTION
	Object      : Gesim.GsTwinPiezoHolder(TwinPipetteHolder)
	Action      : Move to Target->Target_Slide_CameraDetection->Center

08.05.2026 16:20:13 - 41568 - Target position out of range - Z
	Description : Tool cannot move to target.
	Time        : 16:20:13.96
	Command     : EXECUTE_ACTION
	Object      : Gesim.GsTwinPiezoHolder(TwinPipetteHolder)
	Action      : Move to Target->Target_Slide_CameraDetection->Center

08.05.2026 16:20:25 - 41568 - Target position out of range - Z
	Description : Tool cannot move to target.
	Time        : 16:20:25.08
	Command     : EXECUTE_ACTION
	Object      : Gesim.GsTwinPiezoHolder(TwinPipetteHolder)
	Action      : Move to Target->Target_Slide_CameraDetection->RightBottom

12.05.2026 13:33:06 - 41995 - InvalidToolConfig
	Description : 
	Time        : 13:32:48.40
	ActionType  : Undefined
	MachineMode : Config
	MachineState: Active
	PLC Object  : FB_Configuration
	PLC Action  : A_Activate
	PLC AState  : 0

12.05.2026 14:54:59 - 41995 - InvalidToolConfig
	Description : 
	Time        : 14:54:59.68
	ActionType  : Undefined
	MachineMode : Config
	MachineState: Active
	PLC Object  : FB_MultiZRef
	PLC Action  : A_SetConfig
	PLC AState  : 0

12.05.2026 14:54:59 - 41995 - InvalidToolConfig
	Description : 
	Time        : 14:54:59.69
	ActionType  : Undefined
	MachineMode : Config
	MachineState: Active
	PLC Object  : FB_Configuration
	PLC Action  : A_Activate
	PLC AState  : 0

12.05.2026 14:54:59 - 41728 - No Z-axis
	Description : Z-axis is not available - Internal error (1)
	Time        : 14:54:59.69
	ActionType  : Undefined
	MachineMode : Config
	MachineState: Error
	PLC Object  : FB_MultiZRef
	PLC Action  : A_SetConfig
	PLC AState  : 0

12.05.2026 14:58:38 - 41728 - No Z-axis
	Description : Z-axis is not available - Internal error (1)
	Time        : 14:54:59.69
	ActionType  : Undefined
	MachineMode : Config
	MachineState: Error
	PLC Object  : FB_MultiZRef
	PLC Action  : A_SetConfig
	PLC AState  : 0

12.05.2026 15:05:39 - 41728 - No Z-axis
	Description : Z-axis is not available - Internal error (1)
	Time        : 14:54:59.69
	ActionType  : Undefined
	MachineMode : Config
	MachineState: Error
	PLC Object  : FB_MultiZRef
	PLC Action  : A_SetConfig
	PLC AState  : 0

12.05.2026 15:09:58 - 41995 - InvalidToolConfig
	Description : 
	Time        : 15:09:58.81
	ActionType  : Undefined
	MachineMode : Config
	MachineState: Active
	PLC Object  : FB_Configuration
	PLC Action  : A_Activate
	PLC AState  : 0

12.05.2026 15:09:58 - 41728 - No Z-axis
	Description : Z-axis is not available - Internal error (1)
	Time        : 15:09:58.81
	ActionType  : Undefined
	MachineMode : Config
	MachineState: Error
	PLC Object  : FB_MultiZRef
	PLC Action  : A_SetConfig
	PLC AState  : 0

12.05.2026 15:10:05 - 41995 - InvalidToolConfig
	Description : 
	Time        : 15:10:05.79
	ActionType  : Undefined
	MachineMode : Config
	MachineState: Active
	PLC Object  : FB_MultiZRef
	PLC Action  : A_SetConfig
	PLC AState  : 0

12.05.2026 15:10:05 - 41995 - InvalidToolConfig
	Description : 
	Time        : 15:10:05.80
	ActionType  : Undefined
	MachineMode : Config
	MachineState: Active
	PLC Object  : FB_Configuration
	PLC Action  : A_Activate
	PLC AState  : 0

12.05.2026 15:10:05 - 41728 - No Z-axis
	Description : Z-axis is not available - Internal error (1)
	Time        : 15:10:05.80
	ActionType  : Undefined
	MachineMode : Config
	MachineState: Error
	PLC Object  : FB_MultiZRef
	PLC Action  : A_SetConfig
	PLC AState  : 0

12.05.2026 15:19:51 - 41728 - No Z-axis
	Description : Z-axis is not available - Internal error (1)
	Time        : 15:10:05.80
	ActionType  : Undefined
	MachineMode : Config
	MachineState: Error
	PLC Object  : FB_MultiZRef
	PLC Action  : A_SetConfig
	PLC AState  : 0

12.05.2026 15:34:53 - 41995 - InvalidToolConfig
	Description : 
	Time        : 15:34:53.95
	ActionType  : Undefined
	MachineMode : Config
	MachineState: Active
	PLC Object  : FB_MultiZRef
	PLC Action  : A_SetConfig
	PLC AState  : 0

12.05.2026 15:34:53 - 41995 - InvalidToolConfig
	Description : 
	Time        : 15:34:53.96
	ActionType  : Undefined
	MachineMode : Config
	MachineState: Active
	PLC Object  : FB_Configuration
	PLC Action  : A_Activate
	PLC AState  : 0

12.05.2026 15:37:28 - 41995 - InvalidToolConfig
	Description : 
	Time        : 15:34:53.96
	ActionType  : Undefined
	MachineMode : Config
	MachineState: Active
	PLC Object  : FB_Configuration
	PLC Action  : A_Activate
	PLC AState  : 0

12.05.2026 15:40:47 - 41995 - InvalidToolConfig
	Description : 
	Time        : 15:34:53.96
	ActionType  : Undefined
	MachineMode : Config
	MachineState: Active
	PLC Object  : FB_Configuration
	PLC Action  : A_Activate
	PLC AState  : 0

12.05.2026 15:40:56 - 41995 - InvalidToolConfig
	Description : 
	Time        : 15:34:53.96
	ActionType  : Undefined
	MachineMode : Config
	MachineState: Active
	PLC Object  : FB_Configuration
	PLC Action  : A_Activate
	PLC AState  : 0

12.05.2026 15:44:50 - 41995 - InvalidToolConfig
	Description : 
	Time        : 15:44:50.37
	ActionType  : Undefined
	MachineMode : Config
	MachineState: Active
	PLC Object  : FB_MultiZRef
	PLC Action  : A_SetConfig
	PLC AState  : 0

12.05.2026 15:44:50 - 41995 - InvalidToolConfig
	Description : 
	Time        : 15:44:50.42
	ActionType  : Undefined
	MachineMode : Config
	MachineState: Active
	PLC Object  : FB_Configuration
	PLC Action  : A_Activate
	PLC AState  : 0

13.05.2026 08:10:29 - 41995 - InvalidToolConfig
	Description : 
	Time        : 08:10:28.20
	ActionType  : Undefined
	MachineMode : Config
	MachineState: Active
	PLC Object  : FB_MultiZRef
	PLC Action  : A_SetConfig
	PLC AState  : 0

13.05.2026 08:10:29 - 41995 - InvalidToolConfig
	Description : 
	Time        : 08:10:28.25
	ActionType  : Undefined
	MachineMode : Config
	MachineState: Active
	PLC Object  : FB_Configuration
	PLC Action  : A_Activate
	PLC AState  : 0

13.05.2026 08:12:32 - 41995 - InvalidToolConfig
	Description : 
	Time        : 08:12:31.67
	ActionType  : Undefined
	MachineMode : Config
	MachineState: Active
	PLC Object  : FB_MultiZRef
	PLC Action  : A_SetConfig
	PLC AState  : 0

13.05.2026 08:12:32 - 41995 - InvalidToolConfig
	Description : 
	Time        : 08:12:31.72
	ActionType  : Undefined
	MachineMode : Config
	MachineState: Active
	PLC Object  : FB_Configuration
	PLC Action  : A_Activate
	PLC AState  : 0

13.05.2026 08:12:50 - 41995 - InvalidToolConfig
	Description : 
	Time        : 08:12:31.72
	ActionType  : Undefined
	MachineMode : Config
	MachineState: Active
	PLC Object  : FB_Configuration
	PLC Action  : A_Activate
	PLC AState  : 0

13.05.2026 08:13:29 - 41995 - InvalidToolConfig
	Description : 
	Time        : 08:13:28.17
	ActionType  : Undefined
	MachineMode : Config
	MachineState: Active
	PLC Object  : FB_MultiZRef
	PLC Action  : A_SetConfig
	PLC AState  : 0

13.05.2026 08:13:29 - 41995 - InvalidToolConfig
	Description : 
	Time        : 08:13:28.22
	ActionType  : Undefined
	MachineMode : Config
	MachineState: Active
	PLC Object  : FB_Configuration
	PLC Action  : A_Activate
	PLC AState  : 0

13.05.2026 08:13:44 - 41995 - InvalidToolConfig
	Description : 
	Time        : 08:13:28.22
	ActionType  : Undefined
	MachineMode : Config
	MachineState: Active
	PLC Object  : FB_Configuration
	PLC Action  : A_Activate
	PLC AState  : 0

13.05.2026 08:14:51 - 41995 - InvalidToolConfig
	Description : 
	Time        : 08:14:50.02
	ActionType  : Undefined
	MachineMode : Config
	MachineState: Active
	PLC Object  : FB_MultiZRef
	PLC Action  : A_SetConfig
	PLC AState  : 0

13.05.2026 08:14:51 - 41995 - InvalidToolConfig
	Description : 
	Time        : 08:14:50.07
	ActionType  : Undefined
	MachineMode : Config
	MachineState: Active
	PLC Object  : FB_Configuration
	PLC Action  : A_Activate
	PLC AState  : 0

13.05.2026 08:15:06 - 41995 - InvalidToolConfig
	Description : 
	Time        : 08:14:50.07
	ActionType  : Undefined
	MachineMode : Config
	MachineState: Active
	PLC Object  : FB_Configuration
	PLC Action  : A_Activate
	PLC AState  : 0

13.05.2026 08:15:13 - 41995 - InvalidToolConfig
	Description : 
	Time        : 08:15:12.53
	ActionType  : Undefined
	MachineMode : Config
	MachineState: Active
	PLC Object  : FB_MultiZRef
	PLC Action  : A_SetConfig
	PLC AState  : 0

13.05.2026 08:15:13 - 41995 - InvalidToolConfig
	Description : 
	Time        : 08:15:12.58
	ActionType  : Undefined
	MachineMode : Config
	MachineState: Active
	PLC Object  : FB_Configuration
	PLC Action  : A_Activate
	PLC AState  : 0

13.05.2026 08:55:43 - 41995 - InvalidToolConfig
	Description : 
	Time        : 08:55:42.22
	ActionType  : Undefined
	MachineMode : Config
	MachineState: Active
	PLC Object  : FB_MultiZRef
	PLC Action  : A_SetConfig
	PLC AState  : 0

13.05.2026 08:55:43 - 41995 - InvalidToolConfig
	Description : 
	Time        : 08:55:42.23
	ActionType  : Undefined
	MachineMode : Config
	MachineState: Active
	PLC Object  : FB_Configuration
	PLC Action  : A_Activate
	PLC AState  : 0

13.05.2026 08:55:54 - 41995 - InvalidToolConfig
	Description : 
	Time        : 08:55:53.68
	ActionType  : Undefined
	MachineMode : Config
	MachineState: Active
	PLC Object  : FB_Configuration
	PLC Action  : A_Activate
	PLC AState  : 0

13.05.2026 08:55:59 - 41995 - InvalidToolConfig
	Description : 
	Time        : 08:55:58.30
	ActionType  : Undefined
	MachineMode : Config
	MachineState: Active
	PLC Object  : FB_MultiZRef
	PLC Action  : A_SetConfig
	PLC AState  : 0

13.05.2026 08:55:59 - 41995 - InvalidToolConfig
	Description : 
	Time        : 08:55:58.31
	ActionType  : Undefined
	MachineMode : Config
	MachineState: Active
	PLC Object  : FB_Configuration
	PLC Action  : A_Activate
	PLC AState  : 0

13.05.2026 08:56:04 - 41995 - InvalidToolConfig
	Description : 
	Time        : 08:56:03.72
	ActionType  : Undefined
	MachineMode : Config
	MachineState: Active
	PLC Object  : FB_MultiZRef
	PLC Action  : A_SetConfig
	PLC AState  : 0

13.05.2026 08:56:04 - 41995 - InvalidToolConfig
	Description : 
	Time        : 08:56:03.73
	ActionType  : Undefined
	MachineMode : Config
	MachineState: Active
	PLC Object  : FB_Configuration
	PLC Action  : A_Activate
	PLC AState  : 0

13.05.2026 08:56:19 - 41995 - InvalidToolConfig
	Description : 
	Time        : 08:56:03.73
	ActionType  : Undefined
	MachineMode : Config
	MachineState: Active
	PLC Object  : FB_Configuration
	PLC Action  : A_Activate
	PLC AState  : 0

13.05.2026 08:56:28 - 41995 - InvalidToolConfig
	Description : 
	Time        : 08:56:27.27
	ActionType  : Undefined
	MachineMode : Config
	MachineState: Active
	PLC Object  : FB_MultiZRef
	PLC Action  : A_SetConfig
	PLC AState  : 0

13.05.2026 08:56:28 - 41995 - InvalidToolConfig
	Description : 
	Time        : 08:56:27.28
	ActionType  : Undefined
	MachineMode : Config
	MachineState: Active
	PLC Object  : FB_Configuration
	PLC Action  : A_Activate
	PLC AState  : 0

13.05.2026 08:57:19 - 41995 - InvalidToolConfig
	Description : 
	Time        : 08:56:27.28
	ActionType  : Undefined
	MachineMode : Config
	MachineState: Active
	PLC Object  : FB_Configuration
	PLC Action  : A_Activate
	PLC AState  : 0

13.05.2026 08:57:27 - 41995 - InvalidToolConfig
	Description : 
	Time        : 08:57:26.96
	ActionType  : Undefined
	MachineMode : Config
	MachineState: Active
	PLC Object  : FB_MultiZRef
	PLC Action  : A_SetConfig
	PLC AState  : 0

13.05.2026 08:57:28 - 41995 - InvalidToolConfig
	Description : 
	Time        : 08:57:26.97
	ActionType  : Undefined
	MachineMode : Config
	MachineState: Active
	PLC Object  : FB_Configuration
	PLC Action  : A_Activate
	PLC AState  : 0

13.05.2026 08:57:41 - 41995 - InvalidToolConfig
	Description : 
	Time        : 08:57:40.98
	ActionType  : Undefined
	MachineMode : Config
	MachineState: Active
	PLC Object  : FB_MultiZRef
	PLC Action  : A_SetConfig
	PLC AState  : 0

13.05.2026 08:57:42 - 41995 - InvalidToolConfig
	Description : 
	Time        : 08:57:40.99
	ActionType  : Undefined
	MachineMode : Config
	MachineState: Active
	PLC Object  : FB_Configuration
	PLC Action  : A_Activate
	PLC AState  : 0

13.05.2026 08:58:18 - 41995 - InvalidToolConfig
	Description : 
	Time        : 08:57:40.99
	ActionType  : Undefined
	MachineMode : Config
	MachineState: Active
	PLC Object  : FB_Configuration
	PLC Action  : A_Activate
	PLC AState  : 0

13.05.2026 08:58:24 - 41995 - InvalidToolConfig
	Description : 
	Time        : 08:58:23.84
	ActionType  : Undefined
	MachineMode : Config
	MachineState: Active
	PLC Object  : FB_MultiZRef
	PLC Action  : A_SetConfig
	PLC AState  : 0

13.05.2026 08:58:24 - 41995 - InvalidToolConfig
	Description : 
	Time        : 08:58:23.85
	ActionType  : Undefined
	MachineMode : Config
	MachineState: Active
	PLC Object  : FB_Configuration
	PLC Action  : A_Activate
	PLC AState  : 0

13.05.2026 08:58:55 - 41995 - InvalidToolConfig
	Description : 
	Time        : 08:58:23.85
	ActionType  : Undefined
	MachineMode : Config
	MachineState: Active
	PLC Object  : FB_Configuration
	PLC Action  : A_Activate
	PLC AState  : 0

13.05.2026 08:59:00 - 41995 - InvalidToolConfig
	Description : 
	Time        : 08:58:59.68
	ActionType  : Undefined
	MachineMode : Config
	MachineState: Active
	PLC Object  : FB_MultiZRef
	PLC Action  : A_SetConfig
	PLC AState  : 0

13.05.2026 08:59:00 - 41995 - InvalidToolConfig
	Description : 
	Time        : 08:58:59.69
	ActionType  : Undefined
	MachineMode : Config
	MachineState: Active
	PLC Object  : FB_Configuration
	PLC Action  : A_Activate
	PLC AState  : 0

13.05.2026 09:01:27 - 41995 - InvalidToolConfig
	Description : 
	Time        : 08:58:59.69
	ActionType  : Undefined
	MachineMode : Config
	MachineState: Active
	PLC Object  : FB_Configuration
	PLC Action  : A_Activate
	PLC AState  : 0

13.05.2026 09:01:30 - 41995 - InvalidToolConfig
	Description : 
	Time        : 09:01:29.99
	ActionType  : Undefined
	MachineMode : Config
	MachineState: Active
	PLC Object  : FB_MultiZRef
	PLC Action  : A_SetConfig
	PLC AState  : 0

13.05.2026 09:01:31 - 41995 - InvalidToolConfig
	Description : 
	Time        : 09:01:30.00
	ActionType  : Undefined
	MachineMode : Config
	MachineState: Active
	PLC Object  : FB_Configuration
	PLC Action  : A_Activate
	PLC AState  : 0

13.05.2026 09:01:52 - 41995 - InvalidToolConfig
	Description : 
	Time        : 09:01:51.97
	ActionType  : Undefined
	MachineMode : Config
	MachineState: Active
	PLC Object  : FB_MultiZRef
	PLC Action  : A_SetConfig
	PLC AState  : 0

13.05.2026 09:01:53 - 41995 - InvalidToolConfig
	Description : 
	Time        : 09:01:51.98
	ActionType  : Undefined
	MachineMode : Config
	MachineState: Active
	PLC Object  : FB_Configuration
	PLC Action  : A_Activate
	PLC AState  : 0

13.05.2026 09:02:19 - 41995 - InvalidToolConfig
	Description : 
	Time        : 09:02:18.84
	ActionType  : Undefined
	MachineMode : Config
	MachineState: Active
	PLC Object  : FB_MultiZRef
	PLC Action  : A_SetConfig
	PLC AState  : 0

13.05.2026 09:02:19 - 41995 - InvalidToolConfig
	Description : 
	Time        : 09:02:18.85
	ActionType  : Undefined
	MachineMode : Config
	MachineState: Active
	PLC Object  : FB_Configuration
	PLC Action  : A_Activate
	PLC AState  : 0

13.05.2026 09:02:24 - 41995 - InvalidToolConfig
	Description : 
	Time        : 09:02:23.34
	ActionType  : Undefined
	MachineMode : Config
	MachineState: Active
	PLC Object  : FB_MultiZRef
	PLC Action  : A_SetConfig
	PLC AState  : 0

13.05.2026 09:02:24 - 41995 - InvalidToolConfig
	Description : 
	Time        : 09:02:23.35
	ActionType  : Undefined
	MachineMode : Config
	MachineState: Active
	PLC Object  : FB_Configuration
	PLC Action  : A_Activate
	PLC AState  : 0

13.05.2026 09:05:39 - 41995 - InvalidToolConfig
	Description : 
	Time        : 09:05:38.47
	ActionType  : Undefined
	MachineMode : Config
	MachineState: Active
	PLC Object  : FB_MultiZRef
	PLC Action  : A_SetConfig
	PLC AState  : 0

13.05.2026 09:05:39 - 41995 - InvalidToolConfig
	Description : 
	Time        : 09:05:38.48
	ActionType  : Undefined
	MachineMode : Config
	MachineState: Active
	PLC Object  : FB_Configuration
	PLC Action  : A_Activate
	PLC AState  : 0

13.05.2026 09:05:44 - 41995 - InvalidToolConfig
	Description : 
	Time        : 09:05:43.07
	ActionType  : Undefined
	MachineMode : Config
	MachineState: Active
	PLC Object  : FB_MultiZRef
	PLC Action  : A_SetConfig
	PLC AState  : 0

13.05.2026 09:06:24 - 41995 - InvalidToolConfig
	Description : 
	Time        : 09:06:23.96
	ActionType  : Undefined
	MachineMode : Config
	MachineState: Active
	PLC Object  : FB_MultiZRef
	PLC Action  : A_SetConfig
	PLC AState  : 0

13.05.2026 09:06:25 - 41995 - InvalidToolConfig
	Description : 
	Time        : 09:06:23.97
	ActionType  : Undefined
	MachineMode : Config
	MachineState: Active
	PLC Object  : FB_Configuration
	PLC Action  : A_Activate
	PLC AState  : 0

13.05.2026 09:06:25 - 41728 - No Z-axis
	Description : Z-axis is not available - Internal error (1)
	Time        : 09:06:23.97
	ActionType  : Undefined
	MachineMode : Config
	MachineState: Error
	PLC Object  : FB_MultiZRef
	PLC Action  : A_SetConfig
	PLC AState  : 0

13.05.2026 09:07:01 - 41728 - No Z-axis
	Description : Z-axis is not available - Internal error (1)
	Time        : 09:06:23.97
	ActionType  : Undefined
	MachineMode : Config
	MachineState: Error
	PLC Object  : FB_MultiZRef
	PLC Action  : A_SetConfig
	PLC AState  : 0

13.05.2026 09:07:07 - 41995 - InvalidToolConfig
	Description : 
	Time        : 09:07:06.68
	ActionType  : Undefined
	MachineMode : Config
	MachineState: Active
	PLC Object  : FB_MultiZRef
	PLC Action  : A_SetConfig
	PLC AState  : 0

13.05.2026 09:07:07 - 41995 - InvalidToolConfig
	Description : 
	Time        : 09:07:06.69
	ActionType  : Undefined
	MachineMode : Config
	MachineState: Active
	PLC Object  : FB_Configuration
	PLC Action  : A_Activate
	PLC AState  : 0

13.05.2026 09:08:22 - 41995 - InvalidToolConfig
	Description : 
	Time        : 09:07:06.69
	ActionType  : Undefined
	MachineMode : Config
	MachineState: Active
	PLC Object  : FB_Configuration
	PLC Action  : A_Activate
	PLC AState  : 0

13.05.2026 09:08:28 - 41995 - InvalidToolConfig
	Description : 
	Time        : 09:08:27.33
	ActionType  : Undefined
	MachineMode : Config
	MachineState: Active
	PLC Object  : FB_MultiZRef
	PLC Action  : A_SetConfig
	PLC AState  : 0

13.05.2026 09:08:28 - 41995 - InvalidToolConfig
	Description : 
	Time        : 09:08:27.34
	ActionType  : Undefined
	MachineMode : Config
	MachineState: Active
	PLC Object  : FB_Configuration
	PLC Action  : A_Activate
	PLC AState  : 0

13.05.2026 09:08:52 - 41995 - InvalidToolConfig
	Description : 
	Time        : 09:08:51.22
	ActionType  : Undefined
	MachineMode : Config
	MachineState: Active
	PLC Object  : FB_MultiZRef
	PLC Action  : A_SetConfig
	PLC AState  : 0

13.05.2026 09:08:52 - 41995 - InvalidToolConfig
	Description : 
	Time        : 09:08:51.23
	ActionType  : Undefined
	MachineMode : Config
	MachineState: Active
	PLC Object  : FB_Configuration
	PLC Action  : A_Activate
	PLC AState  : 0

13.05.2026 09:08:52 - 41728 - No Z-axis
	Description : Z-axis is not available - Internal error (1)
	Time        : 09:08:51.23
	ActionType  : Undefined
	MachineMode : Config
	MachineState: Error
	PLC Object  : FB_MultiZRef
	PLC Action  : A_SetConfig
	PLC AState  : 0

13.05.2026 09:10:11 - 41728 - No Z-axis
	Description : Z-axis is not available - Internal error (1)
	Time        : 09:08:51.23
	ActionType  : Undefined
	MachineMode : Config
	MachineState: Error
	PLC Object  : FB_MultiZRef
	PLC Action  : A_SetConfig
	PLC AState  : 0

13.05.2026 09:10:32 - 41728 - No Z-axis
	Description : Z-axis is not available - Internal error (1)
	Time        : 09:08:51.23
	ActionType  : Undefined
	MachineMode : Config
	MachineState: Error
	PLC Object  : FB_MultiZRef
	PLC Action  : A_SetConfig
	PLC AState  : 0

13.05.2026 09:11:37 - 41995 - InvalidToolConfig
	Description : 
	Time        : 09:11:36.03
	ActionType  : Undefined
	MachineMode : Config
	MachineState: Active
	PLC Object  : FB_MultiZRef
	PLC Action  : A_SetConfig
	PLC AState  : 0

13.05.2026 09:11:37 - 41995 - InvalidToolConfig
	Description : 
	Time        : 09:11:36.04
	ActionType  : Undefined
	MachineMode : Config
	MachineState: Active
	PLC Object  : FB_Configuration
	PLC Action  : A_Activate
	PLC AState  : 0

13.05.2026 09:18:46 - 41995 - InvalidToolConfig
	Description : 
	Time        : 09:18:46.26
	ActionType  : Undefined
	MachineMode : Config
	MachineState: Active
	PLC Object  : FB_MultiZRef
	PLC Action  : A_SetConfig
	PLC AState  : 0

13.05.2026 09:18:46 - 41995 - InvalidToolConfig
	Description : 
	Time        : 09:18:46.27
	ActionType  : Undefined
	MachineMode : Config
	MachineState: Active
	PLC Object  : FB_Configuration
	PLC Action  : A_Activate
	PLC AState  : 0

13.05.2026 09:19:07 - 41995 - InvalidToolConfig
	Description : 
	Time        : 09:18:46.27
	ActionType  : Undefined
	MachineMode : Config
	MachineState: Active
	PLC Object  : FB_Configuration
	PLC Action  : A_Activate
	PLC AState  : 0

13.05.2026 09:21:05 - 41995 - InvalidToolConfig
	Description : 
	Time        : 09:21:05.54
	ActionType  : Undefined
	MachineMode : Config
	MachineState: Active
	PLC Object  : FB_MultiZRef
	PLC Action  : A_SetConfig
	PLC AState  : 0

13.05.2026 09:21:06 - 41995 - InvalidToolConfig
	Description : 
	Time        : 09:21:05.55
	ActionType  : Undefined
	MachineMode : Config
	MachineState: Active
	PLC Object  : FB_Configuration
	PLC Action  : A_Activate
	PLC AState  : 0

13.05.2026 09:25:21 - 41995 - InvalidToolConfig
	Description : 
	Time        : 09:25:20.55
	ActionType  : Undefined
	MachineMode : Config
	MachineState: Active
	PLC Object  : FB_MultiZRef
	PLC Action  : A_SetConfig
	PLC AState  : 0

13.05.2026 09:25:21 - 41995 - InvalidToolConfig
	Description : 
	Time        : 09:25:20.60
	ActionType  : Undefined
	MachineMode : Config
	MachineState: Active
	PLC Object  : FB_Configuration
	PLC Action  : A_Activate
	PLC AState  : 0

13.05.2026 09:25:27 - 41995 - InvalidToolConfig
	Description : 
	Time        : 09:25:26.09
	ActionType  : Undefined
	MachineMode : Config
	MachineState: Active
	PLC Object  : FB_MultiZRef
	PLC Action  : A_SetConfig
	PLC AState  : 0

13.05.2026 09:25:27 - 41995 - InvalidToolConfig
	Description : 
	Time        : 09:25:26.14
	ActionType  : Undefined
	MachineMode : Config
	MachineState: Active
	PLC Object  : FB_Configuration
	PLC Action  : A_Activate
	PLC AState  : 0

13.05.2026 09:25:31 - 41995 - InvalidToolConfig
	Description : 
	Time        : 09:25:30.75
	ActionType  : Undefined
	MachineMode : Config
	MachineState: Active
	PLC Object  : FB_MultiZRef
	PLC Action  : A_SetConfig
	PLC AState  : 0

13.05.2026 09:25:32 - 41995 - InvalidToolConfig
	Description : 
	Time        : 09:25:30.80
	ActionType  : Undefined
	MachineMode : Config
	MachineState: Active
	PLC Object  : FB_Configuration
	PLC Action  : A_Activate
	PLC AState  : 0

13.05.2026 09:44:40 - 41478 - Invalid state
	Description : Command can not be executed in this state.
	Time        : 09:44:40.46
	ActionType  : DispenseDrops
	MachineMode : Manu
	MachineState: Active
	Object      : Gesim.GsTwinPiezoHolder(TwinPipetteHolder)
	PLC Object  : FB_PiezoPip
	PLC Action  : A_DispensePiezo
	PLC AState  : 0

13.05.2026 10:44:01 - 41997 - TimeoutSwivel
	Description : 
	Time        : 10:44:01.12
	ActionType  : InitDevices
	MachineMode : Init
	MachineState: Active
	Object      : Gesim.GsTwinPiezoHolder(TwinPipetteHolder)
	PLC Object  : FB_TwinPiezoHolder
	PLC Action  : A_InitSpec
	PLC AState  : 0

13.05.2026 10:48:49 - 41997 - TimeoutSwivel
	Description : 
	Time        : 10:48:48.78
	ActionType  : InitDevices
	MachineMode : Init
	MachineState: Active
	Object      : Gesim.GsTwinPiezoHolder(TwinPipetteHolder)
	PLC Object  : FB_TwinPiezoHolder
	PLC Action  : A_InitSpec
	PLC AState  : 0

13.05.2026 10:49:29 - 41997 - TimeoutSwivel
	Description : 
	Time        : 10:49:28.40
	ActionType  : InitDevices
	MachineMode : Init
	MachineState: Active
	Object      : Gesim.GsTwinPiezoHolder(TwinPipetteHolder)
	PLC Object  : FB_TwinPiezoHolder
	PLC Action  : A_InitSpec
	PLC AState  : 0

13.05.2026 10:58:45 - 41997 - TimeoutSwivel
	Description : 
	Time        : 10:58:44.45
	ActionType  : InitDevices
	MachineMode : Init
	MachineState: Active
	Object      : Gesim.GsTwinPiezoHolder(TwinPipetteHolder)
	PLC Object  : FB_TwinPiezoHolder
	PLC Action  : A_InitSpec
	PLC AState  : 0

13.05.2026 11:00:31 - 41997 - TimeoutSwivel
	Description : 
	Time        : 11:00:30.57
	ActionType  : InitDevices
	MachineMode : Init
	MachineState: Active
	Object      : Gesim.GsTwinPiezoHolder(TwinPipetteHolder)
	PLC Object  : FB_TwinPiezoHolder
	PLC Action  : A_InitSpec
	PLC AState  : 0

13.05.2026 11:01:37 - 41997 - TimeoutSwivel
	Description : 
	Time        : 11:01:36.70
	ActionType  : InitDevices
	MachineMode : Init
	MachineState: Active
	Object      : Gesim.GsTwinPiezoHolder(TwinPipetteHolder)
	PLC Object  : FB_TwinPiezoHolder
	PLC Action  : A_InitSpec
	PLC AState  : 0

13.05.2026 11:05:09 - 41997 - TimeoutSwivel
	Description : 
	Time        : 11:05:09.28
	ActionType  : InitDevices
	MachineMode : Init
	MachineState: Active
	Object      : Gesim.GsTwinPiezoHolder(TwinPipetteHolder)
	PLC Object  : FB_TwinPiezoHolder
	PLC Action  : A_InitSpec
	PLC AState  : 0

13.05.2026 11:12:33 - 41997 - TimeoutSwivel
	Description : 
	Time        : 11:12:32.98
	ActionType  : InitDevices
	MachineMode : Init
	MachineState: Active
	Object      : Gesim.GsTwinPiezoHolder(TwinPipetteHolder)
	PLC Object  : FB_TwinPiezoHolder
	PLC Action  : A_InitSpec
	PLC AState  : 0

13.05.2026 11:15:24 - 41997 - TimeoutSwivel
	Description : 
	Time        : 11:15:23.92
	ActionType  : InitDevices
	MachineMode : Init
	MachineState: Active
	Object      : Gesim.GsTwinPiezoHolder(TwinPipetteHolder)
	PLC Object  : FB_TwinPiezoHolder
	PLC Action  : A_InitSpec
	PLC AState  : 0

13.05.2026 13:55:05 -  1864 - ADS port not opened
	Description : Internal error
	Time        : 13:55:05.60
	Command     : STOP_ACTION
	Object      : Gesim.GsTwinPiezoHolder(TwinPipetteHolder)
	Action      : Dispense Drops->Dispensing On

13.05.2026 14:03:48 - 41997 - TimeoutSwivel
	Description : 
	Time        : 14:03:47.45
	ActionType  : InitDevices
	MachineMode : Init
	MachineState: Active
	Object      : Gesim.GsTwinPiezoHolder(TwinPipetteHolder)
	PLC Object  : FB_TwinPiezoHolder
	PLC Action  : A_InitSpec
	PLC AState  : 0

13.05.2026 14:39:29 - 41997 - TimeoutSwivel
	Description : 
	Time        : 14:39:28.80
	ActionType  : InitDevices
	MachineMode : Init
	MachineState: Active
	Object      : Gesim.GsTwinPiezoHolder(TwinPipetteHolder)
	PLC Object  : FB_TwinPiezoHolder
	PLC Action  : A_InitSpec
	PLC AState  : 0

13.05.2026 15:31:55 - 41997 - TimeoutSwivel
	Description : 
	Time        : 15:31:54.65
	ActionType  : InitDevices
	MachineMode : Init
	MachineState: Active
	Object      : Gesim.GsTwinPiezoHolder(TwinPipetteHolder)
	PLC Object  : FB_TwinPiezoHolder
	PLC Action  : A_InitSpec
	PLC AState  : 0

13.05.2026 15:33:36 - 41997 - TimeoutSwivel
	Description : 
	Time        : 15:33:35.97
	ActionType  : InitDevices
	MachineMode : Init
	MachineState: Active
	Object      : Gesim.GsTwinPiezoHolder(TwinPipetteHolder)
	PLC Object  : FB_TwinPiezoHolder
	PLC Action  : A_InitSpec
	PLC AState  : 0

18.05.2026 10:07:00 - 41997 - TimeoutSwivel
	Description : 
	Time        : 10:07:00.00
	ActionType  : InitDevices
	MachineMode : Init
	MachineState: Active
	Object      : Gesim.GsTwinPiezoHolder(TwinPipetteHolder)
	PLC Object  : FB_TwinPiezoHolder
	PLC Action  : A_InitSpec
	PLC AState  : 0

18.05.2026 10:14:44 - 41995 - InvalidToolConfig
	Description : 
	Time        : 10:14:44.16
	ActionType  : Undefined
	MachineMode : Config
	MachineState: Active
	PLC Object  : FB_MultiZRef
	PLC Action  : A_SetConfig
	PLC AState  : 0

18.05.2026 10:14:45 - 41995 - InvalidToolConfig
	Description : 
	Time        : 10:14:44.21
	ActionType  : Undefined
	MachineMode : Config
	MachineState: Active
	PLC Object  : FB_Configuration
	PLC Action  : A_Activate
	PLC AState  : 0

18.05.2026 10:16:02 - 41478 - Invalid state
	Description : Command can not be executed in this state.
	Time        : 10:16:02.14
	ActionType  : DispenseDrops
	MachineMode : Manu
	MachineState: Active
	Object      : Gesim.GsTwinPiezoHolder(TwinPipetteHolder)
	PLC Object  : FB_PiezoPip
	PLC Action  : A_DispensePiezo
	PLC AState  : 0

18.05.2026 10:16:23 - 41478 - Invalid state
	Description : Command can not be executed in this state.
	Time        : 10:16:22.62
	ActionType  : Dispense
	MachineMode : Manu
	MachineState: Active
	Object      : Gesim.GsTwinPiezoHolder(TwinPipetteHolder)
	PLC Object  : FB_PiezoPip
	PLC Action  : A_Dispense
	PLC AState  : 0

18.05.2026 10:16:44 - 41478 - Invalid state
	Description : Command can not be executed in this state.
	Time        : 10:16:44.18
	ActionType  : DispenseDrops
	MachineMode : Manu
	MachineState: Active
	Object      : Gesim.GsTwinPiezoHolder(TwinPipetteHolder)
	PLC Object  : FB_PiezoPip
	PLC Action  : A_DispensePiezo
	PLC AState  : 0

18.05.2026 10:48:12 - 41478 - Invalid state
	Description : Command can not be executed in this state.
	Time        : 10:48:12.26
	ActionType  : Dispense
	MachineMode : Manu
	MachineState: Active
	Object      : Gesim.GsTwinPiezoHolder(TwinPipetteHolder)
	PLC Object  : FB_PiezoPip
	PLC Action  : A_Dispense
	PLC AState  : 0

18.05.2026 10:48:19 - 41478 - Invalid state
	Description : Command can not be executed in this state.
	Time        : 10:48:18.90
	ActionType  : DispenseDrops
	MachineMode : Manu
	MachineState: Active
	Object      : Gesim.GsTwinPiezoHolder(TwinPipetteHolder)
	PLC Object  : FB_PiezoPip
	PLC Action  : A_DispensePiezo
	PLC AState  : 0

18.05.2026 11:00:21 - 41478 - Invalid state
	Description : Command can not be executed in this state.
	Time        : 11:00:21.84
	ActionType  : DispenseDrops
	MachineMode : Manu
	MachineState: Active
	Object      : Gesim.GsTwinPiezoHolder(TwinPipetteHolder)
	PLC Object  : FB_PiezoPip
	PLC Action  : A_DispensePiezo
	PLC AState  : 0

18.05.2026 11:38:15 - 41478 - Invalid state
	Description : Command can not be executed in this state.
	Time        : 11:38:15.78
	ActionType  : DispenseDrops
	MachineMode : Manu
	MachineState: Active
	Object      : Gesim.GsTwinPiezoHolder(TwinPipetteHolder)
	PLC Object  : FB_PiezoPip
	PLC Action  : A_DispensePiezo
	PLC AState  : 0

18.05.2026 12:17:35 - 41478 - Invalid state
	Description : Command can not be executed in this state.
	Time        : 12:17:35.66
	ActionType  : DispenseDrops
	MachineMode : Manu
	MachineState: Active
	Object      : Gesim.GsTwinPiezoHolder(TwinPipetteHolder)
	PLC Object  : FB_PiezoPip
	PLC Action  : A_DispensePiezo
	PLC AState  : 0

18.05.2026 13:00:31 -  1864 - ADS port not opened
	Description : Internal error
	Time        : 13:00:31.78
	Command     : STOP_ACTION
	Object      : Gesim.GsTwinPiezoHolder(TwinPipetteHolder)
	Action      : Dispense Drops->Dispensing On

18.05.2026 14:12:17 - 41478 - Invalid state
	Description : Command can not be executed in this state.
	Time        : 14:12:16.71
	ActionType  : DispenseDrops
	MachineMode : Manu
	MachineState: Active
	Object      : Gesim.GsTwinPiezoHolder(TwinPipetteHolder)
	PLC Object  : FB_PiezoPip
	PLC Action  : A_DispensePiezo
	PLC AState  : 0

18.05.2026 14:54:35 -  1864 - ADS port not opened
	Description : Internal error
	Time        : 14:54:35.95
	Command     : STOP_ACTION
	Object      : Gesim.GsTwinPiezoHolder(TwinPipetteHolder)
	Action      : Dispense Drops->Dispensing On

18.05.2026 15:34:33 - 41479 - Invalid action
	Description : Device cannot perform this action.
	Time        : 15:34:33.70
	Command     : STOP_ACTION
	Object      : Gesim.GsTwinPiezoHolder(TwinPipetteHolder)
	Action      : Dispense Drops->Dispensing On

